"","feature_id","mean","sd","Kingdom","Phylum","Class","Order","Family","Genus","Species","Feature","nonresponder_present","nonresponder_n","nonresponder_prev","nonresponder_mean","nonresponder_sd","responder_present","responder_n","responder_prev","responder_mean","responder_sd","fisher_p","lr_unadjusted_p","lr_adjusted_p","wilcox_p","fisher_padj","lr_unadjusted_padj","lr_adjusted_padj","wilcox_padj","mean_diff","prev_diff","enriched_responder_mean","enriched_responder_prev","rf_rank","rf_top20","rf_n","crossval_median","crossval_quartile_1","crossval_quartile_3","maaslin_coef","maaslin_stderr","maaslin_pval","maaslin_name","maaslin_qval","maaslin_N","maaslin_N.not.zero","maaslin_coef_adjusted","maaslin_stderr_adjusted","maaslin_pval_adjusted","maaslin_qval_adjusted","maaslin_qval_filt","maaslin_qval_adjusted_filt","country","country_clean","module"
"1","t111015",0.0640646659317269,0.115454602030476,"Bacteria","Actinobacteria","Actinomycetia","Actinomycetales","Actinomycetaceae","Actinomyces",NA,"Actinomyces",33,83,39.8,0.0682506024096386,0.491955309385476,14,49,28.6,0.00606530612244898,0.0343674722122315,0.259059516195063,0.196463584790326,0.0697965654241461,0.251303103110501,0.860554575962616,0.706192166614822,0.562142993926867,0.95933948961412,-0.0621852962871896,-11.2,FALSE,FALSE,65,0,49,0.5,0.421052631578947,0.578947368421053,-0.0035256427419088,0.00377649275734824,0.352253443259472,"dose1_shedding1",0.773093838106641,132,47,-0.00501255817295335,0.00368786045634605,0.176528831434682,0.744244004846644,0.773093838106641,0.624993114313782,"India (unexposed)","IND (neo-)","Genus"
"2","t1260",0.13998561156013,0.249670242224647,"Bacteria","Firmicutes","Tissierellia","Tissierellales","Peptoniphilaceae","Finegoldia",NA,"Finegoldia",63,83,75.9,0.00410481927710843,0.00901219909838282,37,49,75.5,0.0118918367346939,0.0402164862376877,1,0.959360965131053,0.936479196396382,0.996214347511352,1,0.988382431227164,0.963768412073396,0.996214347511352,0.00778701745758544,-0.400000000000006,TRUE,FALSE,26,0,49,0.5,0.421052631578947,0.578947368421053,0.00149008763011886,0.00121006540479994,0.220392254298049,"dose1_shedding1",0.773093838106641,132,100,0.00168181037328644,0.00120422336288409,0.165010730812836,0.744244004846644,0.773093838106641,0.624993114313782,"India (unexposed)","IND (neo-)","Genus"
"3","t1270",0.0377185952075097,0.0697833404055089,"Bacteria","Actinobacteria","Actinomycetia","Micrococcales","Micrococcaceae","Micrococcus",NA,"Micrococcus",22,83,26.5,0.000110843373493976,0.000249395389963051,11,49,22.4,0.000116326530612245,0.000315136834549368,0.680261174437312,0.603374540734856,0.63439099559057,0.633287948664882,1,0.958627877817666,0.939838511986029,0.95933948961412,5.48315711826899e-06,-4.1,TRUE,FALSE,82,0,49,0.5,0.421052631578947,0.578947368421053,-4.13237832328088e-05,0.000171014091338754,0.809440147318598,"dose1_shedding1",0.98458544120961,132,33,-4.16270431121069e-05,0.000173443772050412,0.810720989281511,0.966188728942965,0.98458544120961,0.913824840661709,"India (unexposed)","IND (neo-)","Genus"
"4","t1290",0.261798637961352,0.469145185157017,"Bacteria","Firmicutes","Bacilli","Bacillales","Staphylococcaceae","Staphylococcus",NA,"Staphylococcus",83,83,100,0.318115662650602,0.769959392100257,49,49,100,0.354251020408163,0.707473964515788,NA,NA,NA,0.503602503842475,NA,NA,NA,0.95933948961412,0.0361353577575608,0,TRUE,FALSE,2,1,49,0.5,0.421052631578947,0.578947368421053,0.00180584485634472,0.00740237500048798,0.807650414706372,"dose1_shedding1",0.98458544120961,132,132,0.00421228944918181,0.00752696438799575,0.576735576045375,0.953960624498056,0.98458544120961,0.911077451989073,"India (unexposed)","IND (neo-)","Genus"
"5","t1297617",0.0642734269053738,0.120473527973371,"Bacteria","Firmicutes","Clostridia","Eubacteriales","Peptostreptococcaceae","Intestinimonas",NA,"Intestinimonas",33,83,39.8,0.000724096385542169,0.00221659981104029,17,49,34.7,0.00616530612244898,0.0282177511434174,0.583387095281152,0.562455892238855,0.450180998390507,0.835234226429131,1,0.937426487064758,0.84342851221809,0.95933948961412,0.00544120973690681,-5.09999999999999,TRUE,FALSE,64,0,49,0.5,0.421052631578947,0.578947368421053,0.00135710478278189,0.000880379678202253,0.12562597818382,"dose1_shedding1",0.773093838106641,132,50,0.00142651796333575,0.000910513167969294,0.119708559667528,0.744244004846644,0.773093838106641,0.624993114313782,"India (unexposed)","IND (neo-)","Genus"
"6","t1316412",0.262200645378491,0.483026638979224,"Bacteria","Firmicutes","Bacilli","Lactobacillales","Streptococcaceae","Streptococcus",NA,"Streptococcus",83,83,100,5.30345421686747,6.44878917907626,49,49,100,5.33087755102041,7.8470809498465,NA,NA,NA,0.227902751370944,NA,NA,NA,0.95933948961412,0.0274233341529388,0,TRUE,FALSE,1,1,49,0.5,0.421052631578947,0.578947368421053,-0.0121507578664985,0.023520786017894,0.606315488301168,"dose1_shedding1",0.920300294742844,132,132,-0.0126704493274358,0.0240629372777357,0.599436062601361,0.953960624498056,0.920300294742844,0.911077451989073,"India (unexposed)","IND (neo-)","Genus"
"7","t1335613",0.0729456608397858,0.135145406957843,"Bacteria","Actinobacteria","Coriobacteriia","Eggerthellales","Eggerthellaceae","Gordonibacter",NA,"Gordonibacter",41,83,49.4,0.0165638554216867,0.0769482492840564,18,49,36.7,0.00781836734693878,0.0170367577298493,0.204821068383411,0.158932358336423,0.0547439089816792,0.283615429598328,0.860554575962616,0.706192166614822,0.562142993926867,0.95933948961412,-0.00874548807474797,-12.7,FALSE,FALSE,59,0,49,0.5,0.421052631578947,0.578947368421053,-0.00144139480892422,0.00184928873897128,0.437141921037398,"dose1_shedding1",0.844478711094974,132,59,-0.00271344960257432,0.00179779604885339,0.13374058793741,0.744244004846644,0.844478711094974,0.624993114313782,"India (unexposed)","IND (neo-)","Genus"
"8","t1351",0.242793756981184,0.43959051263139,"Bacteria","Firmicutes","Bacilli","Lactobacillales","Enterococcaceae","Enterococcus",NA,"Enterococcus",78,83,94,1.02099397590361,2.41506822821106,42,49,85.7,0.810295918367347,2.71471635035774,0.126934743502216,0.120877836619739,0.183676152900256,0.118841893510044,0.860554575962616,0.706192166614822,0.650415797583203,0.95933948961412,-0.210698057536267,-8.3,FALSE,FALSE,4,1,49,0.5,0.421052631578947,0.578947368421053,-0.0139586094925458,0.0144779874550915,0.336772607035554,"dose1_shedding1",0.773093838106641,132,120,-0.0119549080981475,0.0141966472877772,0.401343729229094,0.889927688237476,0.773093838106641,0.806387353519342,"India (unexposed)","IND (neo-)","Genus"
"9","t1358",0.129495944141018,0.262447268338637,"Bacteria","Firmicutes","Bacilli","Lactobacillales","Streptococcaceae","Lactococcus",NA,"Lactococcus",42,83,50.6,0.00827228915662651,0.0422889229377202,18,49,36.7,0.218908163265306,1.51724499845893,0.148890197945303,0.12371831612913,0.133956720401302,0.216656942580822,0.860554575962616,0.706192166614822,0.650415797583203,0.95933948961412,0.21063587410868,-13.9,TRUE,FALSE,30,0,49,0.5,0.421052631578947,0.578947368421053,0.00525130601167265,0.00532909058833952,0.326256227635815,"dose1_shedding1",0.773093838106641,132,60,0.00660405266949567,0.00512400353104773,0.199831717655477,0.744244004846644,0.773093838106641,0.624993114313782,"India (unexposed)","IND (neo-)","Genus"
"10","t1379",0.241675675429021,0.446451811900594,"Bacteria","Firmicutes","Bacilli","Bacillales","Paenibacillaceae","Gemella",NA,"Gemella",75,83,90.4,0.0111204819277108,0.028936350499894,41,49,83.7,0.00607142857142857,0.0158124555335343,0.279119292940347,0.260192574921963,0.243905924093701,0.113058331116892,0.860554575962616,0.800592538221424,0.650415797583203,0.95933948961412,-0.00504905335628227,-6.7,FALSE,FALSE,5,1,49,0.5,0.421052631578947,0.578947368421053,-0.00194417505592394,0.00131514673875943,0.141747626759466,"dose1_shedding1",0.773093838106641,132,116,-0.00157975792009506,0.00134231999013203,0.241477095089844,0.744244004846644,0.773093838106641,0.624993114313782,"India (unexposed)","IND (neo-)","Genus"
"11","t1382",0.11631277590475,0.216787087836956,"Bacteria","Actinobacteria","Coriobacteriia","Coriobacteriales","Atopobiaceae","Lancefieldella",NA,"Lancefieldella",24,83,28.9,0.0090144578313253,0.034983177603689,22,49,44.9,0.00452448979591837,0.00939480198949231,0.0883213831396355,0.0644093504463245,0.157197643432775,0.0922852737635943,0.860554575962616,0.706192166614822,0.650415797583203,0.95933948961412,-0.00448996803540693,16,FALSE,TRUE,34,0,49,0.5,0.421052631578947,0.578947368421053,2.78576215354574e-05,0.00140827232683583,0.984248071348961,"dose1_shedding1",0.995965310293591,132,46,-0.000619422899826924,0.00139136815966354,0.656952600140741,0.953960624498056,0.995965310293591,0.913824840661709,"India (unexposed)","IND (neo-)","Genus"
"12","t143361",0.0523202031641316,0.0976772600507406,"Bacteria","Firmicutes","Clostridia","Eubacteriales","Peptostreptococcaceae","Filifactor",NA,"Filifactor",24,83,28.9,0.00237710843373494,0.00980066355768963,14,49,28.6,0.00380408163265306,0.0172603949257599,1,0.966338656112362,0.845135875626282,0.871262705285681,1,0.988382431227164,0.963768412073396,0.95933948961412,0.00142697319891812,-0.299999999999997,TRUE,FALSE,72,0,49,0.5,0.421052631578947,0.578947368421053,9.78918222982247e-05,0.000912675523992854,0.914749594437776,"dose1_shedding1",0.995354717608051,132,38,8.98615636987128e-05,0.000925587561233164,0.922813618282911,0.977629519716986,0.995354717608051,0.951979857350111,"India (unexposed)","IND (neo-)","Genus"
"13","t1464",0.0393219074193333,0.076719724418326,"Bacteria","Firmicutes","Bacilli","Bacillales","Paenibacillaceae","Paenibacillus",NA,"Paenibacillus",6,83,7.2,0.000937349397590361,0.00394185516691321,8,49,16.3,0.0105142857142857,0.0419859103350954,0.142592258518718,0.109552784271792,0.0683779996326493,0.0849023498907871,0.860554575962616,0.706192166614822,0.562142993926867,0.95933948961412,0.00957693631669535,9.1,TRUE,TRUE,81,0,49,0.5,0.421052631578947,0.578947368421053,0.00265184169965145,0.00115099781762715,0.0228119042666038,"dose1_shedding1",0.773093838106641,132,14,0.0028104879657725,0.00118004822820737,0.0187427249732331,0.298712179260902,0.773093838106641,0.624993114313782,"India (unexposed)","IND (neo-)","Genus"
"14","t1492",0.198043000943601,0.360850270886593,"Bacteria","Firmicutes","Clostridia","Eubacteriales","Clostridiaceae","Clostridium",NA,"Clostridium",67,83,80.7,0.0895277108433735,0.372113909360854,33,49,67.3,0.0437448979591837,0.110334791772633,0.0955752800560822,0.0860799486458674,0.0682137023159825,0.297676186659884,0.860554575962616,0.706192166614822,0.562142993926867,0.95933948961412,-0.0457828128841898,-13.4,FALSE,FALSE,10,1,49,0.5,0.421052631578947,0.578947368421053,-0.00230455393153858,0.00434538159374545,0.596777088306998,"dose1_shedding1",0.920300294742844,132,100,-0.00160781435437609,0.00449246435557404,0.72102820899486,0.963408065502314,0.920300294742844,0.913824840661709,"India (unexposed)","IND (neo-)","Genus"
"15","t1496",0.174837136373902,0.320351425362227,"Bacteria","Firmicutes","Clostridia","Eubacteriales","Peptostreptococcaceae","Clostridioides",NA,"Clostridioides",63,83,75.9,0.0273771084337349,0.0921565004063557,27,49,55.1,0.0333673469387755,0.0883419053728069,0.0197652416894967,0.0143978367778989,0.0104974466999862,0.343038058592479,0.860554575962616,0.706192166614822,0.562142993926867,0.95933948961412,0.00599023850504057,-20.8,TRUE,FALSE,15,1,49,0.5,0.421052631578947,0.578947368421053,0.00122579735827454,0.00276062630934739,0.657760051344111,"dose1_shedding1",0.937039987007083,132,90,0.000796378964258013,0.00271852633053277,0.770049863122025,0.966188728942965,0.937039987007083,0.913824840661709,"India (unexposed)","IND (neo-)","Genus"
"16","t1547",0.105761509058444,0.195247870305146,"Bacteria","Firmicutes","Erysipelotrichia","Erysipelotrichales","Erysipelotrichaceae","Erysipelatoclostridium",NA,"Erysipelatoclostridium",54,83,65.1,0.117231325301205,0.576627408324603,28,49,57.1,0.172512244897959,1.06077181445726,0.457850075083415,0.365683044329338,0.283253068195225,0.647116405853185,1,0.84717268293098,0.730975659858645,0.95933948961412,0.0552809195967543,-7.99999999999999,TRUE,FALSE,42,0,49,0.5,0.421052631578947,0.578947368421053,0.000226067378255794,0.00641329222005472,0.971934606605509,"dose1_shedding1",0.995354717608051,132,82,-0.00135104554450731,0.00651692396870191,0.836102479743266,0.966188728942965,0.995354717608051,0.913824840661709,"India (unexposed)","IND (neo-)","Genus"
"17","t1550024",0.0515401911668662,0.0933153849607341,"Bacteria","Firmicutes","Clostridia","Eubacteriales","Oscillospiraceae","Ruthenibacterium",NA,"Ruthenibacterium",27,83,32.5,0.164473493975904,1.49383707000726,14,49,28.6,0.0681,0.424443117017267,0.699627160637163,0.635090969054204,0.418416622422879,0.938180102769019,1,0.958627877817666,0.82782871052018,0.972503765065447,-0.0963734939759036,-3.9,FALSE,FALSE,73,0,49,0.5,0.421052631578947,0.578947368421053,0.000607681879988486,0.00656091752713697,0.926346864047915,"dose1_shedding1",0.995354717608051,132,41,0.000880248354863967,0.00658073512474189,0.893806366017246,0.966188728942965,0.995354717608051,0.951979857350111,"India (unexposed)","IND (neo-)","Genus"
"18","t1583",0.0278544458384656,0.0529780521362355,"Bacteria","Firmicutes","Bacilli","Lactobacillales","Lactobacillaceae","Weissella",NA,"Weissella",20,83,24.1,0.000537349397590361,0.00401736204077706,9,49,18.4,0.00329591836734694,0.0225036011857332,0.517842855600217,0.443687060377206,0.512263199214839,0.589405166400989,1,0.93407802184675,0.867003824534438,0.95933948961412,0.00275856896975658,-5.7,TRUE,FALSE,84,0,49,0.5,0.421052631578947,0.578947368421053,0.000505232369947249,0.000699569714985642,0.471465902045247,"dose1_shedding1",0.879849762369129,132,29,0.000609424167687239,0.000717941705876842,0.397587946548505,0.889927688237476,0.879849762369129,0.806387353519342,"India (unexposed)","IND (neo-)","Genus"
"19","t1590",0.112753935538064,0.205550638739576,"Bacteria","Firmicutes","Bacilli","Lactobacillales","Lactobacillaceae","Lactiplantibacillus",NA,"Lactiplantibacillus",51,83,61.4,0.0172204819277108,0.0351805404880767,29,49,59.2,0.0245204081632653,0.0400057546880854,0.85461083898852,0.797222209650043,0.894861132538799,0.457037113934807,1,0.988382431227164,0.963768412073396,0.95933948961412,0.00729992623555446,-2.2,TRUE,FALSE,39,0,49,0.5,0.421052631578947,0.578947368421053,0.0022540702613116,0.00197675248970993,0.256262142023909,"dose1_shedding1",0.773093838106641,132,80,0.00246101319279248,0.00203288519390241,0.228332359256915,0.744244004846644,0.773093838106641,0.624993114313782,"India (unexposed)","IND (neo-)","Genus"
"20","t1596",0.175268083104553,0.319205697825808,"Bacteria","Firmicutes","Bacilli","Lactobacillales","Lactobacillaceae","Lactobacillus",NA,"Lactobacillus",61,83,73.5,0.965726506024096,2.40581743554895,39,49,79.6,0.744432653061224,1.33584764949509,0.52984764892039,0.430776014439636,0.412845484718709,0.437899026605074,1,0.931407598788402,0.82782871052018,0.95933948961412,-0.221293852962872,6.09999999999999,FALSE,TRUE,14,1,49,0.5,0.421052631578947,0.578947368421053,0.00555485187731952,0.0146686080431808,0.705535990217098,"dose1_shedding1",0.937039987007083,132,100,0.00674461196238253,0.0148880804518322,0.65131904228353,0.953960624498056,0.937039987007083,0.913824840661709,"India (unexposed)","IND (neo-)","Genus"
"21","t1613",0.138800945335227,0.247631597855309,"Bacteria","Firmicutes","Bacilli","Lactobacillales","Lactobacillaceae","Limosilactobacillus",NA,"Limosilactobacillus",66,83,79.5,0.300531325301205,0.702639771865185,41,49,83.7,0.231963265306122,0.480969211893148,0.649183599807109,0.556828703284378,0.391359071299862,0.728296157126724,1,0.937426487064758,0.823913834315499,0.95933948961412,-0.0685680599950824,4.2,FALSE,TRUE,27,0,49,0.5,0.421052631578947,0.578947368421053,-0.00194264532594482,0.00789619061174939,0.806052364108494,"dose1_shedding1",0.98458544120961,132,107,-0.00166184197104848,0.00809118366020127,0.83760213786899,0.966188728942965,0.98458544120961,0.913824840661709,"India (unexposed)","IND (neo-)","Genus"
"22","t161879",0.223499717115943,0.423528166808009,"Bacteria","Actinobacteria","Actinomycetia","Corynebacteriales","Corynebacteriaceae","Corynebacterium",NA,"Corynebacterium",56,83,67.5,0.0182301204819277,0.107646470533306,27,49,55.1,0.00123061224489796,0.00448503084723843,0.192473476967702,0.156876816935678,0.223084348368152,0.0492731733379998,0.860554575962616,0.706192166614822,0.650415797583203,0.95933948961412,-0.0169995082370297,-12.4,FALSE,FALSE,6,1,49,0.5,0.421052631578947,0.578947368421053,-0.00264759905818363,0.00185792748048665,0.156545465264355,"dose1_shedding1",0.773093838106641,132,83,-0.00292655574473487,0.0019233387977079,0.13063458004244,0.744244004846644,0.773093838106641,0.624993114313782,"India (unexposed)","IND (neo-)","Genus"
"23","t1624",0.148748796859035,0.272668771511299,"Bacteria","Firmicutes","Bacilli","Lactobacillales","Lactobacillaceae","Ligilactobacillus",NA,"Ligilactobacillus",67,83,80.7,0.29703734939759,1.38366861231653,37,49,75.5,0.465851020408163,2.43494235054296,0.513394539587312,0.479968611246706,0.679719254918285,0.887076881510329,1,0.936524119505768,0.963768412073396,0.95933948961412,0.168813671010573,-5.2,TRUE,FALSE,25,0,49,0.5,0.421052631578947,0.578947368421053,0.00394094288457909,0.0102079886840091,0.700079933626543,"dose1_shedding1",0.937039987007083,132,104,0.00268828712768046,0.0105419999284532,0.799136532960961,0.966188728942965,0.937039987007083,0.913824840661709,"India (unexposed)","IND (neo-)","Genus"
"24","t165179",0.149196656873139,0.285640162523433,"Bacteria","Bacteroidetes","Bacteroidia","Bacteroidales","Prevotellaceae","Prevotella",NA,"Prevotella",60,83,72.3,0.132997590361446,1.05290804557338,34,49,69.4,0.533881632653061,3.41069212188386,0.842530233571297,0.722161291889361,0.466809371291808,0.502847014542342,1,0.988382431227164,0.848744311439651,0.95933948961412,0.400884042291615,-2.89999999999999,TRUE,FALSE,24,0,49,0.5,0.421052631578947,0.578947368421053,0.00692870027790608,0.00969627765601677,0.476153989046823,"dose1_shedding1",0.879849762369129,132,94,0.0072222503951755,0.00998320031727546,0.470760970247553,0.924815313583946,0.879849762369129,0.905227014924415,"India (unexposed)","IND (neo-)","Genus"
"25","t1660",0.127986702677473,0.243482660409135,"Bacteria","Actinobacteria","Actinomycetia","Actinomycetales","Actinomycetaceae","Schaalia",NA,"Schaalia",64,83,77.1,0.00836746987951807,0.0288491201558094,31,49,63.3,0.0231,0.10455342932364,0.109218409401893,0.0894973752679977,0.10806558901967,0.475727102589575,0.860554575962616,0.706192166614822,0.62746481631273,0.95933948961412,0.0147325301204819,-13.8,TRUE,FALSE,31,0,49,0.5,0.421052631578947,0.578947368421053,0.00125213987798394,0.00195147137174897,0.522237414599264,"dose1_shedding1",0.903790504821398,132,95,0.00163604856175144,0.00197036720020642,0.407937131780373,0.893102458076895,0.903790504821398,0.806387353519342,"India (unexposed)","IND (neo-)","Genus"
"26","t166486",0.0960937193900591,0.178659787072529,"Bacteria","Firmicutes","Clostridia","Eubacteriales","Lachnospiraceae","Roseburia",NA,"Roseburia",51,83,61.4,0.0222674698795181,0.106227971729045,26,49,53.1,0.0379448979591837,0.1944115673655,0.36615284369922,0.345898639063612,0.228024355214308,0.823903559832972,1,0.84717268293098,0.650415797583203,0.95933948961412,0.0156774280796656,-8.3,TRUE,FALSE,47,0,49,0.5,0.421052631578947,0.578947368421053,0.00161734119604019,0.00279132131303586,0.563310037053337,"dose1_shedding1",0.903790504821398,132,77,0.00196491693466006,0.0028760712381156,0.49574810421329,0.94262356806297,0.903790504821398,0.905227014924415,"India (unexposed)","IND (neo-)","Genus"
"27","t1667168",0.052534213198057,0.0990375212461098,"Bacteria","Actinobacteria","Actinomycetia","Micrococcales","Dermabacteraceae","Dermabacter",NA,"Dermabacter",19,83,22.9,0.00144698795180723,0.00731885865667854,10,49,20.4,0.00644285714285714,0.028406109964818,0.829539030426465,0.739305812872402,0.79543464827169,0.850445492239566,1,0.988382431227164,0.963768412073396,0.95933948961412,0.00499586919104991,-2.5,TRUE,FALSE,70,0,49,0.5,0.421052631578947,0.578947368421053,0.00116295011770873,0.000996912236358518,0.245526808454586,"dose1_shedding1",0.773093838106641,132,29,0.00130839748444704,0.00100261292456516,0.194294276554172,0.744244004846644,0.773093838106641,0.624993114313782,"India (unexposed)","IND (neo-)","Genus"
"28","t1736",0.108752284853726,0.203516654626764,"Bacteria","Firmicutes","Clostridia","Eubacteriales","Eubacteriaceae","Eubacterium",NA,"Eubacterium",46,83,55.4,0.014421686746988,0.0936008287020235,28,49,57.1,0.0554877551020408,0.29183726460753,0.858276739218576,0.847362190171035,0.802794150923965,0.503018077883992,1,0.988382431227164,0.963768412073396,0.95933948961412,0.0410660683550529,1.7,TRUE,TRUE,40,0,49,0.5,0.421052631578947,0.578947368421053,0.00359808799936897,0.00297559344242041,0.228780520307905,"dose1_shedding1",0.773093838106641,132,74,0.00361810864947593,0.00304518737310619,0.237030865798823,0.744244004846644,0.773093838106641,0.624993114313782,"India (unexposed)","IND (neo-)","Genus"
"29","t1834196",0.0513645386703247,0.0928440858800765,"Bacteria","Firmicutes","Clostridia","Eubacteriales","Lachnospiraceae","Lachnoclostridium",NA,"Lachnoclostridium",31,83,37.3,0.00551204819277108,0.033349243592513,18,49,36.7,0.0577673469387755,0.374470510848181,1,0.943697508531812,0.887608000555128,0.781667003825646,1,0.988382431227164,0.963768412073396,0.95933948961412,0.0522552987460044,-0.599999999999994,TRUE,FALSE,74,0,49,0.5,0.421052631578947,0.578947368421053,0.00347236834846576,0.00276883298744027,0.212059306769786,"dose1_shedding1",0.773093838106641,132,49,0.00472036767136436,0.00279094326749707,0.093268177298527,0.71560996816082,0.773093838106641,0.624993114313782,"India (unexposed)","IND (neo-)","Genus"
"30","t187327",0.114081169678329,0.210783841500192,"Bacteria","Firmicutes","Negativicutes","Acidaminococcales","Acidaminococcaceae","Acidaminococcus",NA,"Acidaminococcus",45,83,54.2,0.121714457831325,0.35774759978828,21,49,42.9,0.18794693877551,0.7241776281589,0.27968023718785,0.208457972199122,0.15914596019462,0.219211927597737,0.860554575962616,0.706192166614822,0.650415797583203,0.95933948961412,0.0662324809441849,-11.3,TRUE,FALSE,37,0,49,0.5,0.421052631578947,0.578947368421053,-0.00118948968811156,0.00625600256071474,0.849499342312741,"dose1_shedding1",0.995354717608051,132,66,-0.000525666532265199,0.00631613966297474,0.933805035016076,0.980925498675711,0.995354717608051,0.951979857350111,"India (unexposed)","IND (neo-)","Genus"
"31","t197",0.0306968428451968,0.0567092835450249,"Bacteria","Proteobacteria","Epsilonproteobacteria","Campylobacterales","Campylobacteraceae","Campylobacter",NA,"Campylobacter",18,83,21.7,0.072933734939759,0.44394562243291,10,49,20.4,0.020734693877551,0.141654155650038,1,0.86219541453635,0.936078798029392,0.827855970608491,1,0.988382431227164,0.963768412073396,0.95933948961412,-0.052199041062208,-1.3,FALSE,FALSE,83,0,49,0.5,0.421052631578947,0.578947368421053,-0.00326475685034927,0.00411555358191503,0.429064347560756,"dose1_shedding1",0.844478711094974,132,28,-0.00281162620913668,0.00426237015115371,0.510698943070031,0.943636613827315,0.844478711094974,0.905227014924415,"India (unexposed)","IND (neo-)","Genus"
"32","t2003188",0.0826263163742147,0.152388394371206,"Bacteria","Actinobacteria","Coriobacteriia","Coriobacteriales","Atopobiaceae","Parolsenella",NA,"Parolsenella",43,83,51.8,0.0292590361445783,0.0892182498504467,21,49,42.9,0.0286469387755102,0.118646846604466,0.369444450780043,0.320986038597846,0.0857567260182985,0.325365236513391,1,0.84717268293098,0.62368528013308,0.95933948961412,-0.000612097369068115,-8.9,FALSE,FALSE,55,0,49,0.5,0.421052631578947,0.578947368421053,-0.00114229130125693,0.00278126397450326,0.681961791302689,"dose1_shedding1",0.937039987007083,132,64,-0.00254100831417093,0.00263106229375372,0.336022672697534,0.876192416891195,0.937039987007083,0.751629662612905,"India (unexposed)","IND (neo-)","Genus"
"33","t202956",0.181190545400121,0.328001880298373,"Bacteria","Proteobacteria","Gammaproteobacteria","Pseudomonadales","Moraxellaceae","Acinetobacter",NA,"Acinetobacter",54,83,65.1,0.0102385542168675,0.0543486841704098,28,49,57.1,0.0101244897959184,0.040783940521016,0.457850075083415,0.365683044329337,0.37368805818742,0.348562592354255,1,0.84717268293098,0.823913834315499,0.95933948961412,-0.000114064420949101,-7.99999999999999,FALSE,FALSE,13,1,49,0.5,0.421052631578947,0.578947368421053,-0.000364666191616156,0.00162153569589553,0.822418427363321,"dose1_shedding1",0.98458544120961,132,82,-0.000152674151292379,0.00159625969213219,0.923955742163897,0.977629519716986,0.98458544120961,0.951979857350111,"India (unexposed)","IND (neo-)","Genus"
"34","t208479",0.107029784291137,0.1929217469893,"Bacteria","Firmicutes","Clostridia","Eubacteriales","Lachnospiraceae","Enterocloster",NA,"Enterocloster",48,83,57.8,0.0596542168674699,0.326416246793914,27,49,55.1,0.0655428571428571,0.416832065005401,0.85600777075779,0.759757954212554,0.880011714460386,0.705224211446275,1,0.988382431227164,0.963768412073396,0.95933948961412,0.00588864027538726,-2.7,TRUE,FALSE,41,0,49,0.5,0.421052631578947,0.578947368421053,0.000364338580005433,0.00431948559714317,0.932909759698479,"dose1_shedding1",0.995354717608051,132,75,0.0018006585574362,0.00442439964084153,0.684716007210156,0.953960624498056,0.995354717608051,0.913824840661709,"India (unexposed)","IND (neo-)","Genus"
"35","t2093856",0.0433667353679094,0.0816363699865183,"Bacteria","Bacteroidetes","Bacteroidia","Bacteroidales","Odoribacteraceae","Butyricimonas",NA,"Butyricimonas",21,83,25.3,0.00201686746987952,0.0069968602588748,9,49,18.4,0.0083,0.047901196053265,0.397586934089119,0.360207260935503,0.188509000691883,0.402288951988751,1,0.84717268293098,0.650415797583203,0.95933948961412,0.00628313253012048,-6.9,TRUE,FALSE,78,0,49,0.5,0.421052631578947,0.578947368421053,0.000678911019662816,0.00114215632414763,0.553269898745733,"dose1_shedding1",0.903790504821398,132,30,0.000686046081144115,0.00118131215449848,0.562455077965823,0.953960624498056,0.903790504821398,0.911077451989073,"India (unexposed)","IND (neo-)","Genus"
"36","t2093857",0.0240711242473045,0.0446503729500275,"Bacteria","Firmicutes","Clostridia","Eubacteriales","Oscillospiraceae","Dysosmobacter",NA,"Dysosmobacter",16,83,19.3,0.00308674698795181,0.0230569008297782,7,49,14.3,0.0128448979591837,0.0662470441517471,0.635489145284203,0.466635477475359,0.453342825317224,0.575921846469206,1,0.936524119505768,0.84342851221809,0.95933948961412,0.00975815097123187,-5,TRUE,FALSE,85,0,49,0.5,0.421052631578947,0.578947368421053,0.00152229224081831,0.00143875185268864,0.291988137810467,"dose1_shedding1",0.773093838106641,132,23,0.00174495681733517,0.00147240349541688,0.238223036152705,0.744244004846644,0.773093838106641,0.624993114313782,"India (unexposed)","IND (neo-)","Genus"
"37","t2109685",0.0996374525201002,0.186559798303418,"Bacteria","Actinobacteria","Coriobacteriia","Coriobacteriales","Atopobiaceae","Olsenella",NA,"Olsenella",36,83,43.4,0.00529759036144578,0.0182407342058026,15,49,30.6,0.0194714285714286,0.085131812013293,0.195241988175848,0.147582261215663,0.0384369617033798,0.221684868101603,0.860554575962616,0.706192166614822,0.562142993926867,0.95933948961412,0.0141738382099828,-12.8,TRUE,FALSE,44,0,49,0.5,0.421052631578947,0.578947368421053,0.00138111627013105,0.00172145545494126,0.423846167787209,"dose1_shedding1",0.844478711094974,132,51,0.000694958466464011,0.0017062806194297,0.684488452355531,0.953960624498056,0.844478711094974,0.913824840661709,"India (unexposed)","IND (neo-)","Genus"
"38","t216816",0.200790362311042,0.35900467937928,"Bacteria","Actinobacteria","Actinomycetia","Bifidobacteriales","Bifidobacteriaceae","Bifidobacterium",NA,"Bifidobacterium",83,83,100,61.2429674698795,27.5426076051009,49,49,100,59.3916673469388,32.64431211249,NA,NA,NA,0.891353047544284,NA,NA,NA,0.95933948961412,-1.85130012294075,0,FALSE,FALSE,9,1,49,0.5,0.421052631578947,0.578947368421053,-0.0352671557867104,0.0649701012279278,0.58818227872409,"dose1_shedding1",0.920300294742844,132,132,-0.0384421789231514,0.0640585112723342,0.54951904756202,0.953960624498056,0.920300294742844,0.911077451989073,"India (unexposed)","IND (neo-)","Genus"
"39","t239935",0.0463936003624599,0.0884004133279565,"Bacteria","Verrucomicrobia","Verrucomicrobiae","Verrucomicrobiales","Akkermansiaceae","Akkermansia",NA,"Akkermansia",30,83,36.1,0.390265060240964,2.73147449452711,16,49,32.7,0.0608387755102041,0.41727566518646,0.709825986010942,0.684314573922374,0.594463708357954,0.606384412756069,1,0.979438490963945,0.91455955131993,0.95933948961412,-0.32942628473076,-3.4,FALSE,FALSE,75,0,49,0.5,0.421052631578947,0.578947368421053,-0.00627331188241513,0.00957142359631745,0.513354924264124,"dose1_shedding1",0.903790504821398,132,46,-0.00328451214573379,0.0094507844142516,0.72877124410903,0.963408065502314,0.903790504821398,0.913824840661709,"India (unexposed)","IND (neo-)","Genus"
"40","t2479767",0.13800207335012,0.246439572850532,"Bacteria","Firmicutes","Clostridia","Eubacteriales","Lachnospiraceae","Blautia",NA,"Blautia",68,83,81.9,0.0532807228915663,0.237891151301943,40,49,81.6,0.127720408163265,0.366053998737204,1,0.966129697078818,0.936151871587122,0.553084707491236,1,0.988382431227164,0.963768412073396,0.95933948961412,0.074439685271699,-0.300000000000011,TRUE,FALSE,28,0,49,0.5,0.421052631578947,0.578947368421053,0.00730728029494744,0.00460091060535889,0.114664739912154,"dose1_shedding1",0.773093838106641,132,108,0.00710967759107362,0.00474603304317829,0.136647745760724,0.744244004846644,0.773093838106641,0.624993114313782,"India (unexposed)","IND (neo-)","Genus"
"41","t2582419",0.0797329958882692,0.143755418151175,"Bacteria","Firmicutes","Negativicutes","Veillonellales","Veillonellaceae","Dialister",NA,"Dialister",41,83,49.4,0.0594578313253012,0.463017204842979,25,49,51,0.0174918367346939,0.0690732426388066,1,0.857037170395472,0.704670772037555,0.955827394169871,1,0.988382431227164,0.963768412073396,0.977110487387791,-0.0419659945906073,1.6,FALSE,TRUE,56,0,49,0.5,0.421052631578947,0.578947368421053,-0.00155093094398695,0.00363322354485509,0.670176766046578,"dose1_shedding1",0.937039987007083,132,66,-0.00137408021454502,0.00376107074903126,0.715472977886146,0.963408065502314,0.937039987007083,0.913824840661709,"India (unexposed)","IND (neo-)","Genus"
"42","t2714355",0.0463726905575292,0.0843608563117146,"Bacteria","Firmicutes","Clostridia","Eubacteriales","Oscillospiraceae","Oscillibacter",NA,"Oscillibacter",28,83,33.7,0.00328795180722892,0.0155030240762841,14,49,28.6,0.0180061224489796,0.106984516808437,0.567947325868093,0.538722794224829,0.384816913864598,0.648422113049987,1,0.937426487064758,0.823913834315499,0.95933948961412,0.0147181706417507,-5.1,TRUE,FALSE,76,0,49,0.5,0.421052631578947,0.578947368421053,0.00154304329020602,0.00162561932308333,0.344278454514237,"dose1_shedding1",0.773093838106641,132,42,0.00174568756701337,0.0016687891412818,0.297542547222298,0.843037217129844,0.773093838106641,0.70253101427487,"India (unexposed)","IND (neo-)","Genus"
"43","t2774055",0.0448916955550129,0.0850067966744307,"Bacteria","Proteobacteria","Gammaproteobacteria","Enterobacterales","Enterobacteriaceae","Kluyvera",NA,"Kluyvera",16,83,19.3,0.000728915662650602,0.00403132642095783,13,49,26.5,0.00385918367346939,0.0254592723643023,0.386258949262752,0.3325432278075,0.370296237295882,0.399770007818685,1,0.84717268293098,0.823913834315499,0.95933948961412,0.00313026801081879,7.2,TRUE,TRUE,77,0,49,0.5,0.421052631578947,0.578947368421053,0.000615726225863987,0.000764943663355021,0.422329679323592,"dose1_shedding1",0.844478711094974,132,29,0.000386786680361993,0.000736182444728407,0.600239262486918,0.953960624498056,0.844478711094974,0.911077451989073,"India (unexposed)","IND (neo-)","Genus"
"44","t28118",0.041945248591601,0.0785766862969827,"Bacteria","Bacteroidetes","Bacteroidia","Bacteroidales","Odoribacteraceae","Odoribacter",NA,"Odoribacter",23,83,27.7,0.00408313253012048,0.0212832913927008,12,49,24.5,0.00282448979591837,0.0101872373301975,0.838579212503188,0.685606943674761,0.624734905603252,0.743278837716827,1,0.979438490963945,0.939838511986029,0.95933948961412,-0.00125864273420211,-3.2,FALSE,FALSE,79,0,49,0.5,0.421052631578947,0.578947368421053,-0.000300606347501676,0.00102212782966674,0.769151628950994,"dose1_shedding1",0.98458544120961,132,35,-0.00023070125294603,0.00104777986423848,0.826089361066701,0.966188728942965,0.98458544120961,0.913824840661709,"India (unexposed)","IND (neo-)","Genus"
"45","t28141",0.0879234307808136,0.169201261043489,"Bacteria","Proteobacteria","Gammaproteobacteria","Enterobacterales","Enterobacteriaceae","Cronobacter",NA,"Cronobacter",34,83,41,0.00216987951807229,0.0086228671444123,24,49,49,0.00123673469387755,0.00278535559351278,0.468055906238609,0.370638048782304,0.531039842527343,0.323957563112672,1,0.84717268293098,0.867003824534438,0.95933948961412,-0.000933144824194738,8,FALSE,TRUE,50,0,49,0.5,0.421052631578947,0.578947368421053,3.83234179661759e-05,0.000684781064456591,0.955456023604971,"dose1_shedding1",0.995354717608051,132,58,-0.000149771411644994,0.000652983197624772,0.818960204685242,0.966188728942965,0.995354717608051,0.913824840661709,"India (unexposed)","IND (neo-)","Genus"
"46","t2823316",0.0754702294520878,0.140061265481933,"Bacteria","Firmicutes","Clostridia","Eubacteriales","Lachnospiraceae","Faecalicatena",NA,"Faecalicatena",34,83,41,0.00217469879518072,0.0064219107287605,18,49,36.7,0.0117714285714286,0.0435888556093565,0.713497829771496,0.631073111554902,0.581533554607563,0.781159840107001,1,0.958627877817666,0.91250941642196,0.95933948961412,0.00959672977624785,-4.3,TRUE,FALSE,58,0,49,0.5,0.421052631578947,0.578947368421053,0.00233757160807438,0.00124016977012365,0.0616783773491391,"dose1_shedding1",0.773093838106641,132,52,0.00255317779962055,0.00127221586266718,0.0469204165603507,0.506451004811434,0.773093838106641,0.624993114313782,"India (unexposed)","IND (neo-)","Genus"
"47","t2823317",0.0881222136708955,0.161402919435157,"Bacteria","Firmicutes","Negativicutes","Acidaminococcales","Acidaminococcaceae","Phascolarctobacterium",NA,"Phascolarctobacterium",33,83,39.8,0.000778313253012048,0.00193693548457546,18,49,36.7,0.00186530612244898,0.00411402838977039,0.853459567351551,0.730328959282816,0.828494307234884,0.761503242632658,1,0.988382431227164,0.963768412073396,0.95933948961412,0.00108699286943693,-3.09999999999999,TRUE,FALSE,49,0,49,0.5,0.421052631578947,0.578947368421053,0.000784663297909613,0.000534780131907826,0.144719545831092,"dose1_shedding1",0.773093838106641,132,51,0.000862337173777909,0.000546600235790608,0.117176259032848,0.744244004846644,0.773093838106641,0.624993114313782,"India (unexposed)","IND (neo-)","Genus"
"48","t287",0.116172494837735,0.221872757184605,"Bacteria","Proteobacteria","Gammaproteobacteria","Pseudomonadales","Pseudomonadaceae","Pseudomonas",NA,"Pseudomonas",43,83,51.8,0.000902409638554217,0.00166249708627028,19,49,38.8,0.00112040816326531,0.00264149417879325,0.154706334331619,0.148698204241125,0.156811485610172,0.316822654555995,0.860554575962616,0.706192166614822,0.650415797583203,0.95933948961412,0.000217998524711089,-13,TRUE,FALSE,35,0,49,0.5,0.421052631578947,0.578947368421053,-0.000162541786751516,0.000451131521381938,0.719209014102727,"dose1_shedding1",0.940504095365104,132,62,-0.000109855992183582,0.000462652311253867,0.812697784507333,0.966188728942965,0.940504095365104,0.913824840661709,"India (unexposed)","IND (neo-)","Genus"
"49","t28901",0.155327867250278,0.284855905370226,"Bacteria","Proteobacteria","Gammaproteobacteria","Enterobacterales","Enterobacteriaceae","Salmonella",NA,"Salmonella",71,83,85.5,0.0303650602409639,0.0655919563661228,42,49,85.7,0.0649163265306122,0.187430204061559,1,0.978287187788445,0.948867833696677,0.441947091614281,1,0.988382431227164,0.963768412073396,0.95933948961412,0.0345512662896484,0.200000000000003,TRUE,TRUE,20,1,49,0.5,0.421052631578947,0.578947368421053,0.004074858696083,0.00278052116641165,0.145198552762543,"dose1_shedding1",0.773093838106641,132,113,0.00413853178116038,0.0027385648016369,0.133260263210361,0.744244004846644,0.773093838106641,0.624993114313782,"India (unexposed)","IND (neo-)","Genus"
"50","t292800",0.0871193860459499,0.1575007477717,"Bacteria","Firmicutes","Clostridia","Eubacteriales","Oscillospiraceae","Flavonifractor",NA,"Flavonifractor",47,83,56.6,0.0432385542168675,0.207537140861362,22,49,44.9,0.0929918367346939,0.622668150260345,0.210941719616239,0.193669952029196,0.224427220906901,0.56424664467463,0.860554575962616,0.706192166614822,0.650415797583203,0.95933948961412,0.0497532825178264,-11.7,TRUE,FALSE,53,0,49,0.5,0.421052631578947,0.578947368421053,0.000567224308951411,0.00436368827205407,0.896777346851075,"dose1_shedding1",0.995354717608051,132,69,0.000905302648247047,0.00443450814878329,0.838568677313098,0.966188728942965,0.995354717608051,0.913824840661709,"India (unexposed)","IND (neo-)","Genus"
"51","t29466",0.261278429544263,0.472703542769749,"Bacteria","Firmicutes","Negativicutes","Veillonellales","Veillonellaceae","Veillonella",NA,"Veillonella",81,83,97.6,1.65521204819277,2.90840078479136,44,49,89.8,1.80601020408163,5.29272529284477,0.1008700589505,0.0749886341128576,0.0267935949675143,0.113487405715094,0.860554575962616,0.706192166614822,0.562142993926867,0.95933948961412,0.150798155888862,-7.8,TRUE,FALSE,3,1,49,0.5,0.421052631578947,0.578947368421053,-0.0109881908621512,0.0181605747685965,0.546195562966218,"dose1_shedding1",0.903790504821398,132,125,-0.00810332593536451,0.0185811848741059,0.663513649223127,0.953960624498056,0.903790504821398,0.913824840661709,"India (unexposed)","IND (neo-)","Genus"
"52","t328813",0.0524674585926373,0.0964202866200895,"Bacteria","Bacteroidetes","Bacteroidia","Bacteroidales","Rikenellaceae","Alistipes",NA,"Alistipes",25,83,30.1,0.00276506024096386,0.00995643478328903,15,49,30.6,0.0908040816326531,0.616615726823705,1,0.952637246513411,0.853014826502817,0.855229142002765,1,0.988382431227164,0.963768412073396,0.95933948961412,0.0880390213916892,0.5,TRUE,TRUE,71,0,49,0.5,0.421052631578947,0.578947368421053,0.00373351139113131,0.00336791486033775,0.26966982061597,"dose1_shedding1",0.773093838106641,132,40,0.00394208477644223,0.00348418201596438,0.260042925042881,0.771057510301566,0.773093838106641,0.631532817961283,"India (unexposed)","IND (neo-)","Genus"
"53","t33010",0.117852693556939,0.219881858804242,"Bacteria","Actinobacteria","Actinomycetia","Propionibacteriales","Propionibacteriaceae","Cutibacterium",NA,"Cutibacterium",40,83,48.2,0.0521361445783133,0.273793149435185,17,49,34.7,0.0242163265306122,0.13382451405189,0.148537867463345,0.132011562866119,0.235313741780342,0.0910436399332414,0.860554575962616,0.706192166614822,0.650415797583203,0.95933948961412,-0.027919818047701,-13.5,FALSE,FALSE,32,0,49,0.5,0.421052631578947,0.578947368421053,-0.00283826338270554,0.00356216052747003,0.427030742583966,"dose1_shedding1",0.844478711094974,132,57,-0.00242614196584828,0.00368224144592264,0.511187020192611,0.943636613827315,0.844478711094974,0.905227014924415,"India (unexposed)","IND (neo-)","Genus"
"54","t33038",0.153028039362255,0.27474037784035,"Bacteria","Firmicutes","Clostridia","Eubacteriales","Lachnospiraceae","Mediterraneibacter",NA,"Mediterraneibacter",58,83,69.9,0.724702409638554,3.09751828861216,29,49,59.2,1.9696387755102,6.76359025092617,0.255150379388199,0.211857649984447,0.202738323811893,0.910069500216782,0.860554575962616,0.706192166614822,0.650415797583203,0.966948843980331,1.24493636587165,-10.7,TRUE,FALSE,23,0,49,0.5,0.421052631578947,0.578947368421053,0.0299265415799669,0.018777559042993,0.113422825167152,"dose1_shedding1",0.773093838106641,132,87,0.0272495678875003,0.0193337695419262,0.161191511925574,0.744244004846644,0.773093838106641,0.624993114313782,"India (unexposed)","IND (neo-)","Genus"
"55","t34062",0.0725865326117194,0.130527464091072,"Bacteria","Proteobacteria","Gammaproteobacteria","Pseudomonadales","Moraxellaceae","Moraxella",NA,"Moraxella",32,83,38.6,0.00047710843373494,0.00258439620259765,21,49,42.9,0.000318367346938776,0.00095102433139829,0.713871993053511,0.626240409293113,0.505347022106194,0.529880389583556,1,0.958627877817666,0.867003824534438,0.95933948961412,-0.000158741086796164,4.3,FALSE,TRUE,60,0,49,0.5,0.421052631578947,0.578947368421053,2.17651102664471e-05,0.00033149096224201,0.947750790949757,"dose1_shedding1",0.995354717608051,132,53,0.000155249964313884,0.000325941929104294,0.634683816540058,0.953960624498056,0.995354717608051,0.913824840661709,"India (unexposed)","IND (neo-)","Genus"
"56","t39485",0.0402864984512139,0.0763323136661931,"Bacteria","Firmicutes","Clostridia","Eubacteriales","Lachnospiraceae","Lachnospira",NA,"Lachnospira",26,83,31.3,0.000298795180722892,0.00106582087635038,16,49,32.7,0.00694897959183673,0.0457243376225442,1,0.874280499159044,0.888655022953866,0.72162139387782,1,0.988382431227164,0.963768412073396,0.95933948961412,0.00665018441111384,1.4,TRUE,TRUE,80,0,49,0.5,0.421052631578947,0.578947368421053,0.00129554014014121,0.000919765397228315,0.161353996775259,"dose1_shedding1",0.773093838106641,132,42,0.00140765739461715,0.00094829147030194,0.140216397506239,0.744244004846644,0.773093838106641,0.624993114313782,"India (unexposed)","IND (neo-)","Genus"
"57","t39488",0.0645251435248392,0.116230530983055,"Bacteria","Firmicutes","Clostridia","Eubacteriales","Lachnospiraceae","Anaerobutyricum",NA,"Anaerobutyricum",39,83,47,0.00437228915662651,0.0193159122654633,18,49,36.7,0.0257959183673469,0.140116039646882,0.279066631938334,0.251704356317147,0.227065428859641,0.489710504970721,0.860554575962616,0.800592538221424,0.650415797583203,0.95933948961412,0.0214236292107204,-10.3,TRUE,FALSE,63,0,49,0.5,0.421052631578947,0.578947368421053,0.00232254831119935,0.00189280192933458,0.222024172275461,"dose1_shedding1",0.773093838106641,132,57,0.00268555935421773,0.00194443544946562,0.169696577515137,0.744244004846644,0.773093838106641,0.624993114313782,"India (unexposed)","IND (neo-)","Genus"
"58","t40324",0.0874975635797454,0.160742960997481,"Bacteria","Proteobacteria","Gammaproteobacteria","Xanthomonadales","Xanthomonadaceae","Stenotrophomonas",NA,"Stenotrophomonas",38,83,45.8,0.000242168674698795,0.000590188163862049,16,49,32.7,0.000310204081632653,0.000790370403133657,0.148048062297435,0.139990160353376,0.126186763174784,0.35175970843404,0.860554575962616,0.706192166614822,0.650415797583203,0.95933948961412,6.80354069338579e-05,-13.1,TRUE,FALSE,51,0,49,0.5,0.421052631578947,0.578947368421053,-4.44055866104381e-05,0.000247071726064266,0.857646335337405,"dose1_shedding1",0.995354717608051,132,54,-1.51470091329469e-05,0.000251020580152043,0.951979857350111,0.980925498675711,0.995354717608051,0.951979857350111,"India (unexposed)","IND (neo-)","Genus"
"59","t40545",0.0871267195428955,0.170900231509662,"Bacteria","Proteobacteria","Betaproteobacteria","Burkholderiales","Sutterellaceae","Sutterella",NA,"Sutterella",28,83,33.7,0.0444975903614458,0.194114953983397,11,49,22.4,0.0221938775510204,0.147047851350282,0.235976449547853,0.172324440620466,0.109806342854728,0.138683432448678,0.860554575962616,0.706192166614822,0.62746481631273,0.95933948961412,-0.0223037128104254,-11.3,FALSE,FALSE,52,0,49,0.5,0.421052631578947,0.578947368421053,-0.00374032160386785,0.00329313571502039,0.258132642508003,"dose1_shedding1",0.773093838106641,132,39,-0.00427888925539784,0.003358608506568,0.205024725710186,0.744244004846644,0.773093838106641,0.624993114313782,"India (unexposed)","IND (neo-)","Genus"
"60","t410072",0.0943223108548912,0.172817252260067,"Bacteria","Firmicutes","Clostridia","Eubacteriales","Lachnospiraceae","Coprococcus",NA,"Coprococcus",49,83,59,0.0136674698795181,0.0458428655204949,26,49,53.1,0.035430612244898,0.132095439304444,0.586109263290193,0.50346209481396,0.371633177094864,0.802177325900546,1,0.936673664770158,0.823913834315499,0.95933948961412,0.0217631423653799,-5.9,TRUE,FALSE,48,0,49,0.5,0.421052631578947,0.578947368421053,0.00221537335578773,0.00238519721831786,0.354713643366577,"dose1_shedding1",0.773093838106641,132,75,0.00218265760499251,0.00246402190205754,0.377420322743398,0.879663362624081,0.773093838106641,0.806387353519342,"India (unexposed)","IND (neo-)","Genus"
"61","t43675",0.211411301119028,0.380744901835511,"Bacteria","Actinobacteria","Actinomycetia","Micrococcales","Micrococcaceae","Rothia",NA,"Rothia",77,83,92.8,0.12305421686747,0.301481124394459,47,49,95.9,0.0550755102040816,0.078717571446417,0.709500956966044,0.469862294893339,0.387263992851176,0.529432338121755,1,0.936524119505768,0.823913834315499,0.95933948961412,-0.0679787066633882,3.10000000000001,FALSE,TRUE,8,1,49,0.5,0.421052631578947,0.578947368421053,-0.00583724371778365,0.00393773402956413,0.140657573670838,"dose1_shedding1",0.773093838106641,132,124,-0.00559143021708958,0.00393543194578128,0.157866971890379,0.744244004846644,0.773093838106641,0.624993114313782,"India (unexposed)","IND (neo-)","Genus"
"62","t437897",0.11326858417184,0.211385371440067,"Bacteria","Firmicutes","Negativicutes","Selenomonadales","Selenomonadaceae","Megamonas",NA,"Megamonas",45,83,54.2,0.0288048192771084,0.197838033596846,19,49,38.8,0.00116530612244898,0.00339218163701524,0.105657895861582,0.0879241562974093,0.053525236308419,0.199364666259387,0.860554575962616,0.706192166614822,0.562142993926867,0.95933948961412,-0.0276395131546595,-15.4,FALSE,FALSE,38,0,49,0.5,0.421052631578947,0.578947368421053,-0.00240413142046599,0.00240153519024444,0.318647349485104,"dose1_shedding1",0.773093838106641,132,64,-0.00329806876710798,0.00243907233969859,0.178758579450552,0.744244004846644,0.773093838106641,0.624993114313782,"India (unexposed)","IND (neo-)","Genus"
"63","t47715",0.117156645577028,0.212387055110135,"Bacteria","Firmicutes","Bacilli","Lactobacillales","Lactobacillaceae","Lacticaseibacillus",NA,"Lacticaseibacillus",56,83,67.5,0.0691674698795181,0.262808242765465,33,49,67.3,0.0896897959183673,0.362733859188856,1,0.988382431227164,0.845942822796279,0.748066010291455,1,0.988382431227164,0.963768412073396,0.95933948961412,0.0205223260388493,-0.200000000000003,TRUE,FALSE,33,0,49,0.5,0.421052631578947,0.578947368421053,0.000195620696809092,0.00454831328873719,0.965759948330412,"dose1_shedding1",0.995354717608051,132,89,0.00200885549377129,0.00449491476712472,0.655708101576767,0.953960624498056,0.995354717608051,0.913824840661709,"India (unexposed)","IND (neo-)","Genus"
"64","t54005",0.114241552818916,0.204737196423874,"Bacteria","Firmicutes","Tissierellia","Tissierellales","Peptoniphilaceae","Peptoniphilus",NA,"Peptoniphilus",58,83,69.9,0.00263975903614458,0.00829816229668979,34,49,69.4,0.00440408163265306,0.0133426003085305,1,0.952637246513411,0.890570018456657,0.532843464899916,1,0.988382431227164,0.963768412073396,0.95933948961412,0.00176432259650848,-0.5,TRUE,FALSE,36,0,49,0.5,0.421052631578947,0.578947368421053,0.00081030102085578,0.000825514434176575,0.328134474262812,"dose1_shedding1",0.773093838106641,132,92,0.000851916878253529,0.000833854928121611,0.308914693086065,0.84968447522805,0.773093838106641,0.709668889522041,"India (unexposed)","IND (neo-)","Genus"
"65","t545",0.154571180833141,0.275538052945275,"Bacteria","Proteobacteria","Gammaproteobacteria","Enterobacterales","Enterobacteriaceae","Citrobacter",NA,"Citrobacter",72,83,86.7,0.0591710843373494,0.256658157169206,41,49,83.7,0.0268612244897959,0.0831533067500589,0.618542733433244,0.627510912743108,0.526544238053219,0.741237084558315,1,0.958627877817666,0.867003824534438,0.95933948961412,-0.0323098598475535,-3,FALSE,FALSE,21,0,49,0.5,0.421052631578947,0.578947368421053,-0.00217224309174789,0.00335659723980225,0.518671886434986,"dose1_shedding1",0.903790504821398,132,113,-0.00188835201304061,0.00342310668527046,0.582173972162755,0.953960624498056,0.903790504821398,0.911077451989073,"India (unexposed)","IND (neo-)","Genus"
"66","t550",0.169364587309944,0.303333864617852,"Bacteria","Proteobacteria","Gammaproteobacteria","Enterobacterales","Enterobacteriaceae","Enterobacter",NA,"Enterobacter",72,83,86.7,0.725463855421687,3.47446255863559,42,49,85.7,0.1201,0.399069654007919,1,0.867369091495163,0.997520434797283,0.75739288724353,1,0.988382431227164,0.997520434797283,0.95933948961412,-0.605363855421687,-1,FALSE,FALSE,17,1,49,0.5,0.421052631578947,0.578947368421053,-0.017751848641938,0.01197585046855,0.140679539778832,"dose1_shedding1",0.773093838106641,132,114,-0.0186593930524092,0.0115056170207781,0.107373623382305,0.740007404391561,0.773093838106641,0.624993114313782,"India (unexposed)","IND (neo-)","Genus"
"67","t562",0.164355527934213,0.294782082321202,"Bacteria","Proteobacteria","Gammaproteobacteria","Enterobacterales","Enterobacteriaceae","Escherichia",NA,"Escherichia",81,83,97.6,15.1102012048193,20.5128018876939,48,49,98,14.7371469387755,19.5383678424882,NA,NA,NA,0.924948721110603,NA,NA,NA,0.970625201165447,-0.373054266043765,0.400000000000006,FALSE,TRUE,18,1,49,0.5,0.421052631578947,0.578947368421053,5.29668760289018e-05,0.0518434947519555,0.999186392578345,"dose1_shedding1",0.999186392578345,132,129,0.0117729697666303,0.0526673587670308,0.823484473512895,0.966188728942965,0.999186392578345,0.913824840661709,"India (unexposed)","IND (neo-)","Genus"
"68","t573",0.221699815747275,0.4170786045039,"Bacteria","Proteobacteria","Gammaproteobacteria","Enterobacterales","Enterobacteriaceae","Klebsiella",NA,"Klebsiella",80,83,96.4,3.5410156626506,8.84220671407923,48,49,98,6.68789591836735,18.0837292496478,NA,NA,NA,0.194410289106662,NA,NA,NA,0.95933948961412,3.14688025571674,1.59999999999999,TRUE,TRUE,7,1,49,0.5,0.421052631578947,0.578947368421053,0.0548008961754051,0.0369522309361268,0.140489381197882,"dose1_shedding1",0.773093838106641,132,128,0.0438562544310064,0.0367637781627422,0.235160031624725,0.744244004846644,0.773093838106641,0.624993114313782,"India (unexposed)","IND (neo-)","Genus"
"69","t582",0.0795382457174421,0.14604954841393,"Bacteria","Proteobacteria","Gammaproteobacteria","Enterobacterales","Morganellaceae","Morganella",NA,"Morganella",32,83,38.6,0.00367349397590361,0.0309826744831859,18,49,36.7,0.0133387755102041,0.0851675354236346,0.855006751406663,0.835083464928956,0.797960348889613,0.862658532600997,1,0.988382431227164,0.963768412073396,0.95933948961412,0.00966528153430047,-1.9,TRUE,FALSE,57,0,49,0.5,0.421052631578947,0.578947368421053,0.00143608439925756,0.00150172148762827,0.340699644635974,"dose1_shedding1",0.773093838106641,132,50,0.00134467612400772,0.00154109367160459,0.384583215257634,0.879663362624081,0.773093838106641,0.806387353519342,"India (unexposed)","IND (neo-)","Genus"
"70","t584",0.0552599853517384,0.102428808002959,"Bacteria","Proteobacteria","Gammaproteobacteria","Enterobacterales","Morganellaceae","Proteus",NA,"Proteus",22,83,26.5,0.0920325301204819,0.514354568819478,14,49,28.6,0.032,0.164168074444049,0.841111587026895,0.79689327788847,0.869426273357527,0.821801107605137,1,0.988382431227164,0.963768412073396,0.95933948961412,-0.0600325301204819,2.1,FALSE,TRUE,68,0,49,0.5,0.421052631578947,0.578947368421053,-0.00195743955253988,0.00470406877915133,0.678011078034014,"dose1_shedding1",0.937039987007083,132,36,-0.00107017487384382,0.00476734587087196,0.82275017607279,0.966188728942965,0.937039987007083,0.913824840661709,"India (unexposed)","IND (neo-)","Genus"
"71","t604330",0.162701398351974,0.327530447694159,"Bacteria","Actinobacteria","Coriobacteriia","Coriobacteriales","Atopobiaceae","Parafannyhessea",NA,"Parafannyhessea",52,83,62.7,0.00129759036144578,0.0034721531909421,22,49,44.9,0.00799183673469388,0.0367657553343614,0.069009523434285,0.0485369350540257,0.0702678742408584,0.230397600072009,0.860554575962616,0.706192166614822,0.562142993926867,0.95933948961412,0.0066942463732481,-17.8,TRUE,FALSE,19,1,49,0.5,0.421052631578947,0.578947368421053,0.00102856961157196,0.00100495697330956,0.307974105730115,"dose1_shedding1",0.773093838106641,132,74,0.00125010576645867,0.00102727001379063,0.225927149383011,0.744244004846644,0.773093838106641,0.624993114313782,"India (unexposed)","IND (neo-)","Genus"
"72","t624",0.129711389409299,0.230844834927997,"Bacteria","Proteobacteria","Gammaproteobacteria","Enterobacterales","Enterobacteriaceae","Shigella",NA,"Shigella",65,83,78.3,0.0938759036144578,0.242635735504873,36,49,73.5,0.108285714285714,0.199305332133053,0.531568364169273,0.526486425962402,0.424262214141592,0.812623444683435,1,0.937426487064758,0.82782871052018,0.95933948961412,0.0144098106712564,-4.8,TRUE,FALSE,29,0,49,0.5,0.421052631578947,0.578947368421053,0.00193104250120702,0.0042675729484353,0.651668798570981,"dose1_shedding1",0.937039987007083,132,101,0.00266453494487877,0.00438695934407738,0.544703019231853,0.953960624498056,0.937039987007083,0.911077451989073,"India (unexposed)","IND (neo-)","Genus"
"73","t649756",0.186035827149314,0.353695590971841,"Bacteria","Firmicutes","Clostridia","Eubacteriales","Lachnospiraceae","Anaerostipes",NA,"Anaerostipes",55,83,66.3,0.0051433734939759,0.0186339985155058,30,49,61.2,0.0474897959183673,0.28428988817527,0.577373898215712,0.559281504044214,0.527595779272173,0.436271800622453,1,0.937426487064758,0.867003824534438,0.95933948961412,0.0423464224243914,-5.09999999999999,TRUE,FALSE,12,1,49,0.5,0.421052631578947,0.578947368421053,0.0039762932314855,0.00239327068367551,0.0990333815879181,"dose1_shedding1",0.773093838106641,132,85,0.00437424429996278,0.00246557402044283,0.0784766066364152,0.667051156409529,0.773093838106641,0.624993114313782,"India (unexposed)","IND (neo-)","Genus"
"74","t69966",0.0537264290263723,0.102189156242854,"Bacteria","Firmicutes","Bacilli","Bacillales","Staphylococcaceae","Macrococcus",NA,"Macrococcus",17,83,20.5,0.000712048192771084,0.00411530153565403,11,49,22.4,0.0968448979591837,0.676645687090994,0.827579708937114,0.789467314875827,0.848931622739583,0.618806654260703,1,0.988382431227164,0.963768412073396,0.95933948961412,0.0961328497664126,1.9,TRUE,TRUE,69,0,49,0.5,0.421052631578947,0.578947368421053,0.00431499041846575,0.00344445176007293,0.212550387911265,"dose1_shedding1",0.773093838106641,132,28,0.00408844227356236,0.00348261887963621,0.242644385557115,0.744244004846644,0.773093838106641,0.624993114313782,"India (unexposed)","IND (neo-)","Genus"
"75","t71999",0.0635632319463749,0.115146383627883,"Bacteria","Actinobacteria","Actinomycetia","Micrococcales","Micrococcaceae","Kocuria",NA,"Kocuria",25,83,30.1,0.000130120481927711,0.000238253267455923,16,49,32.7,0.000128571428571429,0.000269258240356725,0.846166669465391,0.761339798406008,0.697734681947124,0.965615069889111,1,0.988382431227164,0.963768412073396,0.977110487387791,-1.54905335628228e-06,2.6,FALSE,TRUE,66,0,49,0.5,0.421052631578947,0.578947368421053,-9.90507820551222e-06,0.000175412999466035,0.955056333025699,"dose1_shedding1",0.995354717608051,132,41,1.24640245978488e-05,0.0001786868893069,0.944501376224458,0.980925498675711,0.995354717608051,0.951979857350111,"India (unexposed)","IND (neo-)","Genus"
"76","t729",0.153176093802459,0.287207915423519,"Bacteria","Proteobacteria","Gammaproteobacteria","Pasteurellales","Pasteurellaceae","Haemophilus",NA,"Haemophilus",63,83,75.9,0.0150722891566265,0.0760940421264036,32,49,65.3,0.382120408163265,2.6479888150396,0.230060576621657,0.192294352820597,0.196122892538195,0.347904625627551,0.860554575962616,0.706192166614822,0.650415797583203,0.95933948961412,0.367048119006639,-10.6,TRUE,FALSE,22,0,49,0.5,0.421052631578947,0.578947368421053,0.00686505910461969,0.00710399421385137,0.335655350114738,"dose1_shedding1",0.773093838106641,132,95,0.00908475320713884,0.00689646017549792,0.190145413821963,0.744244004846644,0.773093838106641,0.624993114313782,"India (unexposed)","IND (neo-)","Genus"
"77","t74426",0.189624093821752,0.344922687490543,"Bacteria","Actinobacteria","Coriobacteriia","Coriobacteriales","Coriobacteriaceae","Collinsella",NA,"Collinsella",63,83,75.9,0.658960240963855,1.5937541930267,29,49,59.2,0.380324489795918,1.34142388303291,0.0514375608824547,0.0454099875915359,0.0157925390541785,0.0300475970061135,0.860554575962616,0.706192166614822,0.562142993926867,0.95933948961412,-0.278635751167937,-16.7,FALSE,FALSE,11,1,49,0.5,0.421052631578947,0.578947368421053,-0.019188002390388,0.0118509723064245,0.10784758849327,"dose1_shedding1",0.773093838106641,132,92,-0.0223680562339812,0.0117410074632581,0.059061355990433,0.551777666434275,0.773093838106641,0.624993114313782,"India (unexposed)","IND (neo-)","Genus"
"78","t817",0.102212766010276,0.188369545077815,"Bacteria","Bacteroidetes","Bacteroidia","Bacteroidales","Bacteroidaceae","Bacteroides",NA,"Bacteroides",51,83,61.4,4.34405542168675,12.6169327937407,32,49,65.3,1.81711020408163,4.50899018481619,0.711700825341084,0.657521104995724,0.797942379468049,0.788416312672597,1,0.974105340734406,0.963768412073396,0.95933948961412,-2.52694521760511,3.9,FALSE,TRUE,43,0,49,0.5,0.421052631578947,0.578947368421053,-0.0329035695792226,0.032746110512802,0.31685570818516,"dose1_shedding1",0.773093838106641,132,83,-0.0388797996632706,0.0338527294346383,0.252956009432915,0.76335837166146,0.773093838106641,0.631532817961283,"India (unexposed)","IND (neo-)","Genus"
"79","t821",0.084225783724315,0.153071513654894,"Bacteria","Bacteroidetes","Bacteroidia","Bacteroidales","Prevotellaceae","Phocaeicola",NA,"Phocaeicola",39,83,47,0.467346987951807,2.50526711050146,27,49,55.1,0.125524489795918,0.413229433613364,0.471333288653786,0.368337151838795,0.581724752969,0.503034997472448,1,0.84717268293098,0.91250941642196,0.95933948961412,-0.341822498155889,8.1,FALSE,TRUE,54,0,49,0.5,0.421052631578947,0.578947368421053,-0.00593563635334214,0.0102501862226318,0.563539961829813,"dose1_shedding1",0.903790504821398,132,66,-0.0072758059360335,0.0105258780506397,0.490702559482151,0.94262356806297,0.903790504821398,0.905227014924415,"India (unexposed)","IND (neo-)","Genus"
"80","t823",0.0698627708144448,0.12756567863322,"Bacteria","Bacteroidetes","Bacteroidia","Bacteroidales","Tannerellaceae","Parabacteroides",NA,"Parabacteroides",34,83,41,0.83144578313253,3.90665862462306,23,49,46.9,1.18174897959184,6.55514937457322,0.586109263290194,0.503462094813958,0.740990608085811,0.672863778836009,1,0.936673664770158,0.963768412073396,0.95933948961412,0.350303196459307,5.9,TRUE,TRUE,61,0,49,0.5,0.421052631578947,0.578947368421053,0.00426819197819831,0.0180458811166111,0.813402309944226,"dose1_shedding1",0.98458544120961,132,57,0.00423432134508759,0.0179627272932688,0.814029371447944,0.966188728942965,0.98458544120961,0.913824840661709,"India (unexposed)","IND (neo-)","Genus"
"81","t83655",0.0679267813241959,0.124104146962336,"Bacteria","Proteobacteria","Gammaproteobacteria","Enterobacterales","Enterobacteriaceae","Leclercia",NA,"Leclercia",33,83,39.8,0.00253614457831325,0.0172511051488561,19,49,38.8,0.00187551020408163,0.0061961860114457,1,0.911040925252285,0.951721306922479,0.8916214079943,1,0.988382431227164,0.963768412073396,0.95933948961412,-0.000660634374231621,-1,FALSE,FALSE,62,0,49,0.5,0.421052631578947,0.578947368421053,8.20689529475294e-05,0.000805735895055915,0.919027994198469,"dose1_shedding1",0.995354717608051,132,52,7.02583557809549e-05,0.00078002897614858,0.928374587677967,0.980271303759344,0.995354717608051,0.951979857350111,"India (unexposed)","IND (neo-)","Genus"
"82","t84030",0.0601189878505398,0.117915252705178,"Bacteria","Firmicutes","Clostridia","Eubacteriales","Lachnospiraceae","Lacrimispora",NA,"Lacrimispora",35,83,42.2,0.00273614457831325,0.0159373436161682,17,49,34.7,0.00596122448979592,0.022183729175593,0.462534255367523,0.396484451748639,0.31656589661505,0.845379040176524,1,0.881076559441419,0.791414741537625,0.95933948961412,0.00322507991148267,-7.5,TRUE,FALSE,67,0,49,0.5,0.421052631578947,0.578947368421053,0.00105844589631606,0.00105147656477914,0.31598349321007,"dose1_shedding1",0.773093838106641,132,52,0.00128249053350956,0.00107758690520243,0.236242725402173,0.744244004846644,0.773093838106641,0.624993114313782,"India (unexposed)","IND (neo-)","Genus"
"83","t84112",0.0975334828345906,0.177733907243046,"Bacteria","Actinobacteria","Coriobacteriia","Eggerthellales","Eggerthellaceae","Eggerthella",NA,"Eggerthella",47,83,56.6,0.0562228915662651,0.255132252325931,22,49,44.9,0.0417673469387755,0.169436462265057,0.210941719616239,0.193669952029195,0.243423082684757,0.276725717349743,0.860554575962616,0.706192166614822,0.650415797583203,0.95933948961412,-0.0144555446274896,-11.7,FALSE,FALSE,46,0,49,0.5,0.421052631578947,0.578947368421053,-0.00143860544414187,0.00377562145141174,0.70380680266347,"dose1_shedding1",0.937039987007083,132,69,-0.00217231238741153,0.00381449668219701,0.570046587509671,0.953960624498056,0.937039987007083,0.911077451989073,"India (unexposed)","IND (neo-)","Genus"
"84","t853",0.17188179867456,0.31343174981468,"Bacteria","Firmicutes","Clostridia","Eubacteriales","Oscillospiraceae","Faecalibacterium",NA,"Faecalibacterium",76,83,91.6,0.00903614457831325,0.0286707575095944,42,49,85.7,0.596483673469388,4.08124437949317,0.38145380833845,0.296470130896336,0.103616356737196,0.473647598273564,1,0.84717268293098,0.62746481631273,0.95933948961412,0.587447528891074,-5.89999999999999,TRUE,FALSE,16,1,49,0.5,0.421052631578947,0.578947368421053,0.0119905362169381,0.0088382767325937,0.177240510018792,"dose1_shedding1",0.773093838106641,132,118,0.0130674579962787,0.00909584274394851,0.153318290265242,0.744244004846644,0.773093838106641,0.624993114313782,"India (unexposed)","IND (neo-)","Genus"
"85","t907",0.0989213745007214,0.178546943517723,"Bacteria","Firmicutes","Negativicutes","Veillonellales","Veillonellaceae","Megasphaera",NA,"Megasphaera",48,83,57.8,0.172653012048193,0.668875982587415,28,49,57.1,0.0316979591836735,0.121399050122924,1,0.938367460985541,0.936744843504058,0.675123501432878,1,0.988382431227164,0.963768412073396,0.95933948961412,-0.140955052864519,-0.699999999999996,FALSE,FALSE,45,0,49,0.5,0.421052631578947,0.578947368421053,-0.00808260506103832,0.00583735527365288,0.168536095736244,"dose1_shedding1",0.773093838106641,132,76,-0.00862125091826519,0.0059799279800408,0.151888212846621,0.744244004846644,0.773093838106641,0.624993114313782,"India (unexposed)","IND (neo-)","Genus"
