"","tax_id","mean","sd","taxonomy","group1_country","group1_present","group1_n","group1_prev","group1_mean","group1_sd","group2_country","group2_present","group2_n","group2_prev","group2_mean","group2_sd","fisher_p","fisher_padj","prev_diff","enriched_group1","rf_rank","rf_top20","fisher_col","rab.all","rab.win.Malawi","rab.win.UK","diff.btw","diff.win","effect","overlap","we.ep","we.eBH","wi.ep","wi.eBH","mean_rabund_country1","mean_rabund_country2","mean_rabund_diff","crossval_median","crossval_quartile_1","crossval_quartile_3"
"1","Abiotrophia",0.0071459607858852,0.0146820823322788,"Abiotrophia","Malawi",5,90,5.6,0,0.1,"UK",3,50,6,0,0,1,1,-0.4,FALSE,137,0,"ns",-1.04021527392591,-1.35376175591117,-0.423068223632239,1.00355872885548,5.06981800080483,0.174448453701412,0.409687500759752,0.225061194099035,0.406822127979328,0.16694440273174,0.303096453454286,0.008,0.002,0.006,0.85,0.8,0.9125
"2","Acidovorax",0.0300632122960675,0.0553056796029172,"Acidovorax","Malawi",8,90,8.9,0,0,"UK",2,50,4,0,0.1,0.494774564383944,0.595896373163144,4.9,TRUE,76,0,"ns",-0.922452885071484,-1.21491933062496,-0.380398021755918,0.816691165405333,5.23146439616791,0.129786975800906,0.429553265189353,0.344979826467955,0.526683202480807,0.266346322364131,0.424507207919574,0.006,0.028,-0.022,0.85,0.8,0.9125
"3","Acinetobacter",0.318208637853545,0.580313088102987,"Acinetobacter","Malawi",78,90,86.7,5.3,11.9,"UK",37,50,74,4.2,12.3,0.069170337267904,0.154231157421678,12.7,TRUE,4,1,"ns",10.109007919418,11.0116547012496,8.86828229703985,-2.19742136181682,7.62419656024379,-0.258039091663447,0.3558263055588,0.0201108346728716,0.09881037592991,0.00507895882297216,0.0394229121592587,5.386,4.196,1.19,0.85,0.8,0.9125
"4","Actinomyces",0.0445983366317351,0.0843311716572255,"Actinomyces","Malawi",11,90,12.2,0,0.3,"UK",12,50,24,0.3,1,0.095329957532232,0.175693890614132,-11.8,FALSE,54,0,"ns",-0.487709345141388,-1.03913810909182,0.522648706872237,1.96571010208895,7.22002396616741,0.255788223544512,0.362812501207324,0.0192873848648059,0.0751162957612959,0.030106306073646,0.0920362561551294,0.046,0.304,-0.258,0.85,0.8,0.9125
"5","Aerococcus",0.00646842182865243,0.0141805765823514,"Aerococcus","Malawi",7,90,7.8,0,0,"UK",1,50,2,0,0,0.258953077647137,0.353117833155187,5.8,TRUE,139,0,"ns",-1.04023180236154,-1.28785220900222,-0.576350199986587,0.558121127636671,5.04040291332522,0.0988597127344138,0.447812500429381,0.441542331657103,0.617590668521621,0.365112818113045,0.523641864493053,0.005,0.002,0.003,0.85,0.8,0.9125
"6","Aeromonas",0.267543164612131,0.472997580654247,"Aeromonas","Malawi",32,90,35.6,0.2,0.8,"UK",3,50,6,0,0,7.3116528756699e-05,0.00120642272448553,29.6,TRUE,7,1,"Malawi",0.118506183275231,0.610738852601241,-0.431502231982028,-2.31619555792462,6.55055473118131,-0.309302736010533,0.366250001172349,0.00291940028450133,0.0191613635650227,0.0326132330192599,0.107242373452799,0.209,0.001,0.208,0.85,0.8,0.9125
"7","Agathobacter",0.101654327234767,0.197547396686809,"Agathobacter","Malawi",30,90,33.3,0.2,0.8,"UK",2,50,4,0,0.1,3.84903370710788e-05,0.000861124678663931,29.3,TRUE,26,0,"Malawi",0.0231441026333634,0.46961862774813,-0.500283617081674,-1.77415467508044,6.85838579600536,-0.242786181070625,0.391562500926022,0.0168155274367173,0.0653812661455806,0.0773145953663806,0.183326036371564,0.235,0.011,0.224,0.85,0.8,0.9125
"8","Akkermansia",0.0105286940368163,0.025693708223487,"Akkermansia","Malawi",10,90,11.1,0.1,0.3,"UK",1,50,2,0,0,0.0968978427023397,0.175693890614132,9.1,TRUE,129,0,"ns",-0.768756661229531,-0.891306202488725,-0.540291772908335,0.195889975579659,5.43659752949976,0.0317679830819425,0.479850047024501,0.499176505847802,0.683700605559493,0.520445403753715,0.680810817726474,0.062,0.001,0.061,0.85,0.8,0.9125
"9","Alicyclobacillus",0.0263358941068378,0.0515188364928103,"Alicyclobacillus","Malawi",0,90,0,0,0,"UK",4,50,8,0,0.1,0.0150232083454151,0.0538875951520323,-8,FALSE,82,0,"ns",-1.1469462181702,-1.57057342147524,-0.334531592191222,1.34878726211267,4.72327220818162,0.239747492927764,0.370509216998895,0.0636551503802916,0.148119552274264,0.0670562931391892,0.143894678958355,0,0.017,-0.017,0.85,0.8,0.9125
"10","Alloprevotella",0.0467357410305091,0.097854064993712,"Alloprevotella","Malawi",17,90,18.9,0.2,0.7,"UK",4,50,8,0,0,0.136539363198174,0.22756560533029,10.9,TRUE,51,0,"ns",-0.514321379958746,-0.681454191570225,-0.251665750990275,0.154071192990562,6.2149626401796,0.0215104415236027,0.488284911060654,0.574642628516785,0.737677951238862,0.561111655311357,0.719464553232638,0.171,0.006,0.165,0.85,0.8,0.9125
"11","Allorhizobium-Neorhizobium-Pararhizobium-Rhizobium",0.0290309748308097,0.0524824250480812,"Allorhizobium-Neorhizobium-Pararhizobium-Rhizobium","Malawi",8,90,8.9,0.1,0.5,"UK",8,50,16,0.2,1.2,0.268065393888881,0.362187200170098,-7.1,FALSE,77,0,"ns",-0.677091238860587,-1.12410288518166,0.18718434127911,1.44591455402474,6.00016374863004,0.208725827228719,0.384375000994121,0.128717611691312,0.274435641224421,0.0853679938043604,0.187391085742874,0.09,0.18,-0.09,0.85,0.8,0.9125
"12","Amaricoccus",0.013095023857592,0.0272249917397779,"Amaricoccus","Malawi",0,90,0,0,0,"UK",3,50,6,0,0.2,0.0437910541132312,0.116540708527147,-6,FALSE,116,0,"ns",-1.1539482481637,-1.59027572026151,-0.313314441091478,1.28415310379592,4.82251063975735,0.226483438553067,0.369884412256615,0.064086913159539,0.147893597399768,0.0611828639932696,0.136632403200789,0,0.037,-0.037,0.85,0.8,0.9125
"13","Anaerococcus",0.0869720980458889,0.172626695100399,"Anaerococcus","Malawi",35,90,38.9,0.9,3.9,"UK",12,50,24,0.1,0.9,0.0932010838677922,0.175693890614132,14.9,TRUE,29,0,"ns",0.623328607716031,0.646878009211072,0.605037105732773,-0.722872608913453,8.29298257145534,-0.0878387939606923,0.45843750034059,0.265091224215039,0.483180014005487,0.47154936535624,0.649734884440733,0.935,0.138,0.797,0.85,0.8,0.9125
"14","Anaerostipes",0.0187751023117449,0.0441005147613265,"Anaerostipes","Malawi",9,90,10,0,0.1,"UK",1,50,2,0,0,0.0961436202241155,0.175693890614132,8,TRUE,99,0,"ns",-0.893283623993909,-1.06083772467765,-0.569518890745062,0.336487196575725,5.0967751240093,0.0583200539366079,0.470625000239882,0.559826942799987,0.721597698384449,0.497967776985256,0.653702291868288,0.019,0,0.019,0.85,0.8,0.9125
"15","Aquabacterium",0.0373579535702057,0.0735160866663326,"Aquabacterium","Malawi",9,90,10,0.3,1.3,"UK",1,50,2,0.1,0.6,0.0961436202241155,0.175693890614132,8,TRUE,65,0,"ns",-0.967146766258452,-1.24696729432444,-0.483681611129828,0.552935965288971,5.41541065670642,0.0795569115662655,0.450312500408391,0.599525791329752,0.767711030292533,0.361010534015907,0.521182459821313,0.279,0.079,0.2,0.85,0.8,0.9125
"16","Bacillus",0.0691394123061228,0.139313142789284,"Bacillus","Malawi",18,90,20,1,5.1,"UK",8,50,16,0,0.1,0.653576395412175,0.733606158115707,4,TRUE,36,0,"ns",-0.414566928973048,-0.71799374880052,0.0801904959875941,0.524900392867621,7.23514988616116,0.0624884567495684,0.466416745041629,0.651679360540766,0.799700970958641,0.451274289332273,0.611803680111215,0.98,0.016,0.964,0.85,0.8,0.9125
"17","Bacteroides",0.0864002274842819,0.157901614337607,"Bacteroides","Malawi",39,90,43.3,0.7,3.6,"UK",13,50,26,0.1,0.2,0.0465092614637193,0.11896047280046,17.3,TRUE,31,0,"ns",1.15347290028418,1.94623587657983,0.555773550366103,-1.48638597693556,8.36428845107525,-0.16870233097369,0.422055608272324,0.142199249964834,0.313431178175684,0.196209491934823,0.366170795014025,0.713,0.056,0.657,0.85,0.8,0.9125
"18","Bergeyella",0.0623158821192387,0.127974977961234,"Bergeyella","Malawi",22,90,24.4,0.2,1.5,"UK",12,50,24,0.1,0.3,1,1,0.399999999999999,TRUE,38,0,"ns",-0.134621764058936,-0.459627562605507,0.415721095351779,0.727857323567857,8.09243330189472,0.0818000619616325,0.45218750039269,0.496879485367229,0.683156687190274,0.373584220856383,0.541653015268564,0.205,0.098,0.107,0.85,0.8,0.9125
"19","Bifidobacterium",0.732465386558144,1.25039061067705,"Bifidobacterium","Malawi",73,90,81.1,2.9,6.5,"UK",15,50,30,0.1,0.2,4.25501841290986e-09,3.51039019065063e-07,51.1,TRUE,2,1,"Malawi",7.37078926226905,8.72852479142513,0.830452718638123,-7.03985298601733,7.55828026539104,-0.830079798178933,0.190877854741229,2.16939906020363e-09,1.69547626036868e-07,6.32518222232679e-09,6.08478531102405e-07,2.923,0.083,2.84,0.85,0.8,0.9125
"20","Blautia",0.0722985857677203,0.14350625871385,"Blautia","Malawi",34,90,37.8,0.3,0.7,"UK",10,50,20,0,0.1,0.0367797049442719,0.099486087144342,17.8,TRUE,34,0,"ns",0.524841578872511,0.779875133227805,0.192953604403771,-1.08323555033466,7.62611862766476,-0.135677649777286,0.432677288905032,0.189542698539908,0.386479758309438,0.272742785119152,0.454620008680661,0.268,0.031,0.237,0.85,0.8,0.9125
"21","Brachybacterium",0.293019886047843,0.535569445304559,"Brachybacterium","Malawi",36,90,40,0.2,0.6,"UK",1,50,2,0,0,1.59635858438913e-07,8.77997221414022e-06,38,TRUE,6,1,"Malawi",0.253241789642656,0.955206958257012,-0.501366003554018,-2.73709134000286,7.06830650574316,-0.361519427758892,0.353125001308151,0.00133562935779878,0.0111167788618017,0.0161085695136612,0.0683110656820523,0.252,0.006,0.246,0.85,0.8,0.9125
"22","Bradyrhizobium",0.0120302970604062,0.0295566848262694,"Bradyrhizobium","Malawi",10,90,11.1,0.1,0.3,"UK",1,50,2,0,0,0.0968978427023397,0.175693890614132,9.1,TRUE,125,0,"ns",-0.879019312740352,-1.04906550449652,-0.608899910009757,0.196914566717561,5.30518349188326,0.0323893821244774,0.484375000127281,0.523437578798433,0.708489467104773,0.54598888687996,0.696074455897506,0.089,0.001,0.088,0.85,0.8,0.9125
"23","Brevibacterium",0.100035021326203,0.194202597642443,"Brevibacterium","Malawi",26,90,28.9,0.1,0.4,"UK",3,50,6,0,0,0.00101271531782322,0.00879463302320164,22.9,TRUE,27,0,"Malawi",-0.151961882480011,0.0618147911655491,-0.454551800088156,-1.23498924444551,6.67490085411839,-0.185282234855654,0.411121525270015,0.0653733923052682,0.183540293784459,0.215340690853906,0.376894079610917,0.141,0.005,0.136,0.85,0.8,0.9125
"24","Brevundimonas",0.0516905527960922,0.098609893944804,"Brevundimonas","Malawi",28,90,31.1,0.1,0.3,"UK",10,50,20,0.1,0.3,0.171246894390547,0.252283371200359,11.1,TRUE,47,0,"ns",0.18356489833862,0.124257115503134,0.252841746886427,-0.146243795417251,7.25800287447039,-0.0174902301538324,0.491408934777795,0.611151923963486,0.774966188836916,0.626317915096018,0.770748711951207,0.083,0.063,0.02,0.85,0.8,0.9125
"25","Burkholderia-Caballeronia-Paraburkholderia",0.0175818554921653,0.0369484395898469,"Burkholderia-Caballeronia-Paraburkholderia","Malawi",10,90,11.1,0,0.2,"UK",1,50,2,0,0,0.0968978427023397,0.175693890614132,9.1,TRUE,102,0,"ns",-0.933504767847719,-1.08541876155354,-0.645897534282716,0.332996441440605,5.13085532025101,0.052220645264845,0.473125000219343,0.545772700110417,0.715224945907692,0.465930206053207,0.632905961255346,0.038,0,0.038,0.85,0.8,0.9125
"26","Buttiauxella",0.0103027538938396,0.0280075526692599,"Buttiauxella","Malawi",6,90,6.7,0,0,"UK",0,50,0,0,0,0.088383936301484,0.175693890614132,6.7,TRUE,131,0,"ns",-1.14910929477909,-1.42042828286561,-0.652094467689436,0.638877485361089,4.92542895570712,0.111748147889728,0.440625000490106,0.409227655378708,0.5900243331378,0.30405066079801,0.458518960782432,0.006,0,0.006,0.85,0.8,0.9125
"27","Butyrivibrio",0.00196344741125838,0.0059765795442893,"Butyrivibrio","Malawi",7,90,7.8,0,0.2,"UK",0,50,0,0,0,0.0501212323467007,0.11896047280046,7.8,TRUE,161,0,"ns",-0.989259272610211,-1.1729413420865,-0.661108642208552,0.392480739282305,4.65288119273562,0.0746336772142652,0.45843750034059,0.5082519911198,0.684533889934382,0.397106921407647,0.554044582516578,0.047,0,0.047,0.85,0.8,0.9125
"28","CAG-56",0.00230401003427381,0.00680155860475294,"CAG-56","Malawi",6,90,6.7,0,0.1,"UK",0,50,0,0,0,0.088383936301484,0.175693890614132,6.7,TRUE,160,0,"ns",-1.07811308681824,-1.32143645460731,-0.690493571577785,0.420914055993299,4.6755915013047,0.0784635170716641,0.458606685749782,0.440458118724992,0.625509429510374,0.36585037682541,0.524073223814918,0.011,0,0.011,0.85,0.8,0.9125
"29","Catenibacterium",0.0123618149327926,0.0269831270229563,"Catenibacterium","Malawi",14,90,15.6,0,0.1,"UK",1,50,2,0,0,0.0193925913267785,0.0603731616777065,13.6,TRUE,121,0,"ns",-0.626316854600763,-0.682542397500471,-0.541312868040938,-0.117915298292735,5.4210865542297,-0.021836342107565,0.489062500089052,0.516939563480183,0.688720891010093,0.556127155566053,0.710627634518868,0.03,0.004,0.026,0.85,0.8,0.9125
"30","Caulobacter",0.0154532634270973,0.0315838815986029,"Caulobacter","Malawi",6,90,6.7,0.1,0.3,"UK",1,50,2,0,0,0.421360677931723,0.514996384138773,4.7,TRUE,105,0,"ns",-1.06077464809946,-1.34223695965501,-0.546246188685847,0.706427325528511,5.07091905847737,0.123273607097038,0.432187500562201,0.501569759049099,0.674578500262966,0.298850706293669,0.45453366449384,0.063,0.005,0.058,0.85,0.8,0.9125
"31","Christensenellaceae_R-7_group",0.00272956426497426,0.0076929465444766,"Christensenellaceae_R-7_group","Malawi",6,90,6.7,0,0.1,"UK",0,50,0,0,0,0.088383936301484,0.175693890614132,6.7,TRUE,157,0,"ns",-1.03216013311016,-1.24669818227704,-0.660237649985371,0.374755201014169,4.75669403428294,0.0694087102874453,0.461875000312076,0.503266141039627,0.680344214708653,0.444869992903292,0.592044296395122,0.016,0,0.016,0.85,0.8,0.9125
"32","Chryseobacterium",0.0326475636441516,0.061757402289469,"Chryseobacterium","Malawi",26,90,28.9,0.2,1.2,"UK",8,50,16,1.1,5.1,0.102675134181943,0.184145621087181,12.9,TRUE,72,0,"ns",0.0533231130234642,-0.0692265768189415,0.257042716797363,0.106898358872317,7.73624662678526,0.0115812139949434,0.492970946636372,0.67030887610633,0.815790810617233,0.626162444571835,0.765131764576485,0.257,1.127,-0.87,0.85,0.8,0.9125
"33","Chryseomicrobium",0.00346037437861606,0.00856492366413101,"Chryseomicrobium","Malawi",6,90,6.7,0,0.1,"UK",0,50,0,0,0,0.088383936301484,0.175693890614132,6.7,TRUE,152,0,"ns",-1.02972266208602,-1.26648932976402,-0.59679965221043,0.517879415494969,4.87950749298724,0.0872713982778596,0.452358638316663,0.4902907126812,0.662205839385632,0.349497828914085,0.504283651218462,0.017,0,0.017,0.85,0.8,0.9125
"34","Citricoccus",0.0476631349069303,0.095254148556191,"Citricoccus","Malawi",19,90,21.1,0.2,1,"UK",1,50,2,0,0,0.00177192350362719,0.0131928880879878,19.1,TRUE,50,0,"Malawi",-0.548838338477534,-0.59348925307364,-0.471629140471146,-0.317157305469877,5.82274634402967,-0.0517524101422054,0.471250000234745,0.306493168452823,0.486130629114518,0.543584634883604,0.691073399762641,0.157,0.002,0.155,0.85,0.8,0.9125
"35","Cloacibacterium",0.0432435557338859,0.0849637276323464,"Cloacibacterium","Malawi",14,90,15.6,0.2,0.5,"UK",2,50,4,0,0,0.0514285833105622,0.119517130228771,11.6,TRUE,55,0,"ns",-0.720525781515723,-0.88540538104823,-0.454577979969324,0.30989464389897,5.84659449383089,0.0476090350303878,0.476875000188595,0.470345554246625,0.64908211028573,0.561652231752151,0.709394127524015,0.158,0.002,0.156,0.85,0.8,0.9125
"36","Clostridium_sensu_stricto_1",0.0206948368560049,0.0382265297730342,"Clostridium_sensu_stricto_1","Malawi",14,90,15.6,0.1,0.8,"UK",7,50,14,0,0.1,1,1,1.6,TRUE,93,0,"ns",-0.517977448967548,-0.759804859903028,-0.0464895690246543,0.617668330526551,6.15459992515982,0.100388693083497,0.454233052546561,0.488579228668939,0.669469500971348,0.354253514873579,0.516633725192143,0.156,0.02,0.136,0.85,0.8,0.9125
"37","Collinsella",0.172319583810383,0.314279955909387,"Collinsella","Malawi",39,90,43.3,0.6,1.4,"UK",6,50,12,0,0,0.000128594264072597,0.00192891396108895,31.3,TRUE,16,1,"Malawi",0.615998940675899,1.57548563484524,-0.218811055463439,-2.73774468469557,7.79716840088394,-0.356606797775177,0.354576696074892,0.00156718256687603,0.0108913588321464,0.0126689296986758,0.0556098666116287,0.586,0.009,0.577,0.85,0.8,0.9125
"38","Comamonas",0.020554431180549,0.0375676327658694,"Comamonas","Malawi",18,90,20,0,0.2,"UK",11,50,22,0.2,1.6,0.82918971748231,0.88268582828762,-2,FALSE,95,0,"ns",-0.172483742417839,-0.440096422986189,0.321557238289877,0.566971585110704,6.32530563764099,0.0847748565386489,0.459856295236445,0.436307502432206,0.625637823214304,0.392567841257822,0.566051302292355,0.038,0.24,-0.202,0.85,0.8,0.9125
"39","Coprococcus_1",0.00592887833721458,0.0131172399729994,"Coprococcus_1","Malawi",9,90,10,0,0.1,"UK",0,50,0,0,0,0.0264237022979064,0.0764896645465711,10,TRUE,144,0,"ns",-0.976427894764273,-1.10844531958722,-0.722789575628981,0.216274249668508,4.85572013846532,0.0360465527989231,0.480625000157911,0.523548940791752,0.684898435576041,0.469616737463321,0.617328392013212,0.029,0,0.029,0.85,0.8,0.9125
"40","Coprococcus_2",0.00309913774542668,0.00808039617347971,"Coprococcus_2","Malawi",7,90,7.8,0,0.2,"UK",1,50,2,0,0,0.258953077647137,0.353117833155187,5.8,TRUE,154,0,"ns",-0.984265618800805,-1.23060553960668,-0.562850720156195,0.525978009217399,4.90233368685536,0.0931728275373635,0.44923461460024,0.485782529878417,0.659352100336921,0.375401599355628,0.540350060747404,0.036,0.005,0.031,0.85,0.8,0.9125
"41","Coprococcus_3",0.00293533136573449,0.00714045855585729,"Coprococcus_3","Malawi",6,90,6.7,0,0.1,"UK",1,50,2,0,0,0.421360677931723,0.514996384138773,4.7,TRUE,155,0,"ns",-0.986053867580576,-1.25303706558426,-0.551990201208321,0.600569761111487,4.7604365500831,0.110748790325782,0.43531250053539,0.441094295437083,0.609900727334299,0.327711082331884,0.480638670105307,0.01,0.001,0.009,0.85,0.8,0.9125
"42","Corynebacterium",0.0181681306246719,0.0352269319875368,"Corynebacterium","Malawi",8,90,8.9,0,0.1,"UK",7,50,14,0,0.1,0.397867098075495,0.508899776608191,-5.1,FALSE,101,0,"ns",-0.811296226400254,-1.18402403194472,-0.0594400326691282,1.23247293756856,6.27776917209911,0.17729085482327,0.401250000836248,0.112452226724654,0.254566538619605,0.11424062703704,0.234567721779996,0.017,0.031,-0.014,0.85,0.8,0.9125
"43","Corynebacterium_1",0.215226195699362,0.394134319927141,"Corynebacterium_1","Malawi",81,90,90,2.2,3.6,"UK",35,50,70,1.5,3.3,0.00436888595289069,0.0206035199969363,20,TRUE,10,1,"Malawi",9.99732369847431,10.3612759496966,8.19731300791153,-1.46216598616103,6.94553374847664,-0.188046708079906,0.406562500787912,0.0297924996509285,0.127981279168848,0.0698012651494212,0.21486085306766,2.195,1.465,0.73,0.85,0.8,0.9125
"44","Cutibacterium",0.195865100180634,0.366326778755527,"Cutibacterium","Malawi",69,90,76.7,0.5,0.8,"UK",43,50,86,1.3,4.7,0.269994094672255,0.362187200170098,-9.3,FALSE,14,1,"ns",8.26135288001804,7.94850960552366,8.87894191887681,1.15611875187564,6.29293148085653,0.176877373287163,0.389687500943658,0.0360974949597632,0.139673931892721,0.0227054102750826,0.10287603030784,0.498,1.268,-0.77,0.85,0.8,0.9125
"45","Delftia",0.0368994401753661,0.0691386582920241,"Delftia","Malawi",0,90,0,0,0,"UK",8,50,16,0.7,4.3,0.00017981464150914,0.00228226275761601,-16,FALSE,66,0,"UK",-1.12077045503926,-1.64403536302786,-0.000235902937655297,1.91103472549009,5.34872554892064,0.308540331770551,0.339375001457596,0.00946197957716479,0.0435210164400784,0.0138993749979598,0.0496112401584001,0,0.719,-0.719,0.85,0.8,0.9125
"46","Dermacoccus",0.0575134153692875,0.106334434363528,"Dermacoccus","Malawi",12,90,13.3,0.1,0.3,"UK",18,50,36,0,0.1,0.00253189968562648,0.0154727203010507,-22.7,FALSE,43,0,"UK",-0.429692619010986,-1.08441060496457,1.22777640328092,2.71792226736603,7.37202552484745,0.348800546054245,0.341143394126811,0.0173560427282786,0.0617090673415794,0.00825311643200379,0.0395793349622648,0.079,0.043,0.036,0.85,0.8,0.9125
"47","Dialister",0.00289237973095091,0.00878285164194834,"Dialister","Malawi",7,90,7.8,0,0.1,"UK",0,50,0,0,0,0.0501212323467007,0.11896047280046,7.8,TRUE,156,0,"ns",-0.908853285663984,-1.06463155056429,-0.66734867695169,0.23989191285564,4.87638120358501,0.0413435782101158,0.476726023307473,0.562713989944216,0.726373077511247,0.500100369848911,0.660467816582614,0.015,0,0.015,0.85,0.8,0.9125
"48","Diaphorobacter",0.0338983905780237,0.0660804502483902,"Diaphorobacter","Malawi",9,90,10,0,0.1,"UK",3,50,6,0,0,0.537849587457667,0.62059567783577,4,TRUE,70,0,"ns",-0.925826475979855,-1.20506089889552,-0.397514440710221,0.618179233127512,5.30812374608752,0.105553106159812,0.444548579025796,0.462977811286057,0.64760875118318,0.286889195040343,0.453577459595213,0.024,0.003,0.021,0.85,0.8,0.9125
"49","Dietzia",0.0384367406070856,0.07421544557698,"Dietzia","Malawi",18,90,20,0.1,0.3,"UK",3,50,6,0,0.1,0.0276617496099103,0.0786929083730207,14,TRUE,62,0,"ns",-0.539753179755396,-0.656183921439633,-0.371514189896276,0.0695529671779784,5.88970046372599,0.0128716675929949,0.494532958494953,0.562422000072737,0.72347299598108,0.588699870591205,0.738142643289754,0.064,0.011,0.053,0.85,0.8,0.9125
"50","Dolosigranulum",0.0107201318193884,0.021518370433739,"Dolosigranulum","Malawi",0,90,0,0,0,"UK",5,50,10,0,0,0.00508137929330216,0.0232896550943016,-10,FALSE,127,0,"UK",-1.16893169020818,-1.59788410450881,-0.328931677572479,1.49202232657783,4.86595775997648,0.272288798707234,0.36406250119456,0.0436148789324233,0.118656635863386,0.0511682584585587,0.117335107538261,0,0.006,-0.006,0.85,0.8,0.9125
"51","Dorea",0.0600632416409065,0.129736756618286,"Dorea","Malawi",21,90,23.3,0.2,0.5,"UK",0,50,0,0,0,4.17514995715845e-05,0.000861124678663931,23.3,TRUE,39,0,"Malawi",-0.495633420550263,-0.399422605964844,-0.632800635785392,-0.764425934143038,5.80621899214852,-0.126461933397963,0.440937500487453,0.0707629267003722,0.187389746443745,0.343163592763073,0.501810759717237,0.167,0,0.167,0.85,0.8,0.9125
"52","Empedobacter",0.144597341054148,0.258553662519829,"Empedobacter","Malawi",25,90,27.8,0.4,1.6,"UK",0,50,0,0,0,4.67387549533777e-06,0.000128531576121789,27.8,TRUE,20,1,"Malawi",-0.432661287205043,-0.277815900308733,-0.673672773650321,-1.13624731096693,6.43667605746608,-0.153760309545908,0.426562500610813,0.0198950160268274,0.0804891079198119,0.219092057048859,0.374442426313675,0.37,0,0.37,0.85,0.8,0.9125
"53","Enhydrobacter",0.170185251989924,0.309893896578521,"Enhydrobacter","Malawi",32,90,35.6,0.3,1.5,"UK",32,50,64,0.7,2.6,0.00146655972193674,0.0115229692437887,-28.4,FALSE,18,1,"UK",1.99746609162205,0.418095368980884,6.78079871397397,3.73070076476338,8.65930035059975,0.429048811961806,0.315937501732715,0.00158901767490679,0.0132670960682525,0.00147758384844437,0.0146302439438267,0.343,0.677,-0.334,0.85,0.8,0.9125
"54","Enterobacter",0.0550867784427215,0.10338777753441,"Enterobacter","Malawi",29,90,32.2,1.5,8.1,"UK",10,50,20,2.2,13.9,0.168170067762569,0.249982533160575,12.2,TRUE,45,0,"ns",0.114362707303227,0.00784922549169309,0.251769438596654,0.142123294658069,8.63000558663366,0.0151798720795478,0.490159325290936,0.72722598763506,0.852214786453562,0.672651047133484,0.797346771605219,1.475,2.244,-0.769,0.85,0.8,0.9125
"55","Enterococcus",0.0380922587155035,0.0901499958294896,"Enterococcus","Malawi",19,90,21.1,0.4,1.9,"UK",8,50,16,0,0.1,0.510702452880815,0.610622498009671,5.1,TRUE,64,0,"ns",-0.294042060617786,-0.506590231030786,-0.00144649806013497,0.339000812226166,7.09630771142177,0.0429900427676969,0.474062500211649,0.671699359225013,0.814993414745984,0.554057162787037,0.711859934126585,0.378,0.022,0.356,0.85,0.8,0.9125
"56","Erwinia",0.00808963371028465,0.0185043140295431,"Erwinia","Malawi",5,90,5.6,0.1,0.6,"UK",2,50,4,0.1,0.4,1,1,1.6,TRUE,135,0,"ns",-1.07238666740308,-1.37740606976534,-0.495095226212218,0.744794492780406,5.12623221015968,0.123926022949632,0.433926898391342,0.376701771879213,0.561093364459236,0.266620723871049,0.407210965438243,0.088,0.061,0.027,0.85,0.8,0.9125
"57","Escherichia/Shigella",0.0447444992685615,0.0821401084329628,"Escherichia/Shigella","Malawi",17,90,18.9,0.2,1.2,"UK",7,50,14,0.6,3.8,0.640334199232287,0.723665362146078,4.9,TRUE,53,0,"ns",-0.466649564895205,-0.77597674939385,0.0148328267310189,0.475110013900455,6.99794911132944,0.0615857070003392,0.462667916581485,0.645832082725721,0.798336091104537,0.436348662381198,0.607960758758555,0.216,0.545,-0.329,0.85,0.8,0.9125
"58","Exiguobacterium",0.0303536921690639,0.0625727315552822,"Exiguobacterium","Malawi",12,90,13.3,0.1,0.4,"UK",4,50,8,0,0,0.415723593765862,0.514996384138773,5.3,TRUE,75,0,"ns",-0.764130075603488,-1.07197392405737,-0.25752215444251,0.674930049595682,5.39084832116937,0.107496758494393,0.439237738708393,0.546830716563981,0.72415605130574,0.364697763564359,0.524589565562781,0.1,0.001,0.099,0.85,0.8,0.9125
"59","Ezakiella",0.0161749365105575,0.0298822540939554,"Ezakiella","Malawi",7,90,7.8,0,0.3,"UK",6,50,12,0.1,0.4,0.544469185480371,0.623870941696258,-4.2,FALSE,103,0,"ns",-0.847551093387373,-1.2705379201074,-0.0526696640759408,1.22723862939018,5.71019067892688,0.188624505584631,0.405185880212563,0.14631064712998,0.303256300104373,0.0954624409926485,0.209220708573572,0.047,0.064,-0.017,0.85,0.8,0.9125
"60","Faecalibacterium",0.218817671913553,0.397915278023264,"Faecalibacterium","Malawi",35,90,38.9,0.2,0.7,"UK",2,50,4,0,0,2.07623420261209e-06,8.56446608577487e-05,34.9,TRUE,9,1,"Malawi",0.265321266759589,1.05949172048079,-0.509334541320117,-2.70950631460547,6.68480901078547,-0.388259238965294,0.349578258139864,0.00123560994112995,0.00920003506580062,0.0104924278097987,0.0487991398552622,0.237,0.004,0.233,0.85,0.8,0.9125
"61","Finegoldia",0.0366458470630358,0.0691810200484898,"Finegoldia","Malawi",16,90,17.8,0.1,0.2,"UK",13,50,26,0.1,0.2,0.280392028499082,0.373102295986681,-8.2,FALSE,67,0,"ns",-0.272683387308879,-0.715081831461612,0.632539251685852,1.42811303440755,7.0510826053859,0.195753226184537,0.397063418556204,0.149404249730555,0.318933117479333,0.100379831139727,0.222990784556054,0.057,0.054,0.003,0.85,0.8,0.9125
"62","Flavobacterium",0.103208506090591,0.208697647961903,"Flavobacterium","Malawi",36,90,40,0.2,0.5,"UK",12,50,24,0.1,0.3,0.0647083412907214,0.148289948791237,16,TRUE,24,0,"ns",0.646464545064131,0.740437236237049,0.551103214270919,-0.629035936646642,8.02692227160182,-0.0758284726600576,0.461730709466465,0.382475290546668,0.591306444790101,0.51586541450942,0.679309254597401,0.177,0.078,0.099,0.85,0.8,0.9125
"63","Fournierella",0.00270857285574051,0.0067250749276863,"Fournierella","Malawi",5,90,5.6,0,0.1,"UK",0,50,0,0,0,0.160193165896438,0.240289748844657,5.6,TRUE,158,0,"ns",-1.11334697764576,-1.35984922718355,-0.634631775486206,0.576690714239866,4.68323049107361,0.109225240227605,0.440174945823205,0.457483328756913,0.638589451975646,0.334501115166632,0.492279318905449,0.027,0,0.027,0.85,0.8,0.9125
"64","Fusicatenibacter",0.0138194026662151,0.0322778001536319,"Fusicatenibacter","Malawi",13,90,14.4,0.1,0.4,"UK",1,50,2,0,0,0.0187972609206127,0.0603731616777065,12.4,TRUE,111,0,"ns",-0.785054400115579,-0.915312844500329,-0.597432076082756,0.0316195437545934,5.43994737001197,0.00448680204115892,0.496875000025432,0.469582869014048,0.651666914293022,0.549528606852409,0.703204492739883,0.079,0.001,0.078,0.85,0.8,0.9125
"65","Fusobacterium",0.0198698692391511,0.0429569099481598,"Fusobacterium","Malawi",9,90,10,0.5,4.8,"UK",5,50,10,0,0.1,1,1,0,FALSE,97,0,"ns",-0.850180028535158,-1.13859548977513,-0.29175296371494,0.928704763018457,5.75063961809569,0.137718372585946,0.425625000618961,0.344875451725139,0.535238397906479,0.242437426083229,0.397807218630256,0.519,0.015,0.504,0.85,0.8,0.9125
"66","Gardnerella",0.0190753878102154,0.035526183537139,"Gardnerella","Malawi",6,90,6.7,0,0.1,"UK",5,50,10,0,0,0.522101737743581,0.613505046883433,-3.3,FALSE,98,0,"ns",-0.96922449522039,-1.31465299419705,-0.297345623346105,1.0314257755776,5.40488601386763,0.167565944983819,0.404248673098295,0.166712957031146,0.329446929817053,0.144730543074895,0.276215591275725,0.012,0.009,0.003,0.85,0.8,0.9125
"67","Gemella",0.301860256247276,0.54592165495121,"Gemella","Malawi",60,90,66.7,2.2,6.6,"UK",43,50,86,6.4,9.9,0.015989891190794,0.0558886934514528,-19.3,FALSE,5,1,"ns",9.76115531482557,8.19230139983027,12.4862057739668,3.89462242314573,9.52685619959341,0.410382708697459,0.28709778405813,0.000265352315702353,0.00397732305915298,4.53715449357336e-05,0.00140064375394147,2.223,6.386,-4.163,0.85,0.8,0.9125
"68","Glutamicibacter",0.00918674654434509,0.0229303586459995,"Glutamicibacter","Malawi",5,90,5.6,0,0.1,"UK",1,50,2,0,0,0.420925671022538,0.514996384138773,3.6,TRUE,133,0,"ns",-1.06672426455609,-1.37914450909122,-0.493271040580511,0.806183374651146,4.81422557927803,0.144146569317365,0.421875000651694,0.380166282737595,0.547427586049099,0.260278323200379,0.402976409205373,0.015,0.001,0.014,0.85,0.8,0.9125
"69","Gordonia",0.0212832463156528,0.0401513258133772,"Gordonia","Malawi",3,90,3.3,0,0,"UK",4,50,8,0,0.2,0.248020236807262,0.352181411742718,-4.7,FALSE,92,0,"ns",-1.05083309091172,-1.44707732819336,-0.313358285703432,1.14131000670273,5.01301645499645,0.208689685856095,0.386562500973252,0.101404964055065,0.225016026259209,0.115562544753551,0.216940306244764,0.001,0.03,-0.029,0.85,0.8,0.9125
"70","Granulicatella",0.102115474130314,0.197166246002594,"Granulicatella","Malawi",29,90,32.2,1.4,10.1,"UK",15,50,30,0.1,0.5,0.850703620063318,0.899782675066971,2.2,TRUE,25,0,"ns",0.473172664184379,0.095537304958313,1.10411159555803,0.604799087615267,8.83627463342975,0.058777826269719,0.470165573501865,0.719334820874687,0.847361173990668,0.595415558176274,0.743171023333319,1.377,0.119,1.258,0.85,0.8,0.9125
"71","Haematobacter",0.0309719459085055,0.0710901485567403,"Haematobacter","Malawi",14,90,15.6,0.1,0.7,"UK",0,50,0,0,0,0.00214237251198265,0.013595825556813,15.6,TRUE,74,0,"Malawi",-0.817385555910059,-0.886993711404099,-0.705073511502393,-0.123991816124938,5.44161916119085,-0.0191405975977596,0.489062500089052,0.407955365954763,0.587684084535057,0.596520399774239,0.739269489373682,0.109,0,0.109,0.85,0.8,0.9125
"72","Haemophilus",0.140302668850836,0.260601855509182,"Haemophilus","Malawi",28,90,31.1,0.6,2.9,"UK",30,50,60,3.2,7.1,0.001220280887536,0.010067317322172,-28.9,FALSE,21,0,"UK",1.38110628647359,0.169497823303244,6.92392108154524,4.84247117819709,9.79750504126741,0.467477624554445,0.300218683595472,0.000375130511548494,0.00468333317736253,0.000445852084185319,0.00576903265081907,0.623,3.216,-2.593,0.85,0.8,0.9125
"73","Halomonas",0.00585974023941406,0.0129689079594177,"Halomonas","Malawi",4,90,4.4,0,0.1,"UK",3,50,6,0,0,0.700223001820049,0.775414733559115,-1.6,FALSE,145,0,"ns",-1.0718955157695,-1.40665895999487,-0.42967512189426,0.935983045467855,5.2387021006138,0.149394242198648,0.417057170328146,0.253600422844186,0.426284977042752,0.175309198793619,0.308210510345479,0.016,0.003,0.013,0.85,0.8,0.9125
"74","Holdemanella",0.0133377164381189,0.0275657251862581,"Holdemanella","Malawi",12,90,13.3,0,0.2,"UK",1,50,2,0,0,0.0322017088356722,0.0885546992980984,11.3,TRUE,115,0,"ns",-0.821607937185734,-0.949880039416365,-0.579989879537473,0.146349132245851,5.27338362721768,0.0269796606103617,0.48641049683038,0.536833851538649,0.713328076129418,0.558482946601015,0.707861794807722,0.038,0.001,0.037,0.85,0.8,0.9125
"75","Intestinibacter",0.00126837461583581,0.00392142339109023,"Intestinibacter","Malawi",5,90,5.6,0,0.1,"UK",0,50,0,0,0,0.160193165896438,0.240289748844657,5.6,TRUE,165,0,"ns",-1.05499939652499,-1.29306766712115,-0.637558422205027,0.472636107893493,4.64788258743725,0.0922575293482209,0.450625000405772,0.458810480127154,0.629307005365804,0.351776955198747,0.502319759202657,0.025,0,0.025,0.85,0.8,0.9125
"76","Janibacter",0.213125819067344,0.393464499407594,"Janibacter","Malawi",43,90,47.8,0.3,0.6,"UK",7,50,14,0,0.1,4.79162945536289e-05,0.000878465400149864,33.8,TRUE,11,1,"Malawi",0.857904408108666,2.20960038793687,-0.152772127263781,-3.02566304507602,8.09919006840509,-0.374857305397199,0.348016246285371,0.00218433831121378,0.0170452450760148,0.00879524452653448,0.0473168809148692,0.257,0.022,0.235,0.85,0.8,0.9125
"77","Klebsiella",0.160231716492747,0.290160080334464,"Klebsiella","Malawi",40,90,44.4,2.6,9.5,"UK",13,50,26,0.1,0.3,0.0449029833392418,0.117603051602776,18.4,TRUE,19,1,"ns",0.972648437739684,1.35933059633168,0.628136427071858,-1.24036814842215,8.87772988889353,-0.130726435418318,0.43705092210721,0.0819498550231009,0.231029778507697,0.259425537335765,0.446666988299516,3.322,0.074,3.248,0.85,0.8,0.9125
"78","Knoellia",0.0403153948175683,0.0855171040043027,"Knoellia","Malawi",11,90,12.2,0.1,0.7,"UK",0,50,0,0,0,0.0077586829927572,0.030480540328689,12.2,TRUE,59,0,"Malawi",-0.875220520217688,-1.00502041850905,-0.634895498834654,0.200081562751255,5.08488504047071,0.0330191969373531,0.480937500155357,0.502268255260836,0.680037209918808,0.514720064465075,0.664637497188033,0.098,0,0.098,0.85,0.8,0.9125
"79","Kocuria",0.205835328297432,0.390241658145835,"Kocuria","Malawi",54,90,60,0.6,1.2,"UK",14,50,28,0.4,1.9,0.00037908087369549,0.00367931436233858,32,TRUE,12,1,"Malawi",3.1293928139855,6.43253860372343,0.677553306861123,-4.01194737094234,8.22373089544067,-0.448210782833026,0.330937501553436,0.00143765633400476,0.0135256176135133,0.00144208199008393,0.0148747271633102,0.563,0.358,0.205,0.85,0.8,0.9125
"80","Kytococcus",0.0243123424807234,0.0485199208581746,"Kytococcus","Malawi",9,90,10,0,0.1,"UK",0,50,0,0,0,0.0264237022979064,0.0764896645465711,10,TRUE,83,0,"ns",-1.0400908698561,-1.23424463265096,-0.705027609331328,0.326482692246147,4.99424335069014,0.0504155487106642,0.472352390103709,0.553476163308551,0.721546204134998,0.426884363080711,0.594759572297651,0.025,0,0.025,0.85,0.8,0.9125
"81","Lachnoclostridium",0.0121731591675279,0.0302157985463149,"Lachnoclostridium","Malawi",12,90,13.3,0,0.1,"UK",1,50,2,0,0,0.0322017088356722,0.0885546992980984,11.3,TRUE,123,0,"ns",-0.780036540716328,-0.894416823128196,-0.590697320798942,0.0739424029538203,5.07238338796695,0.0128168411767863,0.493595751379804,0.509093329506181,0.684460586810491,0.549989899841216,0.702735200965185,0.026,0,0.026,0.85,0.8,0.9125
"82","Lachnospira",0.00386681135825937,0.0103084621469604,"Lachnospira","Malawi",7,90,7.8,0,0.1,"UK",1,50,2,0,0,0.258953077647137,0.353117833155187,5.8,TRUE,151,0,"ns",-0.93606074021173,-1.19927714261956,-0.498463428981276,0.425531160244441,4.88865362635572,0.0731082662567693,0.458294283378117,0.495536809780712,0.665124999716896,0.371254355407697,0.526285932563907,0.018,0,0.018,0.85,0.8,0.9125
"83","Lachnospiraceae_ND3007_group",0.00481960082783402,0.0117848361679074,"Lachnospiraceae_ND3007_group","Malawi",6,90,6.7,0,0,"UK",0,50,0,0,0,0.088383936301484,0.175693890614132,6.7,TRUE,150,0,"ns",-1.10529061271763,-1.35187368369423,-0.643314359435923,0.479600506593595,4.65458413611036,0.0856740659747397,0.453125000384852,0.522143419703292,0.684801827632027,0.393574834175014,0.547029428711181,0.01,0,0.01,0.85,0.8,0.9125
"84","Lachnospiraceae_NK4A136_group",0.0318094772905766,0.0661673035723353,"Lachnospiraceae_NK4A136_group","Malawi",16,90,17.8,0.1,0.4,"UK",1,50,2,0,0,0.00578613863689913,0.0258030506780637,15.8,TRUE,73,0,"Malawi",-0.654631360042234,-0.722448248995896,-0.534974336055752,-0.242883538108366,5.42231906287404,-0.0385710277428493,0.481875000147696,0.414383000507699,0.603288343639625,0.609017517298343,0.745889612794949,0.076,0,0.076,0.85,0.8,0.9125
"85","Lactobacillus",0.0704628228072253,0.125747859753352,"Lactobacillus","Malawi",25,90,27.8,0.1,0.7,"UK",18,50,36,0.6,3.3,0.342687022363528,0.445223296771513,-8.2,FALSE,35,0,"ns",0.523582767318656,-0.0442693826190173,1.6218416672914,1.93804776550547,7.94289170199089,0.234815470510357,0.388125000958423,0.0555674628287093,0.17579148500356,0.055166972770445,0.15892267696311,0.144,0.636,-0.492,0.85,0.8,0.9125
"86","Lactococcus",0.0401217114447266,0.0803456817528975,"Lactococcus","Malawi",14,90,15.6,0,0.1,"UK",14,50,28,0,0.1,0.121416053610285,0.208683842142678,-12.4,FALSE,60,0,"ns",-0.349696550779658,-0.901535842113333,0.873938893665079,1.87434887084054,6.78428480638117,0.254938273802952,0.381755702361974,0.0630182143700043,0.169530102534996,0.0493112403186707,0.129545299240463,0.032,0.031,0.001,0.85,0.8,0.9125
"87","Lawsonella",0.0427141149537762,0.0797329799936287,"Lawsonella","Malawi",19,90,21.1,0.2,0.8,"UK",15,50,30,0.1,0.5,0.303985442003885,0.401260783445129,-8.9,FALSE,56,0,"ns",-0.0372241226726517,-0.527380559245808,0.930160052545446,1.61153246034716,7.43900658235058,0.197495601344121,0.399875039898625,0.146986134548282,0.323283008694547,0.0998750782045996,0.226180298027338,0.195,0.118,0.077,0.85,0.8,0.9125
"88","Lelliottia",0.0213877907377431,0.0485239027940775,"Lelliottia","Malawi",3,90,3.3,0,0,"UK",3,50,6,0,0.1,0.666361148205038,0.742902631444806,-2.7,FALSE,91,0,"ns",-1.18561221162401,-1.55953646809923,-0.423046517322515,1.12515126809071,5.08835535976182,0.199763082561769,0.394564199585318,0.166078189955033,0.306500192999769,0.144646031828761,0.255485498792717,0.001,0.011,-0.01,0.85,0.8,0.9125
"89","Libanicoccus",0.0225868790025141,0.048957532254719,"Libanicoccus","Malawi",14,90,15.6,0.3,1.1,"UK",1,50,2,0,0,0.0193925913267785,0.0603731616777065,13.6,TRUE,89,0,"ns",-0.713204868911914,-0.808408472851443,-0.56436319012947,0.0370837015349865,5.91308133920696,0.00469845429477091,0.497500000020345,0.353907370244535,0.536625424428064,0.54210614004589,0.692922493189686,0.306,0.002,0.304,0.85,0.8,0.9125
"90","Luteimonas",0.0229701594806337,0.0463300143242212,"Luteimonas","Malawi",13,90,14.4,0,0.2,"UK",1,50,2,0,0,0.0187972609206127,0.0603731616777065,12.4,TRUE,86,0,"ns",-0.75471615021026,-0.89760189827971,-0.483131314973079,0.076228625656567,5.39325138208807,0.0136150931808784,0.494220556123236,0.522234632774944,0.693126263480328,0.544605876998054,0.693871467115479,0.046,0.003,0.043,0.85,0.8,0.9125
"91","Macrococcus",0.0152248321699474,0.0416446248754017,"Macrococcus","Malawi",12,90,13.3,0,0.2,"UK",0,50,0,0,0,0.00437044363571375,0.0206035199969363,13.3,TRUE,106,0,"Malawi",-0.858669026692565,-0.980343693219637,-0.661576033198477,0.150539374947625,5.04649764426076,0.02815728112196,0.487187500104337,0.545847523718078,0.716001778071361,0.555080671308248,0.710784659618125,0.032,0,0.032,0.85,0.8,0.9125
"92","Marmoricola",0.00986897528225707,0.0250388262079073,"Marmoricola","Malawi",7,90,7.8,0,0.4,"UK",0,50,0,0,0,0.0501212323467007,0.11896047280046,7.8,TRUE,132,0,"ns",-1.08996433514371,-1.33448288791101,-0.692690905513512,0.525339399564348,4.82560416430372,0.0925746226274908,0.452500000390076,0.521457067761587,0.692073995077417,0.386827874479116,0.542859783428557,0.05,0,0.05,0.85,0.8,0.9125
"93","Marvinbryantia",0.0016775895466216,0.00504873011397688,"Marvinbryantia","Malawi",5,90,5.6,0,0.2,"UK",0,50,0,0,0,0.160193165896438,0.240289748844657,5.6,TRUE,164,0,"ns",-1.08420177001006,-1.31296825449307,-0.734670631696208,0.492167356182485,4.85005607661292,0.0907180378721386,0.453750000379632,0.553694463261149,0.711972877995592,0.37431839955273,0.540404340512432,0.031,0,0.031,0.85,0.8,0.9125
"94","Massilia",0.020116305522532,0.038869008886807,"Massilia","Malawi",5,90,5.6,0,0.1,"UK",6,50,12,0.1,0.4,0.199910409302377,0.291904579954799,-6.4,FALSE,96,0,"ns",-0.943511888245705,-1.37927188212211,-0.162246803672774,1.31665333459669,5.45813609635217,0.201910838680362,0.387691347416164,0.112239354295947,0.251630379796522,0.0830189475610937,0.191819237304224,0.008,0.069,-0.061,0.85,0.8,0.9125
"95","Methylobacterium",0.0650917907782011,0.135939332664954,"Methylobacterium","Malawi",19,90,21.1,0.2,0.5,"UK",6,50,12,0,0,0.249728637417564,0.352181411742718,9.1,TRUE,37,0,"ns",-0.397965749565929,-0.596655436154167,-0.129816320512319,-0.0183880302945933,6.47277553978333,-0.0019638508391267,0.499218994070706,0.478234279093868,0.668803745647827,0.618776711418898,0.756122070293582,0.167,0.003,0.164,0.85,0.8,0.9125
"96","Microbacterium",0.0242507884351767,0.0520161125280905,"Microbacterium","Malawi",12,90,13.3,0,0.1,"UK",5,50,10,0,0,0.787828009241691,0.849618441339079,3.3,TRUE,84,0,"ns",-0.678052286973006,-0.945337059731722,-0.1701664291572,0.702794867739414,5.72847657284469,0.101694263345262,0.442986567167702,0.52525598579102,0.689338717363289,0.369995830924046,0.527941796241152,0.029,0.006,0.023,0.85,0.8,0.9125
"97","Micrococcus",0.337423096456003,0.612523505257821,"Micrococcus","Malawi",62,90,68.9,0.7,1.6,"UK",14,50,28,0.1,0.2,3.66608785103522e-06,0.000120980899084162,40.9,TRUE,3,1,"Malawi",5.45914721953859,7.6159194909193,0.627653267319229,-5.17846110098151,8.1574647240172,-0.595739894084184,0.285000002146577,3.54207110236306e-05,0.000923141725754967,6.32703372486059e-05,0.00154852226131465,0.711,0.078,0.633,0.85,0.8,0.9125
"98","Mitsuokella",0.0227531073831953,0.0512067002523814,"Mitsuokella","Malawi",8,90,8.9,0,0.1,"UK",0,50,0,0,0,0.0504680793698921,0.11896047280046,8.9,TRUE,88,0,"ns",-1.03062080975876,-1.16538068701939,-0.723595319981587,0.31869762722692,4.93889717038808,0.0531200927322954,0.469228366386798,0.545412763746398,0.724279201668662,0.510977752158167,0.658841182575222,0.021,0,0.021,0.85,0.8,0.9125
"99","Moraxella",0.0289216210120588,0.0560659909769271,"Moraxella","Malawi",10,90,11.1,0,0.2,"UK",6,50,12,0.1,0.4,1,1,-0.9,FALSE,78,0,"ns",-0.861034680769306,-1.22388221344336,-0.203429491947219,1.0110963541001,6.15650097600313,0.148799332455368,0.415312500709544,0.248712853529378,0.44578456162604,0.168353331660213,0.316777363465004,0.032,0.066,-0.034,0.85,0.8,0.9125
"100","Neisseria",0.0561167895858833,0.105160732914647,"Neisseria","Malawi",13,90,14.4,0.2,0.8,"UK",13,50,26,0.7,2.6,0.113548693872499,0.197216152515393,-11.6,FALSE,44,0,"ns",-0.47765577787786,-0.980636640309497,0.60551418032831,1.8485743512235,7.81665188885018,0.225233241406781,0.374882850195197,0.0442499229210219,0.143939169498177,0.0455399838599708,0.125073311899862,0.169,0.663,-0.494,0.85,0.8,0.9125
"101","Nesterenkonia",0.0149113599714755,0.0330056912505168,"Nesterenkonia","Malawi",12,90,13.3,0,0.1,"UK",0,50,0,0,0,0.00437044363571375,0.0206035199969363,13.3,TRUE,107,0,"Malawi",-0.89504029206593,-1.03524967045363,-0.710495331047829,0.171032995501691,5.11441073245016,0.0264284685076623,0.486250000111983,0.475296175114163,0.654202365932264,0.549701792261635,0.702643660260346,0.024,0,0.024,0.85,0.8,0.9125
"102","Nocardioides",0.0390553552473492,0.0751647551100423,"Nocardioides","Malawi",13,90,14.4,0,0.3,"UK",0,50,0,0,0,0.00419603567549478,0.0206035199969363,14.4,TRUE,61,0,"Malawi",-0.83872926696789,-0.939991625085476,-0.679098237731186,0.100342902783694,5.1776351911801,0.0181425964022937,0.489846922919222,0.489317090300422,0.666384258915835,0.513582107768354,0.673640457008772,0.045,0,0.045,0.85,0.8,0.9125
"103","Oligella",0.0104430139561579,0.0228593097771626,"Oligella","Malawi",5,90,5.6,0,0.2,"UK",1,50,2,0,0,0.420925671022538,0.514996384138773,3.6,TRUE,130,0,"ns",-1.055708370446,-1.36483925837593,-0.51282478868664,0.680519201223251,4.87567551640766,0.115748501368406,0.428928460446235,0.407724072641465,0.576641272331222,0.25952155375214,0.399060239760801,0.028,0.001,0.027,0.85,0.8,0.9125
"104","Ornithinimicrobium",0.0110231407145291,0.0263569248314672,"Ornithinimicrobium","Malawi",11,90,12.2,0,0.2,"UK",0,50,0,0,0,0.0077586829927572,0.030480540328689,12.2,TRUE,126,0,"Malawi",-0.929994929853232,-1.10011003076448,-0.657570924111075,0.0880604768814965,5.24747191689055,0.0161859662363531,0.490937500073775,0.518178091551031,0.691651584891847,0.557298477840828,0.708254556094123,0.038,0,0.038,0.85,0.8,0.9125
"105","Pantoea",0.0587427630856307,0.120178094779331,"Pantoea","Malawi",20,90,22.2,0.3,1.8,"UK",5,50,10,0.2,1.1,0.105575533337702,0.185318755326817,12.2,TRUE,41,0,"ns",-0.462511929947929,-0.615981191164291,-0.267875467988851,-0.210508185140401,6.96209201596444,-0.0262931011907107,0.483437500134934,0.457815054260483,0.654397929262572,0.589367167861543,0.744798557659262,0.315,0.179,0.136,0.85,0.8,0.9125
"106","Parabacteroides",0.006075184643434,0.0159294545001813,"Parabacteroides","Malawi",10,90,11.1,0.1,0.5,"UK",0,50,0,0,0,0.0141314021176896,0.052992757941336,11.1,TRUE,143,0,"ns",-0.90949246039008,-1.01713117848261,-0.73324633440569,0.171943376098685,5.04405551238949,0.0300060188970408,0.487035301573803,0.556286504874861,0.731930970806919,0.576841075183662,0.723134921972691,0.068,0,0.068,0.85,0.8,0.9125
"107","Paracoccus",0.257861506545363,0.463500567940829,"Paracoccus","Malawi",48,90,53.3,0.4,1,"UK",11,50,22,0,0.1,0.000340897752843012,0.00351550807619356,31.3,TRUE,8,1,"Malawi",1.59724783411505,4.94055747151727,0.501498627816455,-3.08784283105404,7.76863794055395,-0.378943930080325,0.35676351267177,0.00456716953874817,0.0285945340414415,0.00892490845254028,0.0487967711258554,0.429,0.028,0.401,0.85,0.8,0.9125
"108","Pelomonas",0.010663816387644,0.0240361609914192,"Pelomonas","Malawi",9,90,10,0.1,0.3,"UK",0,50,0,0,0,0.0264237022979064,0.0764896645465711,10,TRUE,128,0,"ns",-0.964300749527164,-1.14873937185238,-0.638443951706886,0.3511539307212,5.14494837763689,0.0571801981407243,0.467041549784995,0.561387164109115,0.722054231233914,0.459731297853977,0.622731848445158,0.075,0,0.075,0.85,0.8,0.9125
"109","Peptoniphilus",0.0277327456847988,0.0552859678892512,"Peptoniphilus","Malawi",17,90,18.9,0.1,0.4,"UK",8,50,16,0,0.2,0.818730756659387,0.877211524992201,2.9,TRUE,80,0,"ns",-0.228099435964532,-0.575105234789392,0.438258852150454,0.837884534642082,6.89134386993312,0.115291746218368,0.441424555309636,0.477869490872109,0.663165676741203,0.318038857887585,0.482127191952371,0.104,0.046,0.058,0.85,0.8,0.9125
"110","Phascolarctobacterium",0.0495518517316888,0.101351446852141,"Phascolarctobacterium","Malawi",16,90,17.8,0.1,0.2,"UK",0,50,0,0,0,0.000609372233284936,0.00558591213844525,17.8,TRUE,49,0,"Malawi",-0.646329972964153,-0.624334738179186,-0.675913749521914,-0.473679321000303,5.58116235253028,-0.0716285193889498,0.462500000306902,0.253511326978105,0.417337725003189,0.47746017855464,0.632012472315945,0.062,0,0.062,0.85,0.8,0.9125
"111","Porphyromonas",0.0229601866206526,0.044726111694791,"Porphyromonas","Malawi",4,90,4.4,0,0.1,"UK",4,50,8,0,0.1,0.456043742650916,0.553288364245597,-3.6,FALSE,87,0,"ns",-1.00985991442229,-1.40959785554052,-0.236353547418776,1.24435830289322,5.11362739761273,0.207618025609772,0.382812501009106,0.120377235297358,0.250182274617782,0.099567828227235,0.196911503201605,0.008,0.013,-0.005,0.85,0.8,0.9125
"112","Prevotella",0.0356326739060369,0.0672406083186006,"Prevotella","Malawi",6,90,6.7,0,0.1,"UK",8,50,16,0,0.1,0.0870625194380835,0.175693890614132,-9.3,FALSE,69,0,"ns",-0.84757591741517,-1.28391389734126,0.0609126548743255,1.41144295652332,5.86531738226686,0.221241732812363,0.377812501057518,0.112434866092683,0.233724710219762,0.0860667952402496,0.173079001535223,0.023,0.027,-0.004,0.85,0.8,0.9125
"113","Prevotella_2",0.0156462792806359,0.0331265007456242,"Prevotella_2","Malawi",11,90,12.2,0,0.2,"UK",0,50,0,0,0,0.0077586829927572,0.030480540328689,12.2,TRUE,104,0,"Malawi",-0.806979155198876,-0.912229956084218,-0.644619328286872,0.0324499323749023,5.09391067216279,0.00587355470276357,0.495625000035606,0.496033587382772,0.673756149137224,0.588056854465349,0.724491459881913,0.04,0,0.04,0.85,0.8,0.9125
"114","Prevotella_7",0.0270962510249945,0.0529270505162,"Prevotella_7","Malawi",16,90,17.8,0,0.1,"UK",5,50,10,0.1,0.5,0.323183869050077,0.423216971375101,7.8,TRUE,81,0,"ns",-0.541126616975101,-0.764810072702035,-0.179881245484965,0.517659184003355,6.25941244674532,0.0769636599022977,0.461875000312076,0.550123208039591,0.727869772809633,0.453986013449201,0.614681286526805,0.034,0.076,-0.042,0.85,0.8,0.9125
"115","Prevotella_9",0.747289492265519,1.2516009163192,"Prevotella_9","Malawi",57,90,63.3,1.4,4,"UK",1,50,2,0,0,2.7678496690567e-14,4.56695195394355e-12,61.3,TRUE,1,1,"Malawi",1.79774382261655,7.6850611581004,-0.634852980929876,-7.78025191773905,7.04968086601072,-0.927534814938745,0.18406250427994,1.87650685811267e-11,3.0962363158859e-09,1.35225537085811e-08,1.18214419300694e-06,1.405,0.001,1.404,0.85,0.8,0.9125
"116","Propioniciclava",0.0206260943311128,0.0413152983192956,"Propioniciclava","Malawi",11,90,12.2,0,0.2,"UK",0,50,0,0,0,0.0077586829927572,0.030480540328689,12.2,TRUE,94,0,"Malawi",-0.859873051683131,-0.98384985222196,-0.660236162589607,0.140430471039496,5.11216963930505,0.0229689795952023,0.488437500094146,0.496468552262284,0.676412761443813,0.536420865556278,0.684583557791888,0.032,0,0.032,0.85,0.8,0.9125
"117","Pseudarthrobacter",0.0120574646936933,0.0264528564928461,"Pseudarthrobacter","Malawi",7,90,7.8,0,0.1,"UK",4,50,8,0,0.1,1,1,-0.2,FALSE,124,0,"ns",-0.983975410675795,-1.32653420063828,-0.358664795760504,0.840592115446295,5.5977268613177,0.136122383184117,0.420625000662655,0.285733828027059,0.462955584295998,0.202454810610789,0.340086020590582,0.014,0.015,-0.000999999999999999,0.85,0.8,0.9125
"118","Pseudomonas",0.0890534503238916,0.15957383464006,"Pseudomonas","Malawi",62,90,68.9,1.7,6.2,"UK",29,50,58,2.6,8.6,0.202260877835563,0.292746007393577,10.9,TRUE,28,0,"ns",7.19026323993254,7.64277334744788,5.54191217161616,-0.687832268004951,9.3959819767757,-0.0720747432497387,0.464062500293979,0.553867991838833,0.747838875003383,0.496755433211819,0.697322984322424,1.677,2.669,-0.992,0.85,0.8,0.9125
"119","Pseudoxanthomonas",0.0136521008231237,0.0258012608791103,"Pseudoxanthomonas","Malawi",6,90,6.7,0,0.1,"UK",5,50,10,0.1,0.5,0.522101737743581,0.613505046883433,-3.3,FALSE,114,0,"ns",-0.950635772282249,-1.32987758898204,-0.20869457111703,1.16857686339233,5.38523692073627,0.19273557281054,0.401124649384202,0.16864720089096,0.326956784112815,0.135721704458647,0.25933814680691,0.012,0.074,-0.062,0.85,0.8,0.9125
"120","Psychrobacter",0.0361051683482329,0.0744003775549682,"Psychrobacter","Malawi",8,90,8.9,0,0.2,"UK",3,50,6,0,0,0.746200922869472,0.815385114393794,2.9,TRUE,68,0,"ns",-0.83789357517295,-1.14658622110077,-0.33639357620158,0.633860948837055,5.28408436566947,0.116114303785513,0.439375000500729,0.457781875677285,0.637232805284756,0.312793343052013,0.469986172612981,0.023,0.003,0.02,0.85,0.8,0.9125
"121","Qipengyuania",0.0182061851494499,0.0408189642876739,"Qipengyuania","Malawi",7,90,7.8,0.1,0.4,"UK",1,50,2,0,0,0.258953077647137,0.353117833155187,5.8,TRUE,100,0,"ns",-1.06001310388004,-1.32952458042413,-0.578538975824785,0.62470714498024,5.01231575197655,0.106052367491661,0.443750000463632,0.517087018026029,0.708132135135837,0.319022474974618,0.477686891789782,0.083,0,0.083,0.85,0.8,0.9125
"122","Quadrisphaera",0.0146743904156452,0.029350127898251,"Quadrisphaera","Malawi",0,90,0,0,0,"UK",4,50,8,0,0,0.0150232083454151,0.0538875951520323,-8,FALSE,108,0,"ns",-1.17845630389183,-1.63089667365347,-0.239356784615843,1.37996442541883,4.85808293328345,0.256865201140591,0.363011560092382,0.0593583134221888,0.14597592432217,0.0473655631024891,0.116669229026654,0,0.005,-0.005,0.85,0.8,0.9125
"123","Ralstonia",0.0510304103604387,0.118060244957911,"Ralstonia","Malawi",13,90,14.4,0.1,0.2,"UK",0,50,0,0,0,0.00419603567549478,0.0206035199969363,14.4,TRUE,48,0,"Malawi",-0.851267097934475,-0.979551058636069,-0.595972306707042,0.107360211657643,5.45755984799514,0.0177910195188829,0.489846922919222,0.420855031105713,0.605802514436228,0.544036664348088,0.695098954609642,0.062,0,0.062,0.85,0.8,0.9125
"124","Rhodococcus",0.014440516698952,0.0276026818888291,"Rhodococcus","Malawi",3,90,3.3,0,0.3,"UK",5,50,10,0,0,0.133835165256548,0.225334717013576,-6.7,FALSE,109,0,"ns",-1.02313954934726,-1.43767173827046,-0.187135670640806,1.29108905645614,4.91074784643823,0.228972609850853,0.381443299990727,0.154274342706011,0.299817466846223,0.0811358742999904,0.177029055045549,0.051,0.003,0.048,0.85,0.8,0.9125
"125","Rhodoluna",0.00549207767735859,0.0122255615120342,"Rhodoluna","Malawi",6,90,6.7,0,0.1,"UK",1,50,2,0,0,0.421360677931723,0.514996384138773,4.7,TRUE,146,0,"ns",-1.05718421624162,-1.33862651600977,-0.525904283589044,0.67232136030945,5.00151335660177,0.1217189077527,0.435625000532716,0.443067963665045,0.617692128497736,0.318066353080091,0.462882803546729,0.024,0.001,0.023,0.85,0.8,0.9125
"126","Romboutsia",0.0136917770989033,0.0271441499486188,"Romboutsia","Malawi",10,90,11.1,0,0.3,"UK",4,50,8,0,0,0.770127749664087,0.835993938780095,3.1,TRUE,113,0,"ns",-0.819654840343459,-1.06633263386809,-0.382997460672982,0.62251702588353,5.55346641338749,0.100164119870113,0.443750000463632,0.463829591729001,0.643899121564532,0.349767657423529,0.512812331336294,0.047,0.003,0.044,0.85,0.8,0.9125
"127","Roseburia",0.0137285647556626,0.0338470374895299,"Roseburia","Malawi",12,90,13.3,0,0.2,"UK",0,50,0,0,0,0.00437044363571375,0.0206035199969363,13.3,TRUE,112,0,"Malawi",-0.810071896449205,-0.890618346567443,-0.672474010346045,-0.0664329081822714,5.1723399477946,-0.0114182001791245,0.494220556123236,0.47888748214964,0.655277516456008,0.556003948290936,0.703353195055982,0.047,0,0.047,0.85,0.8,0.9125
"128","Roseomonas",0.0130588689123523,0.027331109215648,"Roseomonas","Malawi",11,90,12.2,0,0.2,"UK",6,50,12,0,0.1,1,1,0.199999999999999,TRUE,117,0,"ns",-0.709871155712252,-1.00301639367892,-0.117563983909365,0.838425147878604,6.45817812548147,0.113204530266319,0.438750000506048,0.398873354007975,0.589956239691043,0.272483722946614,0.434746873269065,0.051,0.034,0.017,0.85,0.8,0.9125
"129","Rothia",0.0825623052027659,0.149578653799585,"Rothia","Malawi",49,90,54.4,0.9,2.2,"UK",30,50,60,0.7,1.6,0.595106322919947,0.677189953667526,-5.6,FALSE,32,0,"ns",6.43893592578942,5.51284683015102,7.2562339033779,0.839632928683464,10.1541790237305,0.0820967998482087,0.459543892864778,0.324288189637862,0.565155046044581,0.400306147297338,0.613229194178707,0.94,0.668,0.272,0.85,0.8,0.9125
"130","Ruminobacter",0.00183238007409548,0.00519293127571208,"Ruminobacter","Malawi",5,90,5.6,0,0,"UK",0,50,0,0,0,0.160193165896438,0.240289748844657,5.6,TRUE,162,0,"ns",-1.07897643875228,-1.30922188753601,-0.676756659417084,0.564892645995144,4.59918364658745,0.110217935001688,0.446735395627173,0.429263935232055,0.601378186923846,0.331732246744918,0.496333100473009,0.007,0,0.007,0.85,0.8,0.9125
"131","Ruminococcaceae_NK4A214_group",0.00170773253990252,0.00485907446145518,"Ruminococcaceae_NK4A214_group","Malawi",5,90,5.6,0,0,"UK",0,50,0,0,0,0.160193165896438,0.240289748844657,5.6,TRUE,163,0,"ns",-1.07432401443983,-1.28281299843593,-0.673437359867119,0.50035275797441,4.54629150305027,0.0969302606320364,0.450625000405772,0.443281105898857,0.6116231706262,0.379860435557199,0.531101420356347,0.005,0,0.005,0.85,0.8,0.9125
"132","Ruminococcaceae_UCG-002",0.0225335659489295,0.0505952430631063,"Ruminococcaceae_UCG-002","Malawi",13,90,14.4,0.2,1.6,"UK",0,50,0,0,0,0.00419603567549478,0.0206035199969363,14.4,TRUE,90,0,"Malawi",-0.737245720407769,-0.762206476799962,-0.69111417108982,-0.165492549939257,5.35871441551982,-0.0316289141858511,0.487187500104337,0.323109306602091,0.508434783100906,0.490930118432707,0.647209356779409,0.22,0,0.22,0.85,0.8,0.9125
"133","Ruminococcaceae_UCG-003",0.00721989276940662,0.021420867909323,"Ruminococcaceae_UCG-003","Malawi",7,90,7.8,0.1,0.4,"UK",0,50,0,0,0,0.0501212323467007,0.11896047280046,7.8,TRUE,136,0,"ns",-1.04176232009837,-1.24936928511731,-0.664554485129566,0.394651304997179,4.91259679017881,0.0639634579360459,0.46298031895316,0.551797605025199,0.719541086979193,0.443733883966909,0.599097605355579,0.085,0,0.085,0.85,0.8,0.9125
"134","Ruminococcaceae_UCG-005",0.0230589733377276,0.0486938892069261,"Ruminococcaceae_UCG-005","Malawi",16,90,17.8,0.2,1,"UK",2,50,4,0,0,0.0191305908814334,0.0603731616777065,13.8,TRUE,85,0,"ns",-0.508676354712716,-0.528257713959079,-0.477049923345268,-0.24214504404077,5.90525060082442,-0.0338148932521375,0.483598875484986,0.472899415314437,0.643445115138001,0.527742755134689,0.683379804669001,0.168,0.008,0.16,0.85,0.8,0.9125
"135","Ruminococcaceae_UCG-014",0.00525133127008911,0.0146408655680615,"Ruminococcaceae_UCG-014","Malawi",8,90,8.9,0,0.3,"UK",0,50,0,0,0,0.0504680793698921,0.11896047280046,8.9,TRUE,148,0,"ns",-1.00940930984571,-1.19230025728749,-0.686941278400747,0.412053639167015,4.80731453850793,0.0750637893338756,0.460312500325025,0.572487281081294,0.731876083496151,0.478828323875737,0.639926906476891,0.047,0,0.047,0.85,0.8,0.9125
"136","Ruminococcus_1",0.0547394492580974,0.107184154889505,"Ruminococcus_1","Malawi",14,90,15.6,0.1,0.3,"UK",0,50,0,0,0,0.00214237251198265,0.013595825556813,15.6,TRUE,46,0,"Malawi",-0.838385597222931,-0.913438501461684,-0.694642289595,-0.114475838041457,5.84775536422538,-0.017496134875348,0.489846922919222,0.295668019785043,0.48704701861894,0.553367365079389,0.707798193022168,0.077,0,0.077,0.85,0.8,0.9125
"137","Ruminococcus_2",0.0810743980059635,0.158881925754929,"Ruminococcus_2","Malawi",26,90,28.9,0.4,1.7,"UK",2,50,4,0,0,0.000290013554272252,0.00319014909699477,24.9,TRUE,33,0,"Malawi",-0.103918732766367,0.175898154582979,-0.431445131546745,-1.20137648752465,6.5819148421765,-0.165344830800987,0.409687500759752,0.0304862640147055,0.109513188570236,0.15591519781305,0.301306690678584,0.423,0.005,0.418,0.85,0.8,0.9125
"138","Salinicoccus",0.00617676657954982,0.0163951876172078,"Salinicoccus","Malawi",6,90,6.7,0,0.1,"UK",0,50,0,0,0,0.088383936301484,0.175693890614132,6.7,TRUE,142,0,"ns",-1.07739917504872,-1.31362438288251,-0.649815115015713,0.550130563639266,4.79742543470432,0.0920580424606993,0.450796626458439,0.450764801385924,0.628512814143263,0.369563429942048,0.516401423727755,0.013,0,0.013,0.85,0.8,0.9125
"139","Senegalimassilia",0.0581173427187706,0.124286336894048,"Senegalimassilia","Malawi",18,90,20,0.1,0.3,"UK",1,50,2,0,0,0.00183900864256799,0.0131928880879878,18,TRUE,42,0,"Malawi",-0.614448566342576,-0.670294804474034,-0.515146051664539,-0.204988139251633,5.62539071905949,-0.0324952705844865,0.48141205888303,0.337654072889885,0.510806679871901,0.508542302374385,0.658515125687326,0.091,0.001,0.09,0.85,0.8,0.9125
"140","Shewanella",0.00701004453377681,0.017063364027651,"Shewanella","Malawi",9,90,10,0.1,0.6,"UK",0,50,0,0,0,0.0264237022979064,0.0764896645465711,10,TRUE,138,0,"ns",-0.956475680321653,-1.10168753034046,-0.697992069385039,0.233113422240763,4.97351907532257,0.0349908907733425,0.481099656511323,0.531152470290637,0.701374876264127,0.524204157180618,0.675107317068833,0.097,0,0.097,0.85,0.8,0.9125
"141","Slackia",0.0123936731363361,0.0331567385955359,"Slackia","Malawi",5,90,5.6,0,0.1,"UK",0,50,0,0,0,0.160193165896438,0.240289748844657,5.6,TRUE,120,0,"ns",-1.0840285906107,-1.35007741861309,-0.607818151549212,0.7050418060324,4.7591684512555,0.127840046713198,0.431562500567579,0.411000442246637,0.589639992193886,0.300913614517394,0.449768609522283,0.014,0,0.014,0.85,0.8,0.9125
"142","Solobacterium",0.00332862589633266,0.0104041925265112,"Solobacterium","Malawi",5,90,5.6,0,0.1,"UK",0,50,0,0,0,0.160193165896438,0.240289748844657,5.6,TRUE,153,0,"ns",-1.13525222107813,-1.37996577511959,-0.6676743923455,0.661311478164128,4.57090893149226,0.123234493199684,0.440625000490106,0.440283041225462,0.618742312615338,0.333217470666027,0.484855106260911,0.01,0,0.01,0.85,0.8,0.9125
"143","Sphingobacterium",0.0138691406555903,0.0285939237043263,"Sphingobacterium","Malawi",3,90,3.3,0,0.2,"UK",4,50,8,0.2,1.5,0.248020236807262,0.352181411742718,-4.7,FALSE,110,0,"ns",-1.06377133050163,-1.4548455852901,-0.319527727253405,1.16766010404189,5.27515162439373,0.190229645978311,0.395625000888106,0.12664327665505,0.265354305629765,0.104357294297804,0.212951852375377,0.03,0.223,-0.193,0.85,0.8,0.9125
"144","Sphingobium",0.0122880035849849,0.0229975694528456,"Sphingobium","Malawi",5,90,5.6,0.1,0.6,"UK",4,50,8,0.1,1,0.721328286039144,0.793461114643058,-2.4,FALSE,122,0,"ns",-0.99952173267725,-1.31293814825356,-0.381510791079606,0.993451586081052,5.20053217743701,0.157389141242266,0.412187500737363,0.245094913625056,0.409483995917336,0.183856145428731,0.31229501715874,0.084,0.141,-0.057,0.85,0.8,0.9125
"145","Sphingomonas",0.203323772914173,0.365947736492963,"Sphingomonas","Malawi",39,90,43.3,0.3,0.6,"UK",11,50,22,0,0.1,0.016258529004059,0.0558886934514528,21.3,TRUE,13,1,"ns",0.855015629284962,1.35081502184649,0.379397952647459,-1.55612995184363,7.83473797202735,-0.196861640412159,0.416250000701233,0.0557939559535141,0.175947943113084,0.122880363174816,0.274174146045413,0.266,0.019,0.247,0.85,0.8,0.9125
"146","Staphylococcus",0.17142709856693,0.306193650164078,"Staphylococcus","Malawi",88,90,97.8,25.8,21.5,"UK",50,50,100,30.2,29.8,0.537512846865364,0.62059567783577,-2.2,FALSE,17,1,"ns",14.9232694367422,14.6473390299108,15.6175612032814,0.803011384403959,3.94009844785541,0.170257505522635,0.40875000076818,0.220371431108362,0.474387986363854,0.110474015899218,0.285701345839196,25.894,30.214,-4.32,0.85,0.8,0.9125
"147","Stenotrophomonas",0.0338290867447873,0.0638556114611314,"Stenotrophomonas","Malawi",21,90,23.3,0.2,0.8,"UK",9,50,18,0.4,1.9,0.524267949154934,0.613505046883433,5.3,TRUE,71,0,"ns",-0.141800744956079,-0.319025144291942,0.10648701434585,0.381397843618716,7.38072699126226,0.04613601392916,0.473289597218793,0.662442081735128,0.810502585619357,0.598903808667778,0.744327776419423,0.2,0.378,-0.178,0.85,0.8,0.9125
"148","Streptococcus",0.175644217782517,0.308097061674836,"Streptococcus","Malawi",90,90,100,27.6,22.3,"UK",49,50,98,35.2,28.5,0.357142857142857,0.460379464285714,2,TRUE,15,1,"ns",15.3721189535747,14.9084411570056,16.120101625039,0.929859650770632,3.61729649914434,0.19920177444163,0.378006873907197,0.314711063162043,0.56414599868117,0.0169605924369518,0.086507110685946,27.831,35.351,-7.52,0.85,0.8,0.9125
"149","Subdoligranulum",0.0380993880192941,0.0758636725666577,"Subdoligranulum","Malawi",21,90,23.3,0.2,0.9,"UK",5,50,10,0,0.1,0.0691113497917586,0.154231157421678,13.3,TRUE,63,0,"ns",-0.290967747193534,-0.318796272139105,-0.240858671837952,-0.313617857132231,6.43880623713394,-0.041633735629639,0.477350828050875,0.446845901865094,0.630463458756531,0.549710195458244,0.715024125141035,0.218,0.012,0.206,0.85,0.8,0.9125
"150","Succinivibrio",0.0281131089201056,0.0563477597304564,"Succinivibrio","Malawi",14,90,15.6,0.1,0.8,"UK",0,50,0,0,0,0.00214237251198265,0.013595825556813,15.6,TRUE,79,0,"Malawi",-0.785268497092485,-0.855293162414764,-0.674448051026555,-0.145120117666773,5.34779100934761,-0.0242279673612562,0.488284911060654,0.430245992153767,0.612757432965559,0.542075726927899,0.691128191849019,0.111,0,0.111,0.85,0.8,0.9125
"151","Sutterella",0.0123950567370562,0.029324614418822,"Sutterella","Malawi",6,90,6.7,0,0.1,"UK",0,50,0,0,0,0.088383936301484,0.175693890614132,6.7,TRUE,119,0,"ns",-1.08844624689003,-1.3678769871334,-0.60364836210583,0.599559431632874,4.79619989423598,0.10394226934933,0.4465625004399,0.512765817405618,0.675387040421566,0.351717051225856,0.51014079570823,0.025,0,0.025,0.85,0.8,0.9125
"152","Tepidimonas",0.00240358566505547,0.00568473338908275,"Tepidimonas","Malawi",5,90,5.6,0.1,0.5,"UK",0,50,0,0,0,0.160193165896438,0.240289748844657,5.6,TRUE,159,0,"ns",-1.09817111936102,-1.3713046265247,-0.633219013788654,0.602910469464986,4.77161419852314,0.100034233963273,0.446875000437269,0.503621662782188,0.679994599891465,0.309123441585827,0.46513855365677,0.082,0,0.082,0.85,0.8,0.9125
"153","Terrisporobacter",0.00834056138659527,0.0182549706098406,"Terrisporobacter","Malawi",5,90,5.6,0,0.1,"UK",0,50,0,0,0,0.160193165896438,0.240289748844657,5.6,TRUE,134,0,"ns",-1.02920410755731,-1.34365062062705,-0.491234200471489,0.783645606261073,4.63005274675011,0.147609179332779,0.425492034359187,0.379014273030574,0.555073242151179,0.264143951230776,0.407931744497237,0.011,0,0.011,0.85,0.8,0.9125
"154","Thermomonas",0.00492001745043442,0.0122308916546458,"Thermomonas","Malawi",5,90,5.6,0,0.1,"UK",0,50,0,0,0,0.160193165896438,0.240289748844657,5.6,TRUE,149,0,"ns",-1.07963262980578,-1.32042298793298,-0.662592139058983,0.622056713744721,4.59326286762905,0.112480329274924,0.440937500487453,0.477054686897701,0.644948349663621,0.365177639814791,0.505385801076382,0.012,0,0.012,0.85,0.8,0.9125
"155","Tyzzerella_4",0.00540802725406801,0.0243596994732325,"Tyzzerella_4","Malawi",5,90,5.6,0,0,"UK",0,50,0,0,0,0.160193165896438,0.240289748844657,5.6,TRUE,147,0,"ns",-1.10547852848912,-1.37529669320457,-0.603310335733513,0.659821992150716,4.5129829085266,0.124631636853098,0.436250000527372,0.379562448568128,0.552472494298183,0.294608623675913,0.447612531573669,0.003,0,0.003,0.85,0.8,0.9125
"156","unassigned",0.0869482825928428,0.169006832150387,"unassigned","Malawi",7,90,7.8,0,0,"UK",17,50,34,0,0.1,0.000141806095840667,0.00194983381780917,-26.2,FALSE,30,0,"UK",-0.41178821341561,-1.17019902375663,1.68768060922857,3.19884649460443,5.9514433249763,0.505521506737161,0.290221807756318,0.000897134480873056,0.00643099985807557,0.000538363456069376,0.00473396238173657,0.005,0.026,-0.021,0.85,0.8,0.9125
"157","unassigned_Caulobacteraceae",0.00636965577400494,0.0135429536021645,"unassigned_Caulobacteraceae","Malawi",5,90,5.6,0,0.1,"UK",2,50,4,0,0,1,1,1.6,TRUE,141,0,"ns",-1.06408179090731,-1.3756326645437,-0.498389991418508,0.83117020185383,5.22070670914645,0.1327845340671,0.424687500627123,0.394703870449943,0.568565293335596,0.257136263045867,0.403303959737877,0.031,0.006,0.025,0.85,0.8,0.9125
"158","unassigned_Enterobacteriaceae",0.0596712981265523,0.118789593112115,"unassigned_Enterobacteriaceae","Malawi",20,90,22.2,1.6,5.9,"UK",5,50,10,0,0.1,0.105575533337702,0.185318755326817,12.2,TRUE,40,0,"ns",-0.460768014382714,-0.628686792932417,-0.229287630632738,0.160135279318137,7.12696254693488,0.017638680391282,0.491250000071229,0.217911700727598,0.424743333028524,0.649932521413954,0.783641399426177,1.606,0.011,1.595,0.85,0.8,0.9125
"159","unassigned_Lachnospiraceae",0.139123151397131,0.275149641313069,"unassigned_Lachnospiraceae","Malawi",29,90,32.2,0.2,0.6,"UK",3,50,6,0,0,0.000279016226687453,0.00319014909699477,26.2,TRUE,23,0,"Malawi",-0.0804605815585244,0.248787932455525,-0.488573983791854,-1.44346196073595,6.5166391056108,-0.207827862252901,0.404561075469716,0.0322166099460157,0.104783564128616,0.120109669494324,0.252474191646427,0.208,0.002,0.206,0.85,0.8,0.9125
"160","unassigned_Prevotellaceae",0.00639360678440306,0.0144064657649008,"unassigned_Prevotellaceae","Malawi",10,90,11.1,0,0.1,"UK",0,50,0,0,0,0.0141314021176896,0.052992757941336,11.1,TRUE,140,0,"ns",-0.9505000677845,-1.08903636351807,-0.695175546923162,0.131079079568906,5.1655085607536,0.0258030849307236,0.488597313432367,0.495758020391401,0.675211100767727,0.520833625029191,0.669848101271891,0.031,0,0.031,0.85,0.8,0.9125
"161","unassigned_Ruminococcaceae",0.041429116340257,0.0783426747676821,"unassigned_Ruminococcaceae","Malawi",13,90,14.4,0.1,0.3,"UK",0,50,0,0,0,0.00419603567549478,0.0206035199969363,14.4,TRUE,57,0,"Malawi",-0.797486056967344,-0.867293241001679,-0.712416654596765,-0.141435341043595,5.3635202523435,-0.0231648826507845,0.490000000081413,0.385587991757219,0.568544973816706,0.578721904143169,0.720466489641919,0.062,0,0.062,0.85,0.8,0.9125
"162","unassigned_Saccharimonadales",0.04659929219805,0.0990128147056629,"unassigned_Saccharimonadales","Malawi",9,90,10,0.1,0.6,"UK",1,50,2,0,0,0.0961436202241155,0.175693890614132,8,TRUE,52,0,"ns",-0.946502242023429,-1.20216967510974,-0.546197725516654,0.43518236413556,5.4547945788643,0.0665583008097956,0.459375000332804,0.573014544611036,0.742854476275425,0.409157121638891,0.560670186888174,0.113,0.002,0.111,0.85,0.8,0.9125
"163","Veillonella",0.139780717603834,0.25059730272605,"Veillonella","Malawi",67,90,74.4,3.4,9.3,"UK",31,50,62,3.8,7.3,0.129556941117781,0.22038036375705,12.4,TRUE,22,0,"ns",8.31330634467601,9.20559131468059,7.76935471564508,-0.290383681897148,10.2459465357772,-0.0275485475665592,0.486722899202091,0.571537924799155,0.766254101425017,0.740009676835024,0.857838242740397,3.401,3.764,-0.363,0.85,0.8,0.9125
"164","Weeksella",0.0130454946863541,0.0289428611713068,"Weeksella","Malawi",6,90,6.7,0,0.1,"UK",0,50,0,0,0,0.088383936301484,0.175693890614132,6.7,TRUE,118,0,"ns",-1.06724539068896,-1.34890399481034,-0.564470098476587,0.566615527324606,4.70162179492817,0.100881809870372,0.443611371910936,0.4929205908305,0.654754881630318,0.340001406535807,0.491456245047275,0.01,0,0.01,0.85,0.8,0.9125
"165","Weissella",0.0413651963059969,0.080434008251153,"Weissella","Malawi",11,90,12.2,0,0.1,"UK",0,50,0,0,0,0.0077586829927572,0.030480540328689,12.2,TRUE,58,0,"Malawi",-0.935467414895113,-1.07951855824652,-0.679206338104876,0.0840024741387175,5.11599161080623,0.0130979782925322,0.493283349008088,0.522823577260263,0.69834366152196,0.513563784332397,0.670078356805067,0.013,0,0.013,0.85,0.8,0.9125
