"","tax_id","mean","sd","taxonomy","group1_country","group1_present","group1_n","group1_prev","group1_mean","group1_sd","group2_country","group2_present","group2_n","group2_prev","group2_mean","group2_sd","fisher_p","fisher_padj","prev_diff","enriched_group1","rf_rank","rf_top20","fisher_col","rab.all","rab.win.India","rab.win.Malawi","diff.btw","diff.win","effect","overlap","we.ep","we.eBH","wi.ep","wi.eBH","mean_rabund_country1","mean_rabund_country2","mean_rabund_diff","crossval_median","crossval_quartile_1","crossval_quartile_3"
"1","Abiotrophia",0.0139801321252667,0.0373381572360685,"Abiotrophia","India",6,247,2.4,0,0.1,"Malawi",5,79,6.3,0,0.2,0.14367240553135,0.198779629570772,-3.9,FALSE,131,0,"ns",-0.966512920483119,-0.978083397226295,-0.933298244394781,0.122054493424674,4.91593596543032,0.0237781421714171,0.487502499541768,0.511448026311601,0.605462839460641,0.496116768594486,0.62182502671887,0.01,0.025,-0.015,0.9,0.85,0.95
"2","Achromobacter",0.0190016727341682,0.0465270984236659,"Achromobacter","India",18,247,7.3,0,0.2,"Malawi",0,79,0,0,0,0.00907912432837311,0.0197634193267622,7.3,TRUE,105,0,"India",-0.91420116698879,-0.785744189223919,-1.28697451660997,-0.514915176172446,4.88772668235643,-0.089774495723574,0.449600000169725,0.112446662242334,0.173897399376649,0.228001580478065,0.334774652035987,0.03,0,0.03,0.9,0.85,0.95
"3","Acidovorax",0.0383937323161152,0.07310111824936,"Acidovorax","India",44,247,17.8,0.1,0.3,"Malawi",4,79,5.1,0,0.1,0.00549255775576704,0.0124662546816286,12.7,TRUE,63,0,"India",-0.505312076501635,-0.31498484591712,-1.08167410909299,-0.930002120895946,6.17821541611365,-0.139415488348147,0.422915417179716,0.0357527853065683,0.0744266255321292,0.0876082289585242,0.168430167903916,0.091,0.026,0.065,0.9,0.85,0.95
"4","Acinetobacter",0.373124929210531,0.661603400422659,"Acinetobacter","India",238,247,96.4,7.2,10,"Malawi",58,79,73.4,2.9,5.2,2.83212418884845e-08,3.0109951902494e-07,23,TRUE,5,1,"India",11.7702204782087,12.0005534460783,10.4945194205626,-1.84798685579875,6.05939292221019,-0.277435913856711,0.335332934028737,2.87627129497608e-06,3.87377043505313e-05,7.23428276124398e-06,0.000114609722808081,7.28,2.91,4.37,0.9,0.85,0.95
"5","Actinomyces",0.0293304979096331,0.0639261754454235,"Actinomyces","India",52,247,21.1,0.4,2,"Malawi",18,79,22.8,0.2,0.8,0.754215340471723,0.846397215418266,-1.7,FALSE,84,0,"ns",-0.186712079632688,-0.17027985028222,-0.237173147509983,-0.00331815492430287,8.16439377381977,-0.00058240430311684,0.499600000001334,0.672672458406579,0.761154085289128,0.611201179884892,0.729127941432269,0.432,0.163,0.269,0.9,0.85,0.95
"6","Aerococcus",0.0207443841670962,0.0384043659693786,"Aerococcus","India",46,247,18.6,0.1,0.4,"Malawi",15,79,19,0.1,0.3,1,1,-0.399999999999999,FALSE,98,0,"ns",-0.259474891699925,-0.205609901727259,-0.454001548125229,-0.149919592567583,7.14457989430964,-0.0187666097269581,0.487502499541768,0.602010242323392,0.697697093761646,0.548302348152445,0.673403789680881,0.093,0.062,0.031,0.9,0.85,0.95
"7","Aeromonas",0.150145920524897,0.297340130617678,"Aeromonas","India",109,247,44.1,0.4,1.2,"Malawi",16,79,20.3,0.1,0.5,0.00011104076620465,0.000423211976855458,23.8,TRUE,13,1,"India",1.13085001527219,1.85442199092653,-0.239354823813832,-2.56058982719535,8.41503857651041,-0.308576937418816,0.363727255039586,0.000194665118312254,0.0011008032459602,0.000609828307060532,0.00362567279117415,0.413,0.122,0.291,0.9,0.85,0.95
"8","Agathobacter",0.093260282063692,0.191687686725054,"Agathobacter","India",18,247,7.3,0,0.3,"Malawi",29,79,36.7,0.3,1.1,2.3641148436031e-09,2.80912469651662e-08,-29.4,FALSE,25,0,"Malawi",-0.434133925377001,-0.755627299142571,1.12072226809659,2.6804151172226,7.27801346189469,0.357547666260152,0.337332534099468,7.19773558095338e-05,0.000439663221174229,0.000234454053759993,0.00149206651612539,0.041,0.348,-0.307,0.9,0.85,0.95
"9","Akkermansia",0.0145351468869559,0.031190620463773,"Akkermansia","India",3,247,1.2,0,0.1,"Malawi",9,79,11.4,0.1,0.3,0.000227153782115757,0.000740081677215854,-10.2,FALSE,129,0,"Malawi",-0.981621351763311,-1.05263160751684,-0.752812332919211,0.50196587494915,5.33239084728619,0.0866256818231014,0.457400000143038,0.164218502413102,0.243782036935547,0.338962729381253,0.450306268671988,0.01,0.057,-0.047,0.9,0.85,0.95
"10","Alishewanella",0.0942771487280282,0.181836663198198,"Alishewanella","India",75,247,30.4,0.4,3.3,"Malawi",5,79,6.3,0,0.1,4.20738654801939e-06,2.23926317903522e-05,24.1,TRUE,24,0,"India",-0.0073858447870343,0.454360572829418,-1.0651137602341,-2.17911137837276,7.22418080443098,-0.287051112144261,0.35800000051486,5.07249586091077e-05,0.000319827322043042,0.00133752576950114,0.00605473652026176,0.451,0.025,0.426,0.9,0.85,0.95
"11","Alloprevotella",0.0363556688715685,0.0716894832425039,"Alloprevotella","India",24,247,9.7,0.2,1.4,"Malawi",20,79,25.3,0.2,0.7,0.00101199405614827,0.00268977367555197,-15.6,FALSE,66,0,"Malawi",-0.550271599682949,-0.69238444384083,-0.0193642391291977,0.967667195002935,7.50694392517953,0.122900556276391,0.432513497529578,0.0503607073035655,0.0977937745270661,0.106403023753911,0.194198021854845,0.215,0.235,-0.02,0.9,0.85,0.95
"12","Allorhizobium-Neorhizobium-Pararhizobium-Rhizobium",0.0172195969030109,0.0348894358905831,"Allorhizobium-Neorhizobium-Pararhizobium-Rhizobium","India",59,247,23.9,0.3,1.4,"Malawi",9,79,11.4,0.1,0.3,0.0170900330269804,0.0341800660539607,12.5,TRUE,116,0,"India",-0.172970126782974,0.0378481454630393,-0.837264009132525,-1.12679654702247,7.25904388289897,-0.145884993922465,0.417800000281611,0.0409628416364958,0.0818873087418113,0.0799427404850666,0.155884416839215,0.262,0.054,0.208,0.9,0.85,0.95
"13","Altererythrobacter",0.00512884727361922,0.012285441996143,"Altererythrobacter","India",17,247,6.9,0,0.2,"Malawi",0,79,0,0,0,0.0160668034034278,0.0324549428749241,6.9,TRUE,174,0,"India",-0.924133706292187,-0.817832752179394,-1.26589244317812,-0.469216004428905,4.92933694292027,-0.0851726195895587,0.452200000160803,0.120040564168527,0.185851636402558,0.252963285169117,0.366665649162128,0.036,0,0.036,0.9,0.85,0.95
"14","Anaerococcus",0.0536156781465696,0.100430185687568,"Anaerococcus","India",65,247,26.3,0.2,0.8,"Malawi",21,79,26.6,0.2,0.5,1,1,-0.300000000000001,FALSE,43,0,"ns",0.107510453080161,0.139065825082564,-0.0124545510677176,-0.216666009396603,8.73131642235375,-0.0246367414330536,0.486400000045367,0.693256748968846,0.776522070887774,0.622573109017507,0.734444595421739,0.248,0.161,0.087,0.9,0.85,0.95
"15","Anaerostipes",0.0100585351598424,0.021436737545765,"Anaerostipes","India",4,247,1.6,0,0.1,"Malawi",10,79,12.7,0,0.2,0.000182925364347709,0.000637084889624778,-11.1,FALSE,145,0,"Malawi",-0.919737644622318,-1.00802430678463,-0.645412231872129,0.53467951682743,5.0494920963999,0.0947365224930222,0.450200000167663,0.227275213065452,0.312037730002887,0.256099755120434,0.364172171093469,0.005,0.037,-0.032,0.9,0.85,0.95
"16","Anaerovibrio",0.00142825609506224,0.003661111490807,"Anaerovibrio","India",0,247,0,0,0,"Malawi",7,79,8.9,0,0,3.98366196100091e-05,0.000171212705557912,-8.9,FALSE,200,0,"Malawi",-1.03352657814873,-1.10014649997317,-0.823031239527806,0.460558082205842,4.9017799204526,0.0787096472332837,0.456200000147129,0.240792333582985,0.327321855804401,0.350009207401132,0.465668145550799,0,0.011,-0.011,0.9,0.85,0.95
"17","Anoxybacillus",0.00582153271702576,0.0156789340745513,"Anoxybacillus","India",13,247,5.3,0.1,0.9,"Malawi",0,79,0,0,0,0.0434209874380362,0.073706213970448,5.3,TRUE,166,0,"ns",-1.00844544574847,-0.921989705102698,-1.29104623658805,-0.436294146619299,4.74966690877941,-0.0726302302237286,0.458400000139633,0.227074575157892,0.309377813368815,0.3616887171746,0.480012483023817,0.121,0,0.121,0.9,0.85,0.95
"18","Aquabacterium",0.00418848889138657,0.0138905929960136,"Aquabacterium","India",17,247,6.9,0,0.2,"Malawi",0,79,0,0,0,0.0160668034034278,0.0324549428749241,6.9,TRUE,184,0,"India",-0.948735958456783,-0.838087913160342,-1.30115708314282,-0.583218357248314,4.85728350863243,-0.102041981804641,0.444311137960332,0.143661773622366,0.212816940955009,0.276556933782377,0.384284637194475,0.042,0,0.042,0.9,0.85,0.95
"19","Atopobium",0.0323734863301794,0.0621459722898825,"Atopobium","India",35,247,14.2,0.2,0.7,"Malawi",19,79,24.1,0.3,0.9,0.0546202554485439,0.0886577453989547,-9.9,FALSE,73,0,"ns",-0.423197311255839,-0.513959695061635,-0.0830909440261722,0.57334457601352,8.19776692965527,0.0678325207297268,0.458000000140995,0.261238029539917,0.360984197372249,0.32271262085245,0.448240146345522,0.195,0.281,-0.086,0.9,0.85,0.95
"20","Aureimonas",0.00470718877360664,0.0103537978189358,"Aureimonas","India",5,247,2,0,0.1,"Malawi",5,79,6.3,0,0.1,0.0664264816079728,0.103216532960081,-4.3,FALSE,178,0,"ns",-0.994046101579688,-1.00405745411769,-0.957954468647298,0.105879833516189,4.7002212502545,0.0193561322338738,0.487502499541768,0.501388064929923,0.593986778406439,0.492710504613942,0.615420679566125,0.014,0.017,-0.003,0.9,0.85,0.95
"21","Bacillus",0.0208830721964675,0.0399734637256365,"Bacillus","India",64,247,25.9,0.3,1,"Malawi",20,79,25.3,0.1,0.4,1,1,0.599999999999998,TRUE,97,0,"ns",0.166669151360145,0.186415650433222,0.118288126726803,-0.0970788519961054,8.16807374083112,-0.0127366389145315,0.492501499725051,0.624729159448671,0.722868871086774,0.611780236231143,0.732254734946125,0.28,0.134,0.146,0.9,0.85,0.95
"22","Bacteroides",0.2071631139475,0.375127084112038,"Bacteroides","India",13,247,5.3,0,0.3,"Malawi",36,79,45.6,0.7,2.2,1.22170613353012e-15,4.93569277946167e-14,-40.3,FALSE,9,1,"Malawi",-0.44259622549928,-0.857951801455622,2.0315156105815,4.23247593559464,7.68989182876554,0.525156058906636,0.286742652338287,3.9048003621754e-07,5.62672339390022e-06,6.31014797191976e-07,1.159408048795e-05,0.039,0.806,-0.767,0.9,0.85,0.95
"23","Bergeyella",0.0246148611263336,0.0512503019892171,"Bergeyella","India",45,247,18.2,0.1,0.6,"Malawi",14,79,17.7,0,0.1,1,1,0.5,TRUE,92,0,"ns",-0.316412655557619,-0.309035328922411,-0.345602833384598,0.0456190281246398,7.22839744171727,0.00521405207087065,0.497100579893684,0.680287773235981,0.768263775394741,0.639583734724856,0.752291546150891,0.108,0.048,0.06,0.9,0.85,0.95
"24","Bifidobacterium",0.133657205589013,0.242254005349128,"Bifidobacterium","India",216,247,87.4,3.4,5.8,"Malawi",75,79,94.9,5,8.7,0.0631639034740339,0.0996805351699597,-7.5,FALSE,16,1,"ns",10.6724840879105,10.4605853714221,11.5242128206486,1.22366305137936,4.86399384599425,0.199139167238211,0.39280000037455,0.000986353722294628,0.00472626229501326,0.00408492583585063,0.0204783685127748,3.483,5.086,-1.603,0.9,0.85,0.95
"25","Blastococcus",0.00781708970454647,0.0182726856393745,"Blastococcus","India",13,247,5.3,0,0,"Malawi",5,79,6.3,0,0.1,0.777586553513265,0.853654803313476,-1,FALSE,157,0,"ns",-0.869063120544079,-0.871947018902498,-0.858269131950946,0.0283808902227012,5.11077624272614,0.00518116490256947,0.497400000008667,0.567456449419233,0.664390843198539,0.54964686029099,0.669410477474934,0.007,0.013,-0.006,0.9,0.85,0.95
"26","Blautia",0.084360893380409,0.171513052448568,"Blautia","India",48,247,19.4,0.1,0.3,"Malawi",36,79,45.6,0.5,1.4,1.22674483979646e-05,6.04396238143621e-05,-26.2,FALSE,31,0,"Malawi",0.166999868418763,-0.199213288644092,2.01768722632111,2.57978167521838,8.24613043151923,0.326733617726181,0.352200000539837,0.000592169208888251,0.00250646671079836,0.00048263086489679,0.00292574193726714,0.096,0.487,-0.391,0.9,0.85,0.95
"27","Bounagaea",0.0514451727817334,0.124340105529709,"Bounagaea","India",40,247,16.2,0.2,1.3,"Malawi",0,79,0,0,0,1.33639703164068e-05,6.2779581486376e-05,16.2,TRUE,44,0,"India",-0.667939397100902,-0.422320814436263,-1.35180878313907,-1.24160420366932,5.62772251650552,-0.193020739984875,0.397400000357034,0.00210305755488879,0.00638910872987752,0.0355218495822287,0.0749434089919177,0.218,0,0.218,0.9,0.85,0.95
"28","Brachybacterium",0.0395999378965794,0.0719084483949699,"Brachybacterium","India",92,247,37.2,0.3,0.8,"Malawi",32,79,40.5,0.2,0.5,0.597695608002154,0.701944841956018,-3.3,FALSE,59,0,"ns",1.07800665441475,1.00001807942573,1.33825561355181,0.127182746888739,8.77795169925026,0.0134524191790511,0.49380000002067,0.694149020262761,0.777908970500548,0.672175891405019,0.780627218116863,0.284,0.192,0.092,0.9,0.85,0.95
"29","Bradyrhizobium",0.0667555622005498,0.139545620070166,"Bradyrhizobium","India",54,247,21.9,1,3.9,"Malawi",8,79,10.1,0,0.2,0.0210539617981877,0.0404643091902091,11.8,TRUE,37,0,"India",-0.261844369741615,-0.0547182280037219,-0.837482316022813,-1.11250673063461,7.39597255167167,-0.137172182992219,0.418000000280888,0.00580069664512566,0.0166452432019035,0.0774504615942773,0.143465633674882,0.967,0.033,0.934,0.9,0.85,0.95
"30","Brevibacterium",0.0410846238025726,0.081158962509473,"Brevibacterium","India",49,247,19.8,0.1,0.5,"Malawi",26,79,32.9,0.2,0.5,0.0210086929184392,0.0404643091902091,-13.1,FALSE,57,0,"Malawi",-0.0237693396793048,-0.178053510571314,0.631168858617409,1.05563158121798,7.99184848776103,0.128687878152336,0.43340000022601,0.0982771747580081,0.173145554493419,0.123286618708041,0.228806476177055,0.137,0.186,-0.049,0.9,0.85,0.95
"31","Brevundimonas",0.0417806931942891,0.0860521137072616,"Brevundimonas","India",64,247,25.9,0.3,1.4,"Malawi",27,79,34.2,0.2,0.6,0.194288909079096,0.259909666450182,-8.3,FALSE,55,0,"ns",0.26176607573086,0.15350451918383,0.710484786543828,0.700775964529743,8.72411738989197,0.0775053827391064,0.460107978538091,0.283287600308631,0.396216582338834,0.301161473516386,0.437273560778582,0.301,0.203,0.098,0.9,0.85,0.95
"32","Burkholderia-Caballeronia-Paraburkholderia",0.0206283146553607,0.0460022014218811,"Burkholderia-Caballeronia-Paraburkholderia","India",14,247,5.7,0,0.2,"Malawi",9,79,11.4,0,0.3,0.125883367519372,0.179644468550616,-5.7,FALSE,99,0,"ns",-0.8091723838877,-0.827499768631631,-0.749999803369029,0.143475309956271,5.59570581637743,0.0224097009546758,0.488200000039355,0.541440872104414,0.638804557528213,0.557597462616696,0.679657103890291,0.03,0.049,-0.019,0.9,0.85,0.95
"33","Buttiauxella",0.016423218241146,0.0353065284666121,"Buttiauxella","India",26,247,10.5,0,0.2,"Malawi",3,79,3.8,0,0.2,0.0722783982000147,0.111452186537427,6.7,TRUE,119,0,"ns",-0.707190252041777,-0.586547867261889,-1.031834862958,-0.46830743483623,5.45259172813238,-0.0748999756855815,0.459600000135552,0.313617195338963,0.41014096810671,0.35145896090021,0.47333243962312,0.044,0.028,0.016,0.9,0.85,0.95
"34","Butyrivibrio",0.0123327223178568,0.0270755474153897,"Butyrivibrio","India",1,247,0.4,0,0,"Malawi",11,79,13.9,0.1,0.2,9.31697542278622e-07,6.07106140452521e-06,-13.5,FALSE,135,0,"Malawi",-0.941630452657504,-1.08252158611574,-0.39037566816344,0.898743763379107,5.10850224392984,0.154749211154603,0.420200000272952,0.0623325476377994,0.105925140242162,0.0896383565895775,0.159926766881857,0,0.05,-0.05,0.9,0.85,0.95
"35","CAG-56",0.00468641559650352,0.0119092695667202,"CAG-56","India",0,247,0,0,0,"Malawi",5,79,6.3,0,0,0.00075750047507222,0.00215514219668434,-6.3,FALSE,179,0,"Malawi",-1.06662960451288,-1.10419803413898,-0.915794983814518,0.299027198349872,4.73351030958904,0.0547968546742757,0.469706058889553,0.414115206950739,0.509255928958282,0.469455319500793,0.586497230168722,0,0.005,-0.005,0.9,0.85,0.95
"36","Catenibacterium",0.0258114149447225,0.0679784629172683,"Catenibacterium","India",25,247,10.1,0.1,0.4,"Malawi",13,79,16.5,0.1,0.2,0.157218254970972,0.213141526873399,-6.4,FALSE,91,0,"ns",-0.628097784657882,-0.698069805493835,-0.385858749804493,0.396664539543937,6.29959332198162,0.0571334271584311,0.467906418823635,0.461200259830103,0.558770432123391,0.428659313747836,0.555974020732125,0.081,0.054,0.027,0.9,0.85,0.95
"37","Caulobacter",0.00465252697006808,0.0119675312181203,"Caulobacter","India",5,247,2,0,0.2,"Malawi",5,79,6.3,0,0,0.0664264816079728,0.103216532960081,-4.3,FALSE,180,0,"ns",-0.999053259545422,-1.00635748020841,-0.972589570900725,0.154728812612555,4.81893784934027,0.0259333220180052,0.483000000056732,0.485224224543935,0.582931627185685,0.490426332722732,0.613754666955124,0.015,0.008,0.007,0.9,0.85,0.95
"38","Cellulosimicrobium",0.00396368072832177,0.0116426046207042,"Cellulosimicrobium","India",13,247,5.3,0,0.1,"Malawi",2,79,2.5,0,0,0.536510139258605,0.652861735724327,2.8,TRUE,187,0,"ns",-0.947664076820656,-0.864529382407316,-1.22103395308442,-0.352653476872679,4.94675912354989,-0.0648501524645245,0.465706858743079,0.424715814228285,0.519699544581636,0.405958831509886,0.525430260005259,0.017,0.002,0.015,0.9,0.85,0.95
"39","Christensenellaceae_R-7_group",0.0152437131773174,0.0323813549632139,"Christensenellaceae_R-7_group","India",0,247,0,0,0,"Malawi",10,79,12.7,0,0.1,4.43296496111114e-07,3.19806757908732e-06,-12.7,FALSE,125,0,"Malawi",-1.0111292574729,-1.11210762964438,-0.665277150895454,0.694590916991984,5.19771748347427,0.110654006263583,0.439112177770419,0.129743919643966,0.195412002522808,0.214557597725495,0.316473591222159,0,0.028,-0.028,0.9,0.85,0.95
"40","Chryseobacterium",0.0394986337657828,0.0810524174256312,"Chryseobacterium","India",56,247,22.7,0.1,0.4,"Malawi",17,79,21.5,0.2,0.6,0.878034809987956,0.933489640092458,1.2,TRUE,60,0,"ns",-0.0495146212331337,-0.0409600952675255,-0.0741657210069917,0.0364879938786817,8.11770180021773,0.00380254734472839,0.497800000007334,0.68291763411441,0.765531868094143,0.628053691259608,0.740294602337471,0.136,0.201,-0.065,0.9,0.85,0.95
"41","Chryseomicrobium",0.0427664634990427,0.0969908538166017,"Chryseomicrobium","India",41,247,16.6,0.1,0.4,"Malawi",3,79,3.8,0,0,0.00229978331917933,0.00566531988383201,12.8,TRUE,54,0,"India",-0.603550820634892,-0.40043163875972,-1.17669143516777,-1.00741678231876,5.80310145256787,-0.155865397174827,0.416716656954085,0.00826614573841335,0.0216461395159251,0.0748485851807394,0.140837287817281,0.114,0.001,0.113,0.9,0.85,0.95
"42","Citricoccus",0.0429431383949715,0.10058636858878,"Citricoccus","India",28,247,11.3,0.1,0.4,"Malawi",22,79,27.8,0.1,0.1,0.000987092729672065,0.00265856975191676,-16.5,FALSE,52,0,"Malawi",-0.446031909358661,-0.617748353638054,0.187595824881292,1.20032329640382,7.08932868534039,0.163862621096357,0.419200000276555,0.0732631554234074,0.125974952634192,0.095476616467522,0.175674430058516,0.088,0.062,0.026,0.9,0.85,0.95
"43","Cloacibacterium",0.0322088536632373,0.0618513947411399,"Cloacibacterium","India",53,247,21.5,0.2,1.1,"Malawi",17,79,21.5,0.3,1.8,1,1,0,FALSE,74,0,"ns",-0.0744086876850503,-0.031725877909583,-0.228088263891078,-0.115877891921077,8.01961452886084,-0.0144050218137014,0.492400000025339,0.703337756338452,0.787970033830732,0.611904172508667,0.728682887545621,0.229,0.336,-0.107,0.9,0.85,0.95
"44","Clostridium_sensu_stricto_1",0.0193587783739849,0.039372291709853,"Clostridium_sensu_stricto_1","India",17,247,6.9,0,0.2,"Malawi",10,79,12.7,0.1,0.2,0.156361002335824,0.213141526873399,-5.8,FALSE,103,0,"ns",-0.778690502288264,-0.788087974605549,-0.749072343080281,0.155860722039259,5.94432813024373,0.0240443123284373,0.484000000053388,0.489118885032085,0.584348918311525,0.518460700920707,0.638281336630563,0.038,0.05,-0.012,0.9,0.85,0.95
"45","Cnuella",0.00677360001009645,0.0152458350609733,"Cnuella","India",16,247,6.5,0.1,0.4,"Malawi",0,79,0,0,0,0.0153046901973563,0.0315464022435303,6.5,TRUE,164,0,"India",-0.986986135829476,-0.880553135422122,-1.33492921666091,-0.463960581531522,4.89424827124768,-0.0775142414570772,0.458308338472223,0.131294122219739,0.198273304169826,0.309977063267839,0.4188644861236,0.073,0,0.073,0.9,0.85,0.95
"46","Collinsella",0.0362778534342259,0.0664658079789669,"Collinsella","India",63,247,25.5,0.4,1.3,"Malawi",28,79,35.4,0.7,2.5,0.112370566707948,0.163301111330975,-9.9,FALSE,68,0,"ns",0.380925239865904,0.125437194706508,1.38658050076885,1.2996972063692,8.80922854201398,0.14375288890652,0.428114377369153,0.109883653919154,0.189273653575979,0.100775307782001,0.195048837742574,0.392,0.663,-0.271,0.9,0.85,0.95
"47","Comamonas",0.0863583003888317,0.164241142709044,"Comamonas","India",80,247,32.4,0.3,0.9,"Malawi",9,79,11.4,0.1,0.3,0.000151219190147568,0.000555386843814703,21,TRUE,30,0,"India",0.274286431600501,0.678806889584065,-0.720229053954236,-1.99979348559602,7.38519902435531,-0.262908076424545,0.368000000472964,0.000225603208274422,0.00119543600760193,0.00398130034558013,0.0137274592324062,0.286,0.049,0.237,0.9,0.85,0.95
"48","Coprococcus_1",0.0107752027362371,0.0227310457860363,"Coprococcus_1","India",2,247,0.8,0,0.1,"Malawi",6,79,7.6,0,0.1,0.00316619611968004,0.00763889316288333,-6.8,FALSE,141,0,"Malawi",-1.03895439184737,-1.0650257314215,-0.952199342200419,0.27815868520254,4.96279641676837,0.0462260009934164,0.475104979087355,0.342469833458879,0.436653584681043,0.439355116357871,0.560165108870191,0.01,0.022,-0.012,0.9,0.85,0.95
"49","Coprococcus_2",0.00717534924222965,0.0210703766738461,"Coprococcus_2","India",0,247,0,0,0,"Malawi",11,79,13.9,0,0.1,9.67957538976801e-08,8.14697595305474e-07,-13.9,FALSE,162,0,"Malawi",-1.00366114155467,-1.12656090215965,-0.528450723652119,0.832077776956686,5.08487014375479,0.140942011505855,0.425800000252903,0.0823527425548271,0.138456202457757,0.13023011865169,0.218185905108551,0,0.021,-0.021,0.9,0.85,0.95
"50","Corynebacterium",0.00550990035048087,0.0124275618916345,"Corynebacterium","India",17,247,6.9,0,0.2,"Malawi",4,79,5.1,0,0,0.792758209366806,0.860952463935994,1.8,TRUE,167,0,"ns",-0.851304133889443,-0.789314194364337,-1.03184373457116,-0.277052344019564,5.16156514304051,-0.0448205444021212,0.472800000090936,0.434514419344507,0.535561305285168,0.459913992995002,0.586349191439436,0.035,0.006,0.029,0.9,0.85,0.95
"51","Corynebacterium_1",0.546588997046893,0.978425404409764,"Corynebacterium_1","India",235,247,95.1,8.2,10.4,"Malawi",74,79,93.7,2.2,3.5,0.570614316461732,0.678024070148647,1.39999999999999,TRUE,2,1,"ns",11.9743497718983,12.1747141729986,10.7052678317239,-1.62561174147587,4.04002611564883,-0.300796661208161,0.332333533922786,0.00100384469394335,0.00500088855748623,1.51250635626683e-05,0.000201195758037075,8.315,2.248,6.067,0.9,0.85,0.95
"52","Curtobacterium",0.0096459842535692,0.0217925006584289,"Curtobacterium","India",17,247,6.9,0,0.2,"Malawi",1,79,1.3,0,0.1,0.0850332192359577,0.127234891004915,5.6,TRUE,146,0,"ns",-0.92102791689908,-0.827519010275743,-1.21961093133816,-0.442216348158696,4.89488883067669,-0.0760993314516714,0.46030793854541,0.2756573766158,0.366357494351331,0.349735768236947,0.469043868154665,0.031,0.011,0.02,0.9,0.85,0.95
"53","Cutibacterium",0.125436352719813,0.233969015543918,"Cutibacterium","India",193,247,78.1,1.3,3.3,"Malawi",62,79,78.5,0.7,1.1,1,1,-0.400000000000006,FALSE,20,1,"ns",8.7565154032031,8.838921247605,8.51491729280419,-0.0803866032848033,7.31020391752951,-0.00985580324453666,0.492501499725051,0.797891207043537,0.860173454163346,0.898491553690125,0.941919484910327,1.296,0.713,0.583,0.9,0.85,0.95
"54","Deinococcus",0.0509650677840537,0.101325810182851,"Deinococcus","India",57,247,23.1,0.1,0.4,"Malawi",1,79,1.3,0,0,7.96570955396844e-07,5.36357776633875e-06,21.8,TRUE,45,0,"India",-0.358849703214238,-0.0335001726511166,-1.25490428559125,-1.62863665809881,6.09579242559188,-0.244541776649925,0.374800000445251,0.000125823234382936,0.000527264201052369,0.00441941903058433,0.0146716686796439,0.135,0.001,0.134,0.9,0.85,0.95
"55","Delftia",0.0233634224852774,0.0526624846883934,"Delftia","India",26,247,10.5,0,0.3,"Malawi",2,79,2.5,0,0.1,0.035119641202254,0.0616884132422201,8,TRUE,95,0,"ns",-0.811138096575229,-0.665410801199876,-1.23772129720085,-0.614517411773743,5.35451931720019,-0.0977218623430174,0.441911617872663,0.141005137816845,0.209808687738426,0.212499813977033,0.316625445734799,0.05,0.013,0.037,0.9,0.85,0.95
"56","Dermacoccus",0.0373363426307974,0.0730008800852724,"Dermacoccus","India",47,247,19,0.5,1.7,"Malawi",9,79,11.4,0.1,0.4,0.126588887223849,0.179644468550616,7.6,TRUE,64,0,"ns",-0.384282002559646,-0.271995112204902,-0.71245616891706,-0.521560764687926,7.14186805350259,-0.0686859331694591,0.458800000138272,0.105412071131727,0.17750820314739,0.317592680040863,0.434679939921801,0.495,0.081,0.414,0.9,0.85,0.95
"57","Dialister",0.0123845469165142,0.0303655943635502,"Dialister","India",1,247,0.4,0,0,"Malawi",10,79,12.7,0.1,0.4,3.90830391824546e-06,2.19299275412662e-05,-12.3,FALSE,134,0,"Malawi",-1.00227572200076,-1.10346156101529,-0.621083757064804,0.630431173348784,5.36725810477045,0.10144985784439,0.445310937996868,0.0664119391923113,0.119321695824506,0.191146816381936,0.295359787455913,0.001,0.115,-0.114,0.9,0.85,0.95
"58","Diaphorobacter",0.0153225061368783,0.0441056684309852,"Diaphorobacter","India",14,247,5.7,0,0.3,"Malawi",4,79,5.1,0,0.1,1,1,0.600000000000001,TRUE,124,0,"ns",-0.950489340267216,-0.873008932456711,-1.1720343535291,-0.260614812938302,5.23492843104036,-0.0404282394240827,0.475400000082199,0.467053429614982,0.571251636855247,0.430668114873072,0.550031993209131,0.041,0.011,0.03,0.9,0.85,0.95
"59","Dietzia",0.0475844288441785,0.0963291864442618,"Dietzia","India",40,247,16.2,0.1,0.3,"Malawi",24,79,30.4,0.1,0.4,0.00876325827366316,0.0196686463475551,-14.2,FALSE,48,0,"Malawi",-0.210960217197661,-0.354744702450976,0.344194159356608,1.14059906721104,7.3703759911275,0.15068706867857,0.422915417179716,0.0614017772710798,0.115680763661295,0.109809595046104,0.202512376414074,0.074,0.155,-0.081,0.9,0.85,0.95
"60","Dolosigranulum",0.00946815376754618,0.021773677025371,"Dolosigranulum","India",19,247,7.7,0,0.2,"Malawi",5,79,6.3,0,0,0.808167625757919,0.872993905898928,1.4,TRUE,147,0,"ns",-0.807376461423577,-0.742245992339436,-1.01388144230994,-0.254477937489616,5.439540451841,-0.0421572178567871,0.4768000000775,0.409918978551969,0.513637752395721,0.47378257059907,0.597224066576482,0.031,0.006,0.025,0.9,0.85,0.95
"61","Dorea",0.0293875215167279,0.0588670347561509,"Dorea","India",14,247,5.7,0,0.2,"Malawi",17,79,21.5,0.1,0.5,0.000109303112682876,0.000423211976855458,-15.8,FALSE,83,0,"Malawi",-0.692904943383693,-0.876441984618467,-0.0318286572106388,1.17262791098115,6.37473044007974,0.170546549907533,0.409118176677892,0.0285774739991824,0.0591228041265425,0.0551970904157146,0.112679827103937,0.033,0.137,-0.104,0.9,0.85,0.95
"62","Ellin6055",0.0306559904470628,0.0701246618629543,"Ellin6055","India",30,247,12.1,0.1,0.4,"Malawi",0,79,0,0,0,0.000214403230771747,0.000734058518913439,12.1,TRUE,77,0,"India",-0.76852245999283,-0.599956702479785,-1.29075046994922,-0.849381413617346,5.3326475561818,-0.139452117838471,0.42600000025219,0.014265695589782,0.032687673685225,0.0952284352326392,0.170382657025276,0.08,0,0.08,0.9,0.85,0.95
"63","Empedobacter",0.0246114200458582,0.0483614159768483,"Empedobacter","India",28,247,11.3,0,0.1,"Malawi",11,79,13.9,0,0.2,0.552304332423801,0.664080209223856,-2.6,FALSE,93,0,"ns",-0.585985816676351,-0.57014704509187,-0.637558786421745,0.0866266623250862,6.32961513275413,0.0118483949724155,0.49380000002067,0.631707369175575,0.719094712828966,0.596299926246493,0.712322962423642,0.034,0.042,-0.008,0.9,0.85,0.95
"64","Enhydrobacter",0.09029527935677,0.168404587829428,"Enhydrobacter","India",133,247,53.8,0.8,2.5,"Malawi",26,79,32.9,0.6,1.4,0.00123945544564812,0.00316924050659394,20.9,TRUE,27,0,"India",3.14118279520919,6.04122183968908,0.735810205284416,-1.85275650095479,10.1404673560595,-0.190262142097284,0.408400000315937,0.0181989170392154,0.0488201760494383,0.0215315648081424,0.0676468690573657,0.802,0.572,0.23,0.9,0.85,0.95
"65","Enterobacter",0.0157632254829306,0.0336430382648651,"Enterobacter","India",37,247,15,0.1,0.4,"Malawi",13,79,16.5,0.2,1.1,0.723195352218701,0.825341588407783,-1.5,FALSE,122,0,"ns",-0.439773594473456,-0.420094179053854,-0.50311754209671,0.0299449953420954,6.80036755997316,0.00330429641736076,0.498200000006,0.617986630405176,0.710858561403063,0.562768971149814,0.687548328698848,0.084,0.238,-0.154,0.9,0.85,0.95
"66","Enterococcus",0.0303213444350927,0.075202938836443,"Enterococcus","India",47,247,19,0.2,1.1,"Malawi",13,79,16.5,0.1,0.4,0.738980769159616,0.833933605420349,2.5,TRUE,80,0,"ns",-0.32477671644764,-0.266451747390956,-0.529493965494259,-0.371920754523879,6.9436756995097,-0.0543761956056995,0.46910617886758,0.324483758278837,0.428200184094187,0.476628014484447,0.59886271366925,0.264,0.078,0.186,0.9,0.85,0.95
"67","Escherichia/Shigella",0.0187398779383406,0.0365299075889541,"Escherichia/Shigella","India",11,247,4.5,0.1,0.5,"Malawi",16,79,20.3,0.1,0.3,4.94732438526643e-05,0.000208199901213296,-15.8,FALSE,106,0,"Malawi",-0.798995725254828,-0.954221158326678,-0.212882825306638,0.964820386132842,5.97056123932569,0.143857866754441,0.419000000277277,0.0637051086474155,0.112609980612329,0.10125530053416,0.1752091940899,0.055,0.07,-0.015,0.9,0.85,0.95
"68","Exiguobacterium",0.0609594085690325,0.118943960071629,"Exiguobacterium","India",73,247,29.6,0.3,1.2,"Malawi",9,79,11.4,0.1,0.4,0.000958670750504676,0.00265276015893075,18.2,TRUE,39,0,"India",0.0791347954325179,0.411740146585664,-0.789222919971573,-1.57177435937497,7.42926964629622,-0.211829027276015,0.392321536069096,0.00278700141421636,0.0102483451141384,0.012064998938769,0.0386987187877744,0.32,0.07,0.25,0.9,0.85,0.95
"69","Faecalibacterium",0.169141624340889,0.311216520558916,"Faecalibacterium","India",7,247,2.8,0,0.5,"Malawi",33,79,41.8,0.4,1.2,5.82930333013779e-17,3.92506424229278e-15,-39,FALSE,11,1,"Malawi",-0.56688038762849,-1.01052154341372,1.59313968312954,3.97591513713005,7.0167422679469,0.53596140704891,0.279000000915528,7.73861445109635e-07,8.54987943888695e-06,2.75752201165563e-07,5.43195373303065e-06,0.045,0.4,-0.355,0.9,0.85,0.95
"70","Finegoldia",0.0413820841036114,0.0814115388899738,"Finegoldia","India",15,247,6.1,0,0.2,"Malawi",16,79,20.3,0.1,0.6,0.000588321820020989,0.00174766187712117,-14.2,FALSE,56,0,"Malawi",-0.744656539197321,-0.837610380294054,-0.381554784119151,0.781442395379041,6.54126967279658,0.109589147400876,0.435800000217588,0.081752905676453,0.135750580368573,0.195711077357742,0.29940739767818,0.028,0.147,-0.119,0.9,0.85,0.95
"71","Flavobacterium",0.127823907586567,0.258145319829606,"Flavobacterium","India",31,247,12.6,0.1,0.4,"Malawi",25,79,31.6,0.1,0.4,0.000239524480889336,0.000755999142806966,-19,FALSE,18,1,"Malawi",-0.411936332757286,-0.557977817827036,0.165028489939907,1.35984631812818,7.84052382302735,0.164445016623304,0.41811637700501,0.0168008528520221,0.041632296353438,0.0690678322018218,0.140502424647963,0.092,0.142,-0.05,0.9,0.85,0.95
"72","Friedmanniella",0.0234101261149007,0.0507150201045398,"Friedmanniella","India",16,247,6.5,0.1,0.9,"Malawi",2,79,2.5,0,0,0.259969766621494,0.340999304269752,4,TRUE,94,0,"ns",-0.949288899357837,-0.891502612411657,-1.10694256242189,-0.259523912351938,5.03499315192837,-0.0434132371210823,0.476400000078842,0.339389731579161,0.435497630022555,0.50562940970694,0.616216086190533,0.114,0.006,0.108,0.9,0.85,0.95
"73","Fusicatenibacter",0.00401885563189094,0.00995779322061425,"Fusicatenibacter","India",4,247,1.6,0,0,"Malawi",7,79,8.9,0,0.1,0.00546336075172586,0.0124662546816286,-7.3,FALSE,186,0,"Malawi",-0.996103642913449,-1.04106424282243,-0.854563058256982,0.36982988773857,4.94296351926116,0.0629875431906712,0.465306938728434,0.318790523403753,0.407443709884131,0.409015855960427,0.530020437575956,0.002,0.022,-0.02,0.9,0.85,0.95
"74","Fusobacterium",0.0124773312329286,0.0294569916187077,"Fusobacterium","India",8,247,3.2,0,0,"Malawi",5,79,6.3,0,0.2,0.317564606418587,0.408586308895253,-3.1,FALSE,133,0,"ns",-1.01257297686744,-0.997187404154007,-1.05615735059382,0.0633944500748225,5.06175235418502,0.0120181779346311,0.49350129976171,0.537000469919227,0.629683234066014,0.52983179646831,0.655920407106826,0.005,0.033,-0.028,0.9,0.85,0.95
"75","Gemella",0.0758201583169576,0.140619523228096,"Gemella","India",98,247,39.7,0.7,1.4,"Malawi",45,79,57,1.3,2.3,0.00901800429442414,0.0197634193267622,-17.3,FALSE,32,0,"Malawi",1.73198591350222,1.24012037633057,7.96437842789811,1.95335903383217,10.8319685284315,0.190650664930968,0.394400000368434,0.012717120617076,0.0352892532741666,0.00846773799562091,0.0325538089332976,0.659,1.258,-0.599,0.9,0.85,0.95
"76","Geobacillus",0.0680594783770069,0.128429059808854,"Geobacillus","India",59,247,23.9,0.2,0.9,"Malawi",1,79,1.3,0.1,0.8,4.41473637775225e-07,3.19806757908732e-06,22.6,TRUE,36,0,"India",-0.348900705580791,0.013834468322564,-1.2432567888263,-1.80139335400464,6.35775947565782,-0.268393407790174,0.364127175053913,9.00318558847733e-05,0.000478054984985712,0.00440966743328567,0.0152303087567143,0.247,0.089,0.158,0.9,0.85,0.95
"77","Gordonia",0.01811295457754,0.0438068831266241,"Gordonia","India",23,247,9.3,0.1,0.5,"Malawi",5,79,6.3,0,0.1,0.495458227838324,0.61025952453257,3,TRUE,112,0,"ns",-0.777542532211835,-0.713024760293084,-0.989794017247332,-0.236767847025033,5.57135724539024,-0.0366885659706495,0.478000000073476,0.427072759771335,0.527716067687571,0.429168796109417,0.552505950539163,0.091,0.023,0.068,0.9,0.85,0.95
"78","Granulicatella",0.046935046769494,0.0900530519769575,"Granulicatella","India",71,247,28.7,0.4,1.1,"Malawi",26,79,32.9,0.2,0.6,0.482798875636697,0.602008474559338,-4.2,FALSE,49,0,"ns",0.403701454725784,0.341163958546635,0.602529945539427,0.234079037529699,9.27107336683964,0.0268359715397697,0.485400000048708,0.68930103052369,0.774662713122253,0.630126560171426,0.746609162290223,0.385,0.247,0.138,0.9,0.85,0.95
"79","Haematobacter",0.0169466722105319,0.0414270869274856,"Haematobacter","India",2,247,0.8,0,0,"Malawi",12,79,15.2,0,0.1,1.22578383592138e-06,7.52945347224516e-06,-14.4,FALSE,118,0,"Malawi",-0.937603558728606,-1.04817034430263,-0.544254563659548,0.744561360750438,5.54561750849145,0.118641507024434,0.429914017434768,0.0594127440183282,0.10220783799002,0.160179292617807,0.249896844368985,0.002,0.048,-0.046,0.9,0.85,0.95
"80","Haemophilus",0.0301215312189198,0.0589980988098738,"Haemophilus","India",43,247,17.4,0.1,0.5,"Malawi",19,79,24.1,0.1,0.4,0.191740801712085,0.258210946305608,-6.7,FALSE,81,0,"ns",-0.21905708009214,-0.257963566280228,-0.0682624002171863,0.505491553069269,7.27516721580203,0.0642759660056327,0.466706658779694,0.441048949737908,0.543449024097646,0.482288174727068,0.607719496266814,0.114,0.104,0.01,0.9,0.85,0.95
"81","Halomonas",0.0147911537078662,0.0348656381041132,"Halomonas","India",23,247,9.3,0,0.3,"Malawi",2,79,2.5,0,0,0.0526027447788172,0.0870963479124678,6.8,TRUE,128,0,"ns",-0.819830134896765,-0.704094789012585,-1.14720679776843,-0.518581647545274,5.08299380807866,-0.0919690825882086,0.454600000152591,0.164073939394221,0.238690227971282,0.301623439794928,0.419484610229317,0.049,0.002,0.047,0.9,0.85,0.95
"82","Holdemanella",0.0174807428472954,0.0358762623409591,"Holdemanella","India",8,247,3.2,0,0.1,"Malawi",14,79,17.7,0.1,0.2,5.26581685389036e-05,0.000217080613160378,-14.5,FALSE,115,0,"Malawi",-0.856507548241951,-0.970501865382843,-0.459507568426222,0.795426612027196,5.79716803879233,0.119409740114656,0.430000000237998,0.0674933700211455,0.116649827432102,0.144328956520991,0.236573428268495,0.01,0.048,-0.038,0.9,0.85,0.95
"83","Hydrogenophilus",0.634682132371262,1.0820898078698,"Hydrogenophilus","India",138,247,55.9,1.1,2.8,"Malawi",1,79,1.3,0,0,1.1923404004163e-21,2.40852760884092e-19,54.6,TRUE,1,1,"India",1.50211424106437,6.23262089019744,-1.21198381550902,-7.07602904615117,7.30710618343433,-0.809307373618771,0.213000001426745,1.63432473427569e-20,2.84306878635383e-18,6.24611248290117e-13,6.12683379893101e-11,1.138,0.003,1.135,0.9,0.85,0.95
"84","Intestinibacter",0.00409454595802426,0.00935011658322294,"Intestinibacter","India",6,247,2.4,0,0.1,"Malawi",4,79,5.1,0,0,0.263174040466613,0.342975201124231,-2.7,FALSE,185,0,"ns",-0.999200118260715,-0.992667495887692,-1.01117800216538,0.0566767743762568,4.76137350801522,0.0103255550424507,0.493901219776373,0.548851448496973,0.643407117165554,0.515784068647935,0.637591982837768,0.017,0.003,0.014,0.9,0.85,0.95
"85","Janibacter",0.0630978203666225,0.122123431911215,"Janibacter","India",77,247,31.2,0.2,0.9,"Malawi",34,79,43,0.3,0.8,0.057260901626513,0.091799223242505,-11.8,FALSE,38,0,"ns",0.718310289841504,0.531169231576124,1.62117711258441,1.2178331074275,9.05169541086638,0.135679200984863,0.432113577514989,0.0894758999306665,0.162338197976874,0.106248344756474,0.207654286965135,0.237,0.316,-0.079,0.9,0.85,0.95
"86","Jeotgalicoccus",0.0109801538190347,0.0223893486264149,"Jeotgalicoccus","India",26,247,10.5,0.1,0.3,"Malawi",5,79,6.3,0,0,0.378024449189679,0.477255867101969,4.2,TRUE,139,0,"ns",-0.746341033358959,-0.659473902660388,-1.03495779365789,-0.427755190676065,5.59793323802729,-0.0665152156289216,0.46030793854541,0.35319873634544,0.456584435795144,0.383719426954838,0.509902223833036,0.056,0.008,0.048,0.9,0.85,0.95
"87","Klebsiella",0.0352659180629491,0.0654084368551758,"Klebsiella","India",66,247,26.7,0.4,2.3,"Malawi",27,79,34.2,2.6,11.6,0.201609387659463,0.266177100047134,-7.5,FALSE,69,0,"ns",0.333162607454037,0.220204942020642,0.68419122769693,0.472408898154789,8.50630245447839,0.0563502776250119,0.469600000101709,0.354606191783413,0.468748789715097,0.432473058831691,0.565675413727916,0.418,2.597,-2.179,0.9,0.85,0.95
"88","Knoellia",0.00448318977533837,0.0117563245965671,"Knoellia","India",0,247,0,0,0,"Malawi",4,79,5.1,0,0,0.0032522020396434,0.00763889316288333,-5.1,FALSE,183,0,"Malawi",-1.0777736764173,-1.09790090746798,-1.00239050591546,0.220593128646655,4.60457934926171,0.0401392270732157,0.478904219226586,0.500754374147652,0.593668273333725,0.507173371579102,0.628162869644963,0,0.006,-0.006,0.9,0.85,0.95
"89","Kocuria",0.108955379595924,0.21169371265474,"Kocuria","India",154,247,62.3,0.9,1.7,"Malawi",47,79,59.5,1.4,4.6,0.690791787175975,0.79284057391788,2.8,TRUE,23,0,"ns",7.34835935042169,7.5178558699893,6.07749067431155,0.0218565993831747,9.92565219835456,0.00189057934239956,0.498700259952341,0.792474156600237,0.856312152139248,0.823905790883787,0.89460906476703,0.871,1.381,-0.51,0.9,0.85,0.95
"90","Kytococcus",0.0278391512907365,0.0546915997833758,"Kytococcus","India",44,247,17.8,0.2,0.6,"Malawi",13,79,16.5,0,0.2,0.865899261424619,0.925458469882397,1.3,TRUE,87,0,"ns",-0.316890944261715,-0.292890819355422,-0.403898410505025,-0.2460833888889,7.18583780657639,-0.0287322759555821,0.484200000052719,0.493384048581889,0.591454622379598,0.533931478170778,0.654824022470946,0.181,0.049,0.132,0.9,0.85,0.95
"91","Lachnoclostridium",0.00777606858235062,0.0178189630929221,"Lachnoclostridium","India",1,247,0.4,0,0,"Malawi",9,79,11.4,0,0.1,1.60853300017461e-05,7.3846287735289e-05,-11,FALSE,158,0,"Malawi",-0.977140418305444,-1.05928791390117,-0.717730740612319,0.546955895868041,5.21158658321042,0.0931370906218715,0.449400000170412,0.130301356252353,0.201260548182808,0.279019679539824,0.386554618756786,0,0.038,-0.038,0.9,0.85,0.95
"92","Lachnospira",0.00223584556652191,0.00562594206858967,"Lachnospira","India",1,247,0.4,0,0,"Malawi",7,79,8.9,0,0.1,0.000255753595489964,0.000794803481368811,-8.5,FALSE,194,0,"Malawi",-1.00386995279694,-1.07729576249158,-0.729956832263174,0.569080348496286,4.84597355064858,0.100379925277815,0.445800000182815,0.236499973571174,0.318648086886896,0.298113861201104,0.408152481498892,0.001,0.018,-0.017,0.9,0.85,0.95
"93","Lachnospiraceae_AC2044_group",0.00215448104145941,0.00567034679257743,"Lachnospiraceae_AC2044_group","India",0,247,0,0,0,"Malawi",5,79,6.3,0,0,0.00075750047507222,0.00215514219668434,-6.3,FALSE,195,0,"Malawi",-1.04618030377766,-1.0829284843031,-0.928066925704771,0.239088844299054,4.6993515738326,0.0425543256862531,0.476704659145975,0.372524934626322,0.462505437385892,0.401048427604552,0.526435971393264,0,0.007,-0.007,0.9,0.85,0.95
"94","Lachnospiraceae_ND3007_group",0.00738867122341157,0.0191832193607949,"Lachnospiraceae_ND3007_group","India",0,247,0,0,0,"Malawi",10,79,12.7,0.1,0.4,4.43296496111114e-07,3.19806757908732e-06,-12.7,FALSE,161,0,"Malawi",-0.964455415941304,-1.07786203233147,-0.546439672961084,0.781745053555261,5.16784241372932,0.132060405511189,0.429914017434768,0.0737485430747854,0.121851953163677,0.16520426767364,0.254645301244956,0,0.092,-0.092,0.9,0.85,0.95
"95","Lachnospiraceae_NK4A136_group",0.0386485058047809,0.0723042539795859,"Lachnospiraceae_NK4A136_group","India",1,247,0.4,0,0,"Malawi",17,79,21.5,0.1,0.2,1.1950389193913e-10,2.52411201149706e-09,-21.1,FALSE,61,0,"Malawi",-0.877629746279302,-1.0581574274748,-0.196373655178393,1.27585355556037,5.41779033007412,0.212686506974137,0.389800000386088,0.0165306108075425,0.0362612152257658,0.0274516792252091,0.0659015002255812,0.002,0.074,-0.072,0.9,0.85,0.95
"96","Lactobacillus",0.092674793774384,0.176606947401009,"Lactobacillus","India",73,247,29.6,0.6,2.5,"Malawi",31,79,39.2,1,2.5,0.127174054469001,0.179644468550616,-9.6,FALSE,26,0,"ns",0.526196897509093,0.364006949475931,1.22971466971112,1.27405059550765,10.3442186412221,0.119122585548332,0.437112577697412,0.0995309959762941,0.17860687460962,0.145549807173019,0.263917433013434,0.636,1.021,-0.385,0.9,0.85,0.95
"97","Lactococcus",0.0145332608635503,0.0320076702970069,"Lactococcus","India",32,247,13,0,0.2,"Malawi",7,79,8.9,0,0.1,0.426638956872064,0.535286144646937,4.1,TRUE,130,0,"ns",-0.640184782081008,-0.536930481458171,-0.935069571965032,-0.45945482207804,6.01048086645685,-0.0682294954623803,0.461707658596649,0.453862470879441,0.554463539488932,0.391302841611711,0.514954399238605,0.047,0.015,0.032,0.9,0.85,0.95
"98","Lapillicoccus",0.0117950050710235,0.0344537595448073,"Lapillicoccus","India",20,247,8.1,0,0.2,"Malawi",1,79,1.3,0,0,0.0333247906060945,0.0590491903722025,6.8,TRUE,136,0,"ns",-0.870229638213337,-0.765289733224433,-1.18910609303285,-0.446220505964472,4.96085140863812,-0.0762267715907099,0.458708258486859,0.160222321519482,0.231882029965213,0.286596761632909,0.397666150063964,0.037,0,0.037,0.9,0.85,0.95
"99","Lawsonella",0.0198254419829564,0.0397531762994973,"Lawsonella","India",26,247,10.5,0.1,0.3,"Malawi",15,79,19,0.1,0.4,0.0535126437746633,0.0878825531909104,-8.5,FALSE,101,0,"ns",-0.606060900783133,-0.678196201878489,-0.384315319126587,0.430535887831605,6.50349911980851,0.0559824735430303,0.467200000109806,0.350551467065292,0.450833098732978,0.398776182758588,0.523266648293886,0.065,0.09,-0.025,0.9,0.85,0.95
"100","Leuconostoc",0.0154809582473769,0.0354820079906705,"Leuconostoc","India",7,247,2.8,0,0.1,"Malawi",7,79,8.9,0.3,2.2,0.0482820703012537,0.0812748183404438,-6.1,FALSE,123,0,"ns",-0.965586706097241,-0.994110884267506,-0.854469127069521,0.221073910407116,5.06627870303988,0.0357805245281223,0.477400000075488,0.331026720996269,0.430741750977195,0.471507879012328,0.590450080490582,0.006,0.297,-0.291,0.9,0.85,0.95
"101","Libanicoccus",0.0081374522317114,0.0176392904485865,"Libanicoccus","India",0,247,0,0,0,"Malawi",11,79,13.9,0.4,1.7,9.67957538976801e-08,8.14697595305474e-07,-13.9,FALSE,154,0,"Malawi",-1.00086164936422,-1.11604760684114,-0.577898161105347,0.777465391200828,5.33101695247116,0.11717440577635,0.43520000021969,0.0327438961537508,0.0666276809238556,0.150628413801177,0.241387069895488,0,0.421,-0.421,0.9,0.85,0.95
"102","Luteimonas",0.0434182864825768,0.0848681109766023,"Luteimonas","India",28,247,11.3,0.1,0.3,"Malawi",19,79,24.1,0.1,0.3,0.00909899998707371,0.0197634193267622,-12.8,FALSE,51,0,"Malawi",-0.504171576821382,-0.595879415715434,-0.134951642474276,0.733904226886979,6.74883165743289,0.0950924477035721,0.445310937996868,0.178866575924132,0.264670181321064,0.241388997879161,0.359939021918911,0.059,0.104,-0.045,0.9,0.85,0.95
"103","Lysobacter",0.0495153995407084,0.10711414100892,"Lysobacter","India",46,247,18.6,0.1,0.8,"Malawi",0,79,0,0,0,1.23005923061431e-06,7.52945347224516e-06,18.6,TRUE,46,0,"India",-0.557046394501542,-0.257369596748442,-1.29461069737432,-1.47837538121121,5.71317642151465,-0.228115458568847,0.383323335744089,0.000792970994575892,0.00301934810010803,0.0187361130788169,0.0482886020772572,0.146,0,0.146,0.9,0.85,0.95
"104","Macrococcus",0.00527388328086082,0.0150512689195306,"Macrococcus","India",21,247,8.5,0,0.2,"Malawi",2,79,2.5,0,0,0.0800285041314515,0.121547051387618,6,TRUE,171,0,"ns",-0.85761358654919,-0.771116425073499,-1.13798229966393,-0.452537486263754,5.0685387440118,-0.0776404489781773,0.453200000157379,0.236086111259565,0.328269242036667,0.337799767257182,0.458716388990006,0.034,0.005,0.029,0.9,0.85,0.95
"105","Marinococcus",0.00743372172668542,0.0255156317850652,"Marinococcus","India",16,247,6.5,0,0.2,"Malawi",0,79,0,0,0,0.0153046901973563,0.0315464022435303,6.5,TRUE,160,0,"India",-0.919203760657652,-0.789172746188116,-1.29051864873079,-0.573786432628775,4.77963617446163,-0.103173118728869,0.445910818018792,0.146278642176245,0.2145534678806,0.241657811602134,0.349953619937874,0.021,0,0.021,0.9,0.85,0.95
"106","Marmoricola",0.00541724017009583,0.0129784796740155,"Marmoricola","India",14,247,5.7,0.1,0.6,"Malawi",4,79,5.1,0,0,1,1,0.600000000000001,TRUE,169,0,"ns",-0.877314779613799,-0.829200873539861,-1.01731226588319,-0.134744249195112,4.94945864558284,-0.0233223043900361,0.487000000043362,0.495408379825258,0.594455926194426,0.493170575626078,0.622438614893318,0.06,0.003,0.057,0.9,0.85,0.95
"107","Marvinbryantia",0.00259781631269633,0.00653846553135693,"Marvinbryantia","India",0,247,0,0,0,"Malawi",6,79,7.6,0,0,0.000174626277742506,0.000618851019368179,-7.6,FALSE,193,0,"Malawi",-1.03277171603188,-1.08412348178613,-0.856598636715328,0.360176946165133,4.71138581616959,0.0618047894689238,0.465506898735757,0.33373569858852,0.416024328890021,0.370652501340819,0.481286456310962,0,0.011,-0.011,0.9,0.85,0.95
"108","Massilia",0.0317793378554591,0.0603323819599238,"Massilia","India",45,247,18.2,0.3,2.6,"Malawi",3,79,3.8,0,0.1,0.000874147000848517,0.00245246797460278,14.4,TRUE,75,0,"India",-0.548695723202062,-0.318167588244956,-1.14059753129163,-1.24655712835498,5.98366174356519,-0.183987113454543,0.404600000330014,0.0129418199262216,0.0316755975205815,0.0643439740109594,0.128281635076172,0.376,0.016,0.36,0.9,0.85,0.95
"109","Megamonas",0.00078416892014863,0.00255553206368625,"Megamonas","India",2,247,0.8,0,0.1,"Malawi",4,79,5.1,0,0.2,0.0323492819703428,0.058344240696511,-4.3,FALSE,201,0,"ns",-1.0588036521724,-1.06212474514658,-1.0506138555508,0.105279201908092,4.76724569379331,0.0177890880812545,0.490901819666398,0.488743842134323,0.589003745540825,0.512887033451901,0.632072225112374,0.005,0.021,-0.016,0.9,0.85,0.95
"110","Methylobacterium",0.0467139083566813,0.0916901458577977,"Methylobacterium","India",35,247,14.2,0.1,0.5,"Malawi",20,79,25.3,0.4,1.4,0.0254316831263474,0.0475666665881683,-11.1,FALSE,50,0,"Malawi",-0.399244954499706,-0.507297168333562,-0.0410542535354441,0.935959895430472,7.62659375009487,0.113374456363788,0.435600000218288,0.0810086484696091,0.147022787717042,0.19063328785339,0.307562967804284,0.088,0.431,-0.343,0.9,0.85,0.95
"111","Methyloversatilis",0.00457701426631727,0.0103025243891189,"Methyloversatilis","India",8,247,3.2,0,0.2,"Malawi",4,79,5.1,0,0.1,0.493965654812019,0.61025952453257,-1.9,FALSE,182,0,"ns",-0.976376907265411,-0.961592756198619,-1.02741220331624,-0.0350562688250218,4.98494540801507,-0.00577497089277282,0.496200000012667,0.559516407687728,0.657812336167224,0.504178184417653,0.630294897065735,0.018,0.015,0.003,0.9,0.85,0.95
"112","Microbacterium",0.0184371898660448,0.0394295384996551,"Microbacterium","India",29,247,11.7,0.1,0.3,"Malawi",10,79,12.7,0.1,0.3,0.842948335462028,0.905721083847498,-1,FALSE,111,0,"ns",-0.625368744945249,-0.59984714573905,-0.714774749686013,-0.0662603314873254,6.23797302107399,-0.0100765427044592,0.495400000015334,0.640951006558854,0.732704987442553,0.568245518991914,0.685641663849312,0.06,0.067,-0.00700000000000001,0.9,0.85,0.95
"113","Micrococcus",0.0876425861559077,0.158308449432117,"Micrococcus","India",175,247,70.9,1.1,2,"Malawi",51,79,64.6,0.7,1.1,0.326976938288284,0.418033807178692,6.30000000000001,TRUE,29,0,"ns",8.48044133740114,8.58655438867833,8.03739457776138,-0.390718475294218,9.42488636220188,-0.0438330524413131,0.471905618970132,0.310678217315986,0.438046961758935,0.418523576506501,0.586917937194914,1.123,0.701,0.422,0.9,0.85,0.95
"114","Microvirga",0.00766398919707283,0.0190426408711163,"Microvirga","India",16,247,6.5,0.1,0.3,"Malawi",1,79,1.3,0,0,0.0830403576199057,0.125180240591201,5.2,TRUE,159,0,"ns",-0.946264265660384,-0.862977673272512,-1.21250168953572,-0.445658583256495,4.92702863675094,-0.0801309476641491,0.456108778391732,0.217942863062776,0.303605583782654,0.356575097069068,0.473936469162627,0.05,0.001,0.049,0.9,0.85,0.95
"115","Mitsuokella",0.00463192296854368,0.0112594647232805,"Mitsuokella","India",1,247,0.4,0,0.1,"Malawi",8,79,10.1,0,0.1,6.48620372995995e-05,0.000262042630690382,-9.7,FALSE,181,0,"Malawi",-0.977276893212096,-1.06496324514016,-0.68621536078235,0.535132865148096,4.87006416162562,0.0894965116843852,0.454909018347836,0.234710620891423,0.313047817354398,0.264712956040462,0.375338795710476,0.004,0.015,-0.011,0.9,0.85,0.95
"116","Moraxella",0.0315592195551853,0.0588756272800961,"Moraxella","India",55,247,22.3,0.3,1.3,"Malawi",10,79,12.7,0.2,1.2,0.0749358490974567,0.114674556952169,9.6,TRUE,76,0,"ns",-0.223070943911718,-0.0543191417282616,-0.761363014365646,-0.895812865560801,7.46333598813061,-0.114522236869469,0.430800000235171,0.140845577702362,0.224342714392768,0.177312517111081,0.277051028273897,0.263,0.214,0.049,0.9,0.85,0.95
"117","Neisseria",0.0285876311469704,0.0548572821629017,"Neisseria","India",42,247,17,0.1,0.6,"Malawi",15,79,19,0.1,0.6,0.734015063982715,0.83298338721634,-2,FALSE,85,0,"ns",-0.315843235455361,-0.290618706673522,-0.392669900702717,-0.186949321345102,6.77700473153018,-0.0263275664452995,0.488000000040023,0.674318251569697,0.757825356474003,0.631318891547903,0.742668306610228,0.139,0.113,0.026,0.9,0.85,0.95
"118","Nesterenkonia",0.01772587992139,0.0402761618259613,"Nesterenkonia","India",31,247,12.6,0,0.1,"Malawi",5,79,6.3,0,0.1,0.150756723290125,0.207162300031329,6.3,TRUE,114,0,"ns",-0.657168866028012,-0.550009204912183,-0.960495088076197,-0.592978778393827,5.55559435794613,-0.0965821090454856,0.449600000169725,0.193896734231987,0.275341672636847,0.310663384837983,0.421919997380256,0.033,0.012,0.021,0.9,0.85,0.95
"119","Nocardioides",0.0195134770244225,0.0413055599499842,"Nocardioides","India",48,247,19.4,0.1,0.2,"Malawi",7,79,8.9,0,0,0.0371524233796835,0.0646964614025523,10.5,TRUE,102,0,"ns",-0.391381300531073,-0.229611165403851,-0.850763795161155,-0.796235041060907,6.30144823171535,-0.121801777751105,0.436600000214787,0.102685983967417,0.167090980720562,0.159908279299513,0.264720839622416,0.066,0.013,0.053,0.9,0.85,0.95
"120","Novosphingobium",0.0304988666679471,0.0696287300212256,"Novosphingobium","India",44,247,17.8,0.1,0.4,"Malawi",2,79,2.5,0.1,0.5,0.000295278173686139,0.000903730167948487,15.3,TRUE,79,0,"India",-0.53648334086316,-0.327312642791268,-1.1378563701935,-1.05665317405999,5.80050984136388,-0.16864362668861,0.411400000304908,0.00994622312077319,0.0231723538499227,0.0529210473743775,0.105881328427538,0.103,0.059,0.044,0.9,0.85,0.95
"121","Ochrobactrum",0.0104820109033658,0.0228501597304702,"Ochrobactrum","India",2,247,0.8,0,0.1,"Malawi",9,79,11.4,0.1,0.9,7.08819473774991e-05,0.000280748105299114,-10.6,FALSE,142,0,"Malawi",-0.934751758421275,-1.03280744021275,-0.655091177656974,0.550291621530011,5.06968120059588,0.0914138833453128,0.448310338106504,0.137809610785713,0.206277266918689,0.254067275589717,0.364659105722592,0.004,0.128,-0.124,0.9,0.85,0.95
"122","Odoribacter",0.0014772308494811,0.00388062411606749,"Odoribacter","India",0,247,0,0,0,"Malawi",4,79,5.1,0,0.1,0.0032522020396434,0.00763889316288333,-5.1,FALSE,199,0,"Malawi",-1.08903005466035,-1.10828499826192,-1.03199698431378,0.1676501243713,4.64880095037074,0.0311629837614298,0.483303339387829,0.399191107914823,0.491991172679976,0.435229025419946,0.563605079866553,0,0.011,-0.011,0.9,0.85,0.95
"123","Olsenella",0.00515622409248111,0.014180310149379,"Olsenella","India",5,247,2,0,0.5,"Malawi",6,79,7.6,0,0.1,0.0273627342631932,0.0502479301924093,-5.6,FALSE,173,0,"ns",-1.00511477259705,-1.02850842984658,-0.902279928010675,0.285800806646519,5.04943266903819,0.0485817295644732,0.474200000086229,0.35702553631757,0.452024199803855,0.44195358621687,0.563591761488168,0.039,0.034,0.005,0.9,0.85,0.95
"124","Ornithinimicrobium",0.111211308586948,0.233639835472385,"Ornithinimicrobium","India",80,247,32.4,0.1,0.4,"Malawi",11,79,13.9,0,0.1,0.00139595071163784,0.00352477554688555,18.5,TRUE,22,0,"India",0.291145571091825,0.630719880140806,-0.603746043171601,-1.66712629603089,7.22479453595698,-0.225114036351122,0.386800000397719,0.00474212454090459,0.0140471447797354,0.0166989004844457,0.0440138428120301,0.15,0.038,0.112,0.9,0.85,0.95
"125","Pantoea",0.0330408540163744,0.0723005563680196,"Pantoea","India",24,247,9.7,0.1,0.3,"Malawi",13,79,16.5,0.6,3.4,0.106381849179095,0.155718358943313,-6.8,FALSE,72,0,"ns",-0.683368717930978,-0.679234771013855,-0.698329867677812,0.144996769944615,7.01177269502631,0.0180662732428414,0.487702459549099,0.335694991268762,0.440765965816209,0.537653451100441,0.658150358384315,0.061,0.577,-0.516,0.9,0.85,0.95
"126","Parabacteroides",0.0190939950240927,0.0430977062002998,"Parabacteroides","India",0,247,0,0,0,"Malawi",15,79,19,0.1,0.2,1.95865606126594e-10,3.04345018750554e-09,-19,FALSE,104,0,"Malawi",-0.910724275509928,-1.1120338186018,-0.158238786120796,1.28320806534639,5.3925881384602,0.208301834476627,0.387922415910096,0.0168958446407016,0.0358085107495425,0.0303660720810825,0.0639333889639772,0,0.053,-0.053,0.9,0.85,0.95
"127","Paracoccus",0.385941791634997,0.691149833475772,"Paracoccus","India",194,247,78.5,2.1,5.4,"Malawi",38,79,48.1,0.5,1.2,6.93591726625695e-07,4.83122513028932e-06,30.4,TRUE,4,1,"India",9.07666529291264,9.67314084632294,2.93084951854281,-4.46672095515557,8.8258821880102,-0.509695612688374,0.282343532188534,7.86617641358463e-08,1.71622972155883e-06,1.25964956595172e-08,4.65880152054686e-07,2.161,0.492,1.669,0.9,0.85,0.95
"128","Parasegetibacter",0.0115433601482416,0.0310844691936654,"Parasegetibacter","India",26,247,10.5,0.1,0.4,"Malawi",0,79,0,0,0,0.00118278485935488,0.00306310950756008,10.5,TRUE,137,0,"India",-0.784391356884219,-0.605856703597388,-1.28352640390178,-0.841283248404755,5.19276593861676,-0.140370520193087,0.423200000262186,0.0291650107531675,0.0506071971527404,0.123425149826407,0.196852388605176,0.11,0,0.11,0.9,0.85,0.95
"129","Pelomonas",0.00882217863037721,0.0198911123060104,"Pelomonas","India",0,247,0,0,0,"Malawi",7,79,8.9,0,0.2,3.98366196100091e-05,0.000171212705557912,-8.9,FALSE,150,0,"Malawi",-1.07234364028759,-1.12061843407877,-0.925201285177792,0.340383260890032,4.98756160836539,0.0579737143199661,0.466506698772371,0.223947786781266,0.309421404874928,0.386510988885515,0.510288252296311,0,0.03,-0.03,0.9,0.85,0.95
"130","Peptoniphilus",0.0185512499933548,0.0402742062325858,"Peptoniphilus","India",7,247,2.8,0,0.3,"Malawi",6,79,7.6,0.1,0.3,0.091383199564978,0.135730928765629,-4.8,FALSE,109,0,"ns",-1.00293795370443,-0.99656976385694,-1.01618312281556,0.0850752572657125,5.10839382252098,0.0136159092317644,0.491800000027341,0.479691549809697,0.579901897747457,0.542216503694615,0.662386730982687,0.033,0.059,-0.026,0.9,0.85,0.95
"131","Phascolarctobacterium",0.0300886409863389,0.0630307553518303,"Phascolarctobacterium","India",1,247,0.4,0,0,"Malawi",18,79,22.8,0.1,0.4,2.5368704655846e-11,7.32068334354414e-10,-22.4,FALSE,82,0,"Malawi",-0.832423770672911,-1.05382422700119,0.055517314856667,1.62385732289413,5.80414665778456,0.253766000603542,0.376124775484735,0.00290273890050055,0.00917819366261919,0.00890740700943314,0.0265855348788826,0.002,0.105,-0.103,0.9,0.85,0.95
"132","Piscicoccus",0.0103798828433723,0.0257440130781285,"Piscicoccus","India",19,247,7.7,0.2,2.5,"Malawi",2,79,2.5,0,0,0.120421988702902,0.173751726557044,5.2,TRUE,143,0,"ns",-0.851286743129483,-0.73696274949395,-1.20991702988157,-0.520112323451082,5.11442906131668,-0.0890389062821182,0.451400000163545,0.17454527802411,0.249240286715288,0.295465689728219,0.405023669829727,0.219,0.001,0.218,0.9,0.85,0.95
"133","PMMR1",0.0337929792727738,0.0732603711182968,"PMMR1","India",42,247,17,0.1,0.6,"Malawi",0,79,0,0,0,4.21247528729398e-06,2.23926317903522e-05,17,TRUE,70,0,"India",-0.610110927337012,-0.373623825855583,-1.27261199327048,-1.17984250606884,5.44451817217696,-0.184425989679095,0.397000000358549,0.00248238157060189,0.00755301960977453,0.0377973127588135,0.0806664081702067,0.149,0,0.149,0.9,0.85,0.95
"134","Porphyrobacter",0.0128348006860799,0.0277064199352938,"Porphyrobacter","India",13,247,5.3,0,0.2,"Malawi",1,79,1.3,0,0.1,0.20119020059017,0.266177100047134,4,TRUE,132,0,"ns",-0.978059175940285,-0.896349205505182,-1.23006308581181,-0.377154565239,4.83304149539751,-0.0651109541390558,0.462707458633252,0.34133069463836,0.433575855771919,0.385485106839257,0.500823609983292,0.029,0.008,0.021,0.9,0.85,0.95
"135","Porphyromonas",0.0185308560564658,0.037633138353191,"Porphyromonas","India",26,247,10.5,0,0.2,"Malawi",10,79,12.7,0,0,0.679970345603723,0.784880056068298,-2.2,FALSE,110,0,"ns",-0.634097836804365,-0.617176170997224,-0.684736498266611,-0.0411046942668261,5.89781144027964,-0.00653423377839337,0.49700000001,0.601105996053477,0.693320331306402,0.556345123664758,0.677577046511972,0.042,0.009,0.033,0.9,0.85,0.95
"136","Prevotella_2",0.0102955114879312,0.0225965837763398,"Prevotella_2","India",3,247,1.2,0,0.1,"Malawi",9,79,11.4,0.1,0.4,0.000227153782115757,0.000740081677215854,-10.2,FALSE,144,0,"Malawi",-0.998062468869765,-1.05710920516051,-0.762002550593465,0.519163010905935,5.27625114286787,0.085101533527502,0.455908818384416,0.143641006554971,0.216482929637512,0.285268225186115,0.400205566259585,0.012,0.065,-0.053,0.9,0.85,0.95
"137","Prevotella_7",0.0363198428491028,0.0811680982164114,"Prevotella_7","India",17,247,6.9,0,0.3,"Malawi",18,79,22.8,0.1,0.3,0.000234422355103296,0.000751639932235966,-15.9,FALSE,67,0,"Malawi",-0.673347615226549,-0.836535308426622,-0.0494196847113617,1.06113679298144,6.93553044215498,0.14392955598246,0.415600000289584,0.0263465194785784,0.0578268355067223,0.0673526191176427,0.132969766068216,0.043,0.116,-0.073,0.9,0.85,0.95
"138","Prevotella_9",0.453722854410953,0.802351629481922,"Prevotella_9","India",22,247,8.9,0,0.3,"Malawi",47,79,59.5,2.3,5.8,3.23373857309493e-19,3.26607595882587e-17,-50.6,FALSE,3,1,"Malawi",-0.0629177463905481,-0.694445462480395,8.31821851164108,8.02411731013667,8.08945776730937,0.851592179510394,0.205758849730168,8.00415460366715e-12,5.35714534666685e-10,5.69535199085786e-14,6.12650043431409e-12,0.044,2.334,-2.29,0.9,0.85,0.95
"139","Propioniciclava",0.0273283255527424,0.0535398137835858,"Propioniciclava","India",37,247,15,0.1,0.4,"Malawi",9,79,11.4,0,0.2,0.57745223490333,0.682136558189899,3.6,TRUE,89,0,"ns",-0.522992164654292,-0.416449108093852,-0.847475182899501,-0.474388375903141,6.31119679766442,-0.0651233401922194,0.460507898552729,0.425458492675187,0.530069089313909,0.364278854058809,0.483472183872539,0.075,0.045,0.03,0.9,0.85,0.95
"140","Pseudarthrobacter",0.0148188023655272,0.0324019900603608,"Pseudarthrobacter","India",5,247,2,0,0,"Malawi",8,79,10.1,0.2,1,0.00383323536785019,0.00890015568167515,-8.1,FALSE,127,0,"Malawi",-0.979988381367299,-1.01591115045012,-0.844877893324762,0.332478885891828,5.31356517486104,0.0518052952944047,0.46780000010778,0.271049949296188,0.357108775468063,0.418583243245703,0.535492460033451,0.006,0.177,-0.171,0.9,0.85,0.95
"141","Pseudomonas",0.370488947084743,0.671992909072943,"Pseudomonas","India",225,247,91.1,2.6,3.9,"Malawi",54,79,68.4,3,11,3.59742749212374e-06,2.07622958116856e-05,22.7,TRUE,6,1,"India",10.046043603549,10.4621952954267,7.67572517376596,-2.85122414664846,7.66735961865718,-0.354503586297375,0.305338932978043,2.08343556165263e-05,0.000197195911087463,1.48437740004366e-07,4.01086307408721e-06,2.628,3.022,-0.394,0.9,0.85,0.95
"142","Pseudoxanthomonas",0.0108869698193063,0.026940095572847,"Pseudoxanthomonas","India",21,247,8.5,0.1,0.5,"Malawi",1,79,1.3,0,0,0.0212337464067434,0.0404643091902091,7.2,TRUE,140,0,"India",-0.85312569532057,-0.716108132867831,-1.27106755186672,-0.587043109079933,5.05693674431412,-0.103035342441602,0.445200000184887,0.0815343953225361,0.136345069631107,0.227422286294057,0.329304728910614,0.093,0.001,0.092,0.9,0.85,0.95
"143","Psychrobacter",0.018556642414774,0.0373649707786484,"Psychrobacter","India",23,247,9.3,0.1,0.7,"Malawi",9,79,11.4,0.1,0.2,0.663899626967134,0.770734049697478,-2.1,FALSE,108,0,"ns",-0.723701090327188,-0.716221865202723,-0.740941129616413,-0.0511283047628499,6.09088157165123,-0.00693370967283796,0.495300939827696,0.607813700169967,0.705572581079412,0.557160656455314,0.683936567566724,0.126,0.051,0.075,0.9,0.85,0.95
"144","Qipengyuania",0.0712611773966277,0.151488065621833,"Qipengyuania","India",61,247,24.7,0.2,0.5,"Malawi",1,79,1.3,0,0,1.3090147663934e-07,1.05768393124587e-06,23.4,TRUE,34,0,"India",-0.29159660438923,0.0737481784720293,-1.25971091766444,-1.82538734996239,6.27940685452622,-0.272078955955887,0.360127974910741,7.10971973642038e-05,0.000334398720994879,0.00467815018079427,0.0122707145821244,0.17,0.001,0.169,0.9,0.85,0.95
"145","Ralstonia",0.0337729601483866,0.0639163575323389,"Ralstonia","India",24,247,9.7,0,0.2,"Malawi",10,79,12.7,0.2,1.1,0.525537294883289,0.643385051917724,-3,FALSE,71,0,"ns",-0.744957490475811,-0.731369139491616,-0.800578848838013,-0.0762668001153921,6.0023642459256,-0.0108537702019066,0.493901219776373,0.598236039164608,0.685970641899861,0.581040062718004,0.69958829077143,0.031,0.197,-0.166,0.9,0.85,0.95
"146","Raoultella",0.0047800813687733,0.010803199679693,"Raoultella","India",11,247,4.5,0,0.3,"Malawi",5,79,6.3,0.1,0.6,0.550326245967444,0.664080209223856,-1.8,FALSE,177,0,"ns",-0.923190446109702,-0.897250170583662,-1.00563757948266,-0.0456087596998129,5.03012884664062,-0.00765166045925057,0.494800000017335,0.577424614038704,0.671116156366255,0.53846270645,0.66048121408598,0.024,0.073,-0.049,0.9,0.85,0.95
"147","Rheinheimera",0.0881267430861305,0.167818678487413,"Rheinheimera","India",66,247,26.7,0.3,0.9,"Malawi",1,79,1.3,0,0.1,3.42061143638989e-08,3.45481755075379e-07,25.4,TRUE,28,0,"India",-0.208668656593627,0.206841543243092,-1.25503901247711,-1.9856772136646,6.50909122640024,-0.285588474398139,0.352929414653629,1.0177456336668e-05,7.86787647232229e-05,0.00125584111885239,0.00562668316757866,0.255,0.007,0.248,0.9,0.85,0.95
"148","Rhodococcus",0.00810461089563458,0.0215639658339091,"Rhodococcus","India",23,247,9.3,0.1,0.5,"Malawi",2,79,2.5,0,0,0.0526027447788172,0.0870963479124678,6.8,TRUE,155,0,"ns",-0.869253764445859,-0.754432732442529,-1.20231905976988,-0.579213302518731,5.17361416620315,-0.0965090657672328,0.448400000173852,0.122858590606768,0.184510585853866,0.274079992893121,0.379888572457105,0.103,0.001,0.102,0.9,0.85,0.95
"149","Rhodoluna",0.00282119782581265,0.00804378071430226,"Rhodoluna","India",0,247,0,0,0,"Malawi",4,79,5.1,0,0.1,0.0032522020396434,0.00763889316288333,-5.1,FALSE,192,0,"Malawi",-1.08525479068937,-1.09921353990022,-1.04329921767001,0.092763561502152,4.72325654431574,0.0181343759172717,0.490101979637072,0.458724800824895,0.550088939484447,0.497038401114172,0.617295386530292,0,0.011,-0.011,0.9,0.85,0.95
"150","Romboutsia",0.0305661977233244,0.0598603858898572,"Romboutsia","India",33,247,13.4,0.1,0.9,"Malawi",8,79,10.1,0,0.1,0.560195434017948,0.669582708116127,3.3,TRUE,78,0,"ns",-0.590739371030567,-0.51543744408943,-0.820539351143506,-0.318218375926934,6.11311227979818,-0.0476541523067886,0.474505099065374,0.406703501969166,0.51026014836185,0.413607118687088,0.54722067033799,0.137,0.02,0.117,0.9,0.85,0.95
"151","Roseburia",0.0476743603263516,0.0982979354937236,"Roseburia","India",1,247,0.4,0,0,"Malawi",17,79,21.5,0.1,0.5,1.1950389193913e-10,2.52411201149706e-09,-21.1,FALSE,47,0,"Malawi",-0.838767016972776,-1.03959374836148,-0.0941379666266009,1.32477278466116,5.64776901236442,0.210393874738074,0.385000000404744,0.00776114428908144,0.0195106429808749,0.0251192718974526,0.0543043209475666,0.003,0.139,-0.136,0.9,0.85,0.95
"152","Roseomonas",0.0272634962495554,0.0597172199067364,"Roseomonas","India",13,247,5.3,0,0.2,"Malawi",11,79,13.9,0,0.1,0.0226235579599004,0.0427098944663541,-8.6,FALSE,90,0,"Malawi",-0.82270724391024,-0.896038614058993,-0.586799910819329,0.387301167377847,5.54217801623355,0.0623150187517499,0.464600000118595,0.316607546727693,0.411817835607592,0.396600667626707,0.510879830721697,0.025,0.031,-0.006,0.9,0.85,0.95
"153","Rothia",0.135422365117092,0.250376392402167,"Rothia","India",178,247,72.1,2.2,3,"Malawi",57,79,72.2,2.9,4.3,1,1,-0.100000000000009,FALSE,15,1,"ns",10.48597326469,10.2762661970256,11.1555229771678,0.822025478813565,10.8092296387409,0.0804402067465625,0.442600000193889,0.588583480542266,0.700281029498729,0.10136995849955,0.219782354568391,2.225,2.917,-0.692,0.9,0.85,0.95
"154","Rubellimicrobium",0.187945611846831,0.352574372925677,"Rubellimicrobium","India",80,247,32.4,0.2,0.6,"Malawi",1,79,1.3,0,0,1.60463554959161e-10,2.70113650847922e-09,31.1,TRUE,10,1,"India",0.0550844457466253,0.60240170433114,-1.18883877625083,-2.69734852454481,6.76770383106496,-0.403672741317879,0.315600000711431,1.42366690937412e-07,2.11552945655152e-06,0.000220411904525142,0.00114123407614363,0.233,0,0.233,0.9,0.85,0.95
"155","Ruminiclostridium_6",0.00187009708657936,0.00534203619582546,"Ruminiclostridium_6","India",0,247,0,0,0,"Malawi",5,79,6.3,0,0.2,0.00075750047507222,0.00215514219668434,-6.3,FALSE,197,0,"Malawi",-1.08722714639596,-1.1142655597496,-0.993088415420294,0.23766585188766,4.74345331588775,0.0418266093578423,0.478504299211928,0.376546276643773,0.468220929075158,0.432560110416699,0.55319460632206,0,0.046,-0.046,0.9,0.85,0.95
"156","Ruminococcaceae_NK4A214_group",0.000400686378359851,0.0017241887302815,"Ruminococcaceae_NK4A214_group","India",1,247,0.4,0,0,"Malawi",4,79,5.1,0,0,0.0132310082979281,0.0278402466268904,-4.7,FALSE,202,0,"Malawi",-1.05442226231669,-1.07729107557359,-0.973032585912311,0.144797620020183,4.68351121995078,0.0278126248050449,0.486102779490452,0.462226696207918,0.555008531734172,0.500132354785693,0.615669695871119,0.003,0.006,-0.003,0.9,0.85,0.95
"157","Ruminococcaceae_UCG-002",0.0278335505032822,0.0581424622070212,"Ruminococcaceae_UCG-002","India",1,247,0.4,0,0,"Malawi",16,79,20.3,0.1,0.3,5.5415278137059e-10,7.99563298834708e-09,-19.9,FALSE,88,0,"Malawi",-0.855374278435301,-1.04558938250827,-0.141886328181203,1.26689932373394,5.45460041455516,0.218432726435637,0.391600000379155,0.0124323151634273,0.0288154254752651,0.0263888780687036,0.061836451490814,0.001,0.059,-0.058,0.9,0.85,0.95
"158","Ruminococcaceae_UCG-005",0.0179127841560171,0.0385037976290176,"Ruminococcaceae_UCG-005","India",2,247,0.8,0,0,"Malawi",14,79,17.7,0.1,0.3,7.31769019519653e-08,7.03892104490333e-07,-16.9,FALSE,113,0,"Malawi",-0.869327058524979,-1.04883264987716,-0.162348579863769,1.13821001843088,5.52195053752337,0.182478883195756,0.401000000343465,0.0178884877846086,0.0403621555443663,0.0325506794910275,0.075713817015248,0.001,0.069,-0.068,0.9,0.85,0.95
"159","Ruminococcaceae_UCG-014",0.00163777086684859,0.00376121426270391,"Ruminococcaceae_UCG-014","India",2,247,0.8,0,0,"Malawi",5,79,6.3,0,0.1,0.0103931395496791,0.022099096726686,-5.5,FALSE,198,0,"Malawi",-1.05662790828419,-1.07352207667856,-1.01246113956378,0.0722168726667913,4.76791204084399,0.0123182948572025,0.492400000025339,0.438697365484118,0.534545230044844,0.486144553246006,0.609394096951863,0.002,0.014,-0.012,0.9,0.85,0.95
"160","Ruminococcus_1",0.0150275819394891,0.0327219706036754,"Ruminococcus_1","India",3,247,1.2,0,0.2,"Malawi",11,79,13.9,0.1,0.4,1.81680420187772e-05,8.15543219509553e-05,-12.7,FALSE,126,0,"Malawi",-0.952787965022408,-1.06503454014554,-0.518956008547997,0.736794564014998,5.3628233199496,0.117575205399108,0.431513697493107,0.0724258304100507,0.125629975018092,0.161983825857119,0.259272006449325,0.013,0.106,-0.093,0.9,0.85,0.95
"161","Ruminococcus_2",0.0543906858924418,0.115770656375478,"Ruminococcus_2","India",9,247,3.6,0,0.2,"Malawi",25,79,31.6,0.3,1.6,1.37451644190434e-10,2.52411201149706e-09,-28,FALSE,42,0,"Malawi",-0.645249421670982,-0.93531803591739,0.569939270431105,2.21076102178765,6.75309927379016,0.322985339480425,0.348000000558259,0.000316243451296278,0.00154213056467534,0.000946369288756058,0.00449705840990323,0.025,0.378,-0.353,0.9,0.85,0.95
"162","S31",0.310633857338123,0.565444149380313,"S31","India",99,247,40.1,0.6,2,"Malawi",1,79,1.3,0,0,1.31663921197683e-13,4.43268534698868e-12,38.8,TRUE,8,1,"India",0.373342688777135,1.22778704071454,-1.25280478144299,-3.91511577498827,7.3096622273733,-0.544330605045456,0.284200000884005,2.62364142938002e-12,1.66959279017496e-10,9.75457756417582e-07,1.38764864687786e-05,0.613,0.001,0.612,0.9,0.85,0.95
"163","Saccharopolyspora",0.162262165189906,0.320955711958661,"Saccharopolyspora","India",77,247,31.2,0.2,0.6,"Malawi",1,79,1.3,0,0,6.02568380346473e-10,8.11458752199917e-09,29.9,TRUE,12,1,"India",-0.0392890982918894,0.482262556336743,-1.25291708027287,-2.50212786942307,6.58349388949821,-0.360978281460609,0.325800000660887,1.04625517564728e-07,1.72294196451811e-06,0.000166381090785301,0.00102755969348728,0.2,0,0.2,0.9,0.85,0.95
"164","Salinicoccus",0.0111263252186208,0.0238642152654841,"Salinicoccus","India",25,247,10.1,0,0.2,"Malawi",3,79,3.8,0,0.1,0.105404630391433,0.15541412656255,6.3,TRUE,138,0,"ns",-0.740920628248858,-0.60009303515249,-1.15948422893488,-0.616524470126173,5.37508294799019,-0.101598959303887,0.443600000190423,0.188388875641772,0.273730621983424,0.239734571366959,0.354266882286869,0.046,0.01,0.036,0.9,0.85,0.95
"165","Salmonella",0.00930108700908008,0.0254384498790735,"Salmonella","India",22,247,8.9,0.1,0.5,"Malawi",4,79,5.1,0,0.1,0.345183673054301,0.438535232433767,3.8,TRUE,148,0,"ns",-0.838069320955814,-0.733779786606434,-1.13666899713373,-0.4791127578782,5.1506478553593,-0.0785010733019618,0.456400000146447,0.262394341261342,0.355082906340026,0.328514135237806,0.454985929318641,0.067,0.017,0.05,0.9,0.85,0.95
"166","Schlegelella",0.0399030605096812,0.0915509396259866,"Schlegelella","India",38,247,15.4,0.1,0.8,"Malawi",1,79,1.3,0,0,0.000224990165330312,0.000740081677215854,14.1,TRUE,58,0,"India",-0.651550599589472,-0.442964625668367,-1.26082433652351,-0.972269199228723,5.66175870519514,-0.151558099257152,0.413517296837739,0.00841926319759002,0.021017589512168,0.0698936796169385,0.135518376165748,0.155,0.001,0.154,0.9,0.85,0.95
"167","Senegalimassilia",0.0223479954425183,0.0444973733507751,"Senegalimassilia","India",8,247,3.2,0,0.3,"Malawi",17,79,21.5,0.2,0.6,1.62531925422505e-06,9.65630851039589e-06,-18.3,FALSE,96,0,"Malawi",-0.795750428098431,-0.958517412739882,-0.133997955008955,1.22372177325586,6.13630422982533,0.179822488359016,0.405318936539968,0.0153542691897192,0.0334586938757629,0.0534127404136261,0.104719842758437,0.033,0.157,-0.124,0.9,0.85,0.95
"168","Shewanella",0.0429102013672205,0.0854420187684378,"Shewanella","India",53,247,21.5,0.2,0.6,"Malawi",5,79,6.3,0,0.1,0.0020213969394874,0.00504101458983277,15.2,TRUE,53,0,"India",-0.326769764432544,-0.104193551968191,-0.932832865379229,-1.08607659785279,6.49298175780156,-0.162037821607625,0.416000000288132,0.0130060367557549,0.0303111552647917,0.0638776190317666,0.122861240101478,0.153,0.019,0.134,0.9,0.85,0.95
"169","Skermanella",0.00691198928939403,0.0210540073689039,"Skermanella","India",14,247,5.7,0.1,1,"Malawi",1,79,1.3,0,0,0.129752666010652,0.180758886442425,4.4,TRUE,163,0,"ns",-0.934184325855108,-0.860588203558304,-1.16589252148759,-0.377040590226928,4.7969191833433,-0.0683229330568556,0.463200000123335,0.27438454001667,0.367965665204258,0.377426275931424,0.499959915579587,0.09,0.001,0.089,0.9,0.85,0.95
"170","Slackia",0.0053432543414028,0.0114361020421296,"Slackia","India",1,247,0.4,0,0,"Malawi",6,79,7.6,0,0,0.000983364226537484,0.00265856975191676,-7.2,FALSE,170,0,"Malawi",-1.00748017879225,-1.07279381023833,-0.79538485072176,0.405824167040262,4.8662167501984,0.0728377291797114,0.458000000140995,0.280407877420089,0.360800554182809,0.335938513554114,0.448062401167929,0,0.006,-0.006,0.9,0.85,0.95
"171","Solobacterium",0.00196439548063454,0.00535989406011626,"Solobacterium","India",2,247,0.8,0,0,"Malawi",5,79,6.3,0,0,0.0103931395496791,0.022099096726686,-5.5,FALSE,196,0,"Malawi",-1.01176846459623,-1.0420516879975,-0.91734640188932,0.198070976470492,4.67343526097002,0.0379472793382838,0.478600000071464,0.466237187802246,0.560443358101235,0.498272369383282,0.617138794575193,0.001,0.004,-0.003,0.9,0.85,0.95
"172","Sphingobium",0.00488008256938799,0.0126711734211198,"Sphingobium","India",20,247,8.1,0.1,0.3,"Malawi",1,79,1.3,0,0,0.0333247906060945,0.0590491903722025,6.8,TRUE,176,0,"ns",-0.88639033497296,-0.779430246558968,-1.22576376093927,-0.504069185390362,5.07397498226848,-0.0908364316879899,0.448000000175229,0.180624433602522,0.252612165975158,0.278755530377836,0.389289522713425,0.067,0.002,0.065,0.9,0.85,0.95
"173","Sphingomonas",0.055837549360224,0.102890388706756,"Sphingomonas","India",85,247,34.4,0.3,0.9,"Malawi",29,79,36.7,0.2,0.5,0.786488293949521,0.858760191231369,-2.3,FALSE,41,0,"ns",0.913442799033388,0.842111508636219,1.19617194744688,0.281730389595723,8.80770684990765,0.0333465768809755,0.483400000055395,0.674113724182611,0.765006824233573,0.63061692877745,0.748386647044986,0.323,0.196,0.127,0.9,0.85,0.95
"174","Staphylococcus",0.352208316501594,0.692452737705989,"Staphylococcus","India",239,247,96.8,10.6,12.1,"Malawi",74,79,93.7,5.6,7.5,0.317564606418588,0.408586308895253,3.09999999999999,TRUE,7,1,"ns",12.8253759943586,12.8885953189824,12.5642095720356,-0.738912794394477,4.10086383297778,-0.135308565376508,0.425914817288986,0.0490118509692993,0.10871098986324,0.0529852118422807,0.139967749737387,10.767,5.71,5.057,0.9,0.85,0.95
"175","Stenotrophomonas",0.0371244304123688,0.070164998781909,"Stenotrophomonas","India",58,247,23.5,0.2,0.6,"Malawi",20,79,25.3,0.3,0.8,0.762778340289953,0.848244024236645,-1.8,FALSE,65,0,"ns",0.00674591469721086,0.0282585129558299,-0.0690959865013312,0.0364999901994416,8.50390138119544,0.00349503200093677,0.498100379930345,0.704746670540679,0.783711025476181,0.672715896184453,0.779464813428116,0.183,0.273,-0.09,0.9,0.85,0.95
"176","Streptococcus",0.143169158689846,0.268163263102742,"Streptococcus","India",244,247,98.8,33.5,22.3,"Malawi",79,79,100,40.2,21.9,1,1,-1.2,FALSE,14,1,"ns",15.3519852840549,15.0806957309237,16.1929204685571,1.00997186178173,2.92489814371229,0.29422766648074,0.34540000056981,4.51208540240707e-06,5.54197756001834e-05,3.52171273995859e-05,0.000400073801828181,33.82,40.355,-6.535,0.9,0.85,0.95
"177","Subdoligranulum",0.119364021978586,0.239092741275047,"Subdoligranulum","India",16,247,6.5,0.1,0.4,"Malawi",30,79,38,0.3,1,1.32033273040299e-10,2.52411201149706e-09,-31.5,FALSE,21,0,"Malawi",-0.494653650441434,-0.860991481059013,1.17024503985213,2.92966844205415,7.57562129869129,0.383792558827411,0.328134373774757,5.32172748084752e-05,0.000343394489605279,8.41726676182648e-05,0.000652231165561977,0.071,0.368,-0.297,0.9,0.85,0.95
"178","Succinivibrio",0.127779966885479,0.276762008611034,"Succinivibrio","India",2,247,0.8,0,0.1,"Malawi",26,79,32.9,0.3,1,6.87114567416087e-16,3.46992856545124e-14,-32.1,FALSE,19,1,"Malawi",-0.768150161282515,-1.10672939947148,0.726131903448957,2.68653545413328,6.53356203995829,0.402748911310553,0.318000000699324,4.22188969024387e-05,0.000278405125404171,0.000156445726804483,0.000948827224781247,0.009,0.303,-0.294,0.9,0.85,0.95
"179","Sutterella",0.00788736178898276,0.0200420549141623,"Sutterella","India",0,247,0,0,0,"Malawi",8,79,10.1,0,0.2,8.99133734144405e-06,4.54062535742925e-05,-10.1,FALSE,156,0,"Malawi",-1.0198478347337,-1.09255789864002,-0.786668231921958,0.481352808010044,4.92658296715528,0.0828632761565496,0.456200000147129,0.163617427202872,0.23709258797078,0.288121627848803,0.403988914585247,0,0.042,-0.042,0.9,0.85,0.95
"180","Tepidimonas",0.0171518930982542,0.036144799200123,"Tepidimonas","India",32,247,13,0.1,0.4,"Malawi",4,79,5.1,0.1,0.5,0.0624263718202904,0.0992923394306981,7.9,TRUE,117,0,"ns",-0.675149620372784,-0.545819543686884,-1.04575682143567,-0.676727588438331,5.60398099903428,-0.100531241393798,0.439712057792325,0.123398369534497,0.197168134453622,0.236985467550183,0.35005519144976,0.1,0.053,0.047,0.9,0.85,0.95
"181","Tessaracoccus",0.00862042295607541,0.0250209623361548,"Tessaracoccus","India",29,247,11.7,0,0.2,"Malawi",0,79,0,0,0,0.00037509756393357,0.0011308911629042,11.7,TRUE,151,0,"India",-0.786812858173712,-0.631214879622803,-1.2362289413001,-0.776453699655987,5.05086487154769,-0.129429868888246,0.429114177405603,0.0332796320479347,0.0653303423034209,0.134287007849266,0.224029155948634,0.051,0,0.051,0.9,0.85,0.95
"182","Thermomonas",0.00497539565442183,0.0126562888704255,"Thermomonas","India",14,247,5.7,0,0.1,"Malawi",4,79,5.1,0,0.1,1,1,0.600000000000001,TRUE,175,0,"ns",-0.906114317429603,-0.845937221216797,-1.07553114900169,-0.161671078955553,4.98652391144451,-0.0279301412839025,0.48560000004804,0.509827699103949,0.608813855667709,0.470350141059187,0.596693992624673,0.016,0.022,-0.006,0.9,0.85,0.95
"183","Thermus",0.00888508731731079,0.018331262830348,"Thermus","India",22,247,8.9,0,0.2,"Malawi",1,79,1.3,0,0,0.0209538212030811,0.0404643091902091,7.6,TRUE,149,0,"India",-0.844173836205426,-0.706334466696971,-1.23513692807014,-0.655999851989145,5.21319792702457,-0.110955118684464,0.435000000220392,0.125836203570313,0.189540078415922,0.245711509349312,0.345320009908068,0.048,0.005,0.043,0.9,0.85,0.95
"184","Treponema_2",0.0185792267011515,0.0414837038440659,"Treponema_2","India",0,247,0,0,0,"Malawi",14,79,17.7,0.1,0.2,9.40154909407648e-10,1.18694557312716e-08,-17.7,FALSE,107,0,"Malawi",-0.934303610573121,-1.0641719615455,-0.438080170501514,0.963104809399002,5.58887060215265,0.14909458549863,0.416000000288132,0.0342592288256774,0.0674132290040769,0.103666406448149,0.173962612500851,0,0.058,-0.058,0.9,0.85,0.95
"185","Turicibacter",0.00658397649761743,0.0191894999036121,"Turicibacter","India",13,247,5.3,0,0.2,"Malawi",3,79,3.8,0,0,0.769565524385806,0.849465770087065,1.5,TRUE,165,0,"ns",-0.922444307951354,-0.890501806813988,-1.00012714620099,-0.107852838211174,4.8842934884398,-0.0204068666919651,0.488400000038687,0.530942960616289,0.632730693024666,0.521143576054093,0.644027061014591,0.024,0.003,0.021,0.9,0.85,0.95
"186","unassigned",0.0693400667667945,0.154740562503148,"unassigned","India",56,247,22.7,0,0.1,"Malawi",2,79,2.5,0,0,6.6376287321492e-06,3.43795129203625e-05,20.2,TRUE,35,0,"India",-0.353799160683861,-0.0982039839749032,-1.05170382422469,-1.26138748056026,5.344058998021,-0.215214983110988,0.39652069622105,0.00410732914351807,0.0122186578354494,0.0143533424357534,0.0414008099084179,0.028,0,0.028,0.9,0.85,0.95
"187","unassigned_Bacteroidales",0.0032376385653675,0.00780065328541549,"unassigned_Bacteroidales","India",0,247,0,0,0,"Malawi",6,79,7.6,0,0.2,0.000174626277742506,0.000618851019368179,-7.6,FALSE,191,0,"Malawi",-1.06238674021581,-1.08882119757861,-0.982338210981599,0.249523320478753,4.80455349310508,0.0431431571316031,0.476504699138647,0.365007135271578,0.454826334615783,0.452544364942187,0.571229724035612,0,0.026,-0.026,0.9,0.85,0.95
"188","unassigned_Cytophagaceae",0.0385284247864491,0.0942968113062811,"unassigned_Cytophagaceae","India",33,247,13.4,0.1,0.5,"Malawi",0,79,0,0,0,0.00013137569406054,0.000491442411115355,13.4,TRUE,62,0,"India",-0.726061258979222,-0.523328927083298,-1.28043114988926,-1.00690931986658,5.4119397546985,-0.163327320920053,0.408600000315199,0.00928477770659776,0.0202587408131492,0.0816178248259461,0.14062810515385,0.134,0,0.134,0.9,0.85,0.95
"189","unassigned_Enterobacteriaceae",0.0726445867626767,0.1395549524936,"unassigned_Enterobacteriaceae","India",24,247,9.7,0.1,0.7,"Malawi",16,79,20.3,3.2,10.6,0.0177756059250405,0.0352026705574332,-10.6,FALSE,33,0,"Malawi",-0.649467124889096,-0.693947693518753,-0.453507729560217,0.565844064492321,7.341870439453,0.0649967045546345,0.463307338655216,0.0481288455376066,0.0969712362898593,0.333885108736775,0.456835307873552,0.094,3.217,-3.123,0.9,0.85,0.95
"190","unassigned_Frankiales",0.00378034448825223,0.00903192924275308,"unassigned_Frankiales","India",15,247,6.1,0,0.1,"Malawi",0,79,0,0,0,0.0263289799697566,0.0487931555402829,6.1,TRUE,189,0,"India",-0.942705638507384,-0.828982704952065,-1.32309177115177,-0.554705476439725,4.70316634202972,-0.109451388196604,0.444400000187654,0.190601471976784,0.271633166773974,0.254406145927826,0.368257190531152,0.019,0,0.019,0.9,0.85,0.95
"191","unassigned_JG30-KF-CM45",0.00827590109814847,0.0196710006922246,"unassigned_JG30-KF-CM45","India",19,247,7.7,0.1,0.4,"Malawi",1,79,1.3,0,0,0.0548624662122244,0.0886577453989547,6.4,TRUE,152,0,"ns",-0.921181614021537,-0.816445809864968,-1.25851116552847,-0.568259589977825,5.06163718354307,-0.0977477465527515,0.446400000180744,0.155106373489598,0.222391398331108,0.27236276770196,0.383341416057691,0.066,0.001,0.065,0.9,0.85,0.95
"192","unassigned_Lachnospiraceae",0.0590025683464171,0.118218256487752,"unassigned_Lachnospiraceae","India",16,247,6.5,0,0.2,"Malawi",27,79,34.2,0.2,0.7,6.09831054791796e-09,6.84365961488571e-08,-27.7,FALSE,40,0,"Malawi",-0.520898357139727,-0.838524881040117,0.835838241387453,2.25178183203012,6.8825765485001,0.307743233303438,0.351529694603729,0.000534466581835919,0.00219936416061891,0.000891915651477928,0.00430617152904518,0.03,0.225,-0.195,0.9,0.85,0.95
"193","unassigned_Micrococcaceae",0.00543413894559484,0.0159853865434333,"unassigned_Micrococcaceae","India",14,247,5.7,0,0.3,"Malawi",1,79,1.3,0,0.2,0.129752666010652,0.180758886442425,4.4,TRUE,168,0,"ns",-0.951688532051385,-0.852268941238152,-1.26177039201053,-0.436411302899436,4.8362635183697,-0.072104809770009,0.45720000014372,0.312539609441634,0.403733766310702,0.329041283916663,0.443849455114751,0.031,0.017,0.014,0.9,0.85,0.95
"194","unassigned_Neisseriaceae",0.00386006927816103,0.0103090223105684,"unassigned_Neisseriaceae","India",11,247,4.5,0,0.1,"Malawi",4,79,5.1,0,0.1,0.764259467381532,0.848244024236645,-0.6,FALSE,188,0,"ns",-0.930023057145657,-0.922197964170524,-0.966031735081334,-0.0428621859463112,4.89825228871297,-0.00684048663051906,0.495500899835028,0.558247002618963,0.65740092588651,0.549217950313756,0.663306533027605,0.01,0.009,0.001,0.9,0.85,0.95
"195","unassigned_Prevotellaceae",0.00817153698082387,0.022000052164066,"unassigned_Prevotellaceae","India",0,247,0,0,0,"Malawi",11,79,13.9,0.1,0.5,9.67957538976801e-08,8.14697595305474e-07,-13.9,FALSE,153,0,"Malawi",-0.972237805510819,-1.10927203425523,-0.504469161381957,0.814216667766173,5.16924512131149,0.135691495528763,0.431113777478521,0.0608787542094364,0.106666346493011,0.137648653067679,0.222833939984433,0,0.099,-0.099,0.9,0.85,0.95
"196","unassigned_Ruminococcaceae",0.0161579080075851,0.0342147483963069,"unassigned_Ruminococcaceae","India",5,247,2,0,0.2,"Malawi",13,79,16.5,0,0.2,1.27984586364182e-05,6.15544915370588e-05,-14.5,FALSE,120,0,"Malawi",-0.909597317611567,-1.0427033388554,-0.424856701828894,0.890523407965928,5.46991931289572,0.139792619116634,0.421400000268639,0.0777237312743443,0.130790657236765,0.128889038376397,0.210962374532974,0.025,0.045,-0.02,0.9,0.85,0.95
"197","unassigned_Saccharimonadales",0.0159052902541052,0.0348533753555795,"unassigned_Saccharimonadales","India",18,247,7.3,0,0.3,"Malawi",6,79,7.6,0,0.2,1,1,-0.3,FALSE,121,0,"ns",-0.816326713654534,-0.779919987508828,-0.923856666194563,-0.0804954649434277,5.62737174732335,-0.0117235381460662,0.492200000026006,0.60133567268722,0.70005637912228,0.554399617930356,0.675108293454101,0.049,0.045,0.004,0.9,0.85,0.95
"198","unassigned_Sphingomonadaceae",0.00523569684790524,0.0146324125639727,"unassigned_Sphingomonadaceae","India",13,247,5.3,0,0.2,"Malawi",0,79,0,0,0,0.0434209874380362,0.073706213970448,5.3,TRUE,172,0,"ns",-1.00569588633603,-0.881390301488873,-1.31725675793371,-0.456514344031202,4.67387648055502,-0.0846709773430438,0.455000000151225,0.249560216584163,0.331019240035487,0.341065235240624,0.447143485758383,0.028,0,0.028,0.9,0.85,0.95
"199","unassigned_Spirosomaceae",0.00362930022785711,0.00866580928848995,"unassigned_Spirosomaceae","India",13,247,5.3,0,0.2,"Malawi",0,79,0,0,0,0.0434209874380362,0.073706213970448,5.3,TRUE,190,0,"ns",-0.964984183033103,-0.855646402031848,-1.29317832016916,-0.492421321464636,4.73600101612039,-0.0873666079554485,0.45060000016629,0.172430065157967,0.247856344353271,0.259622832954669,0.371439874947245,0.039,0,0.039,0.9,0.85,0.95
"200","Veillonella",0.132862921731092,0.244476993792558,"Veillonella","India",168,247,68,5.3,8.1,"Malawi",64,79,81,8.4,11.4,0.0319089659196156,0.0580685686104717,-13,FALSE,17,1,"ns",11.1894502315571,10.9587942888742,12.6731967489119,1.66818317644903,11.2139418913532,0.153771745974053,0.392321536069096,0.0198070057298292,0.0520086523001895,0.00675815278631744,0.0297604594183149,5.362,8.463,-3.101,0.9,0.85,0.95
"201","Vibrio",0.0200006128243015,0.0565061674042213,"Vibrio","India",26,247,10.5,0,0.2,"Malawi",0,79,0,0,0,0.00118278485935488,0.00306310950756008,10.5,TRUE,100,0,"India",-0.80149290201881,-0.621229588065633,-1.33025377964173,-0.790886853394442,5.15678610464922,-0.132995517280535,0.422200000265768,0.031985133244517,0.0620171544976169,0.107793627265729,0.181119934102604,0.039,0,0.039,0.9,0.85,0.95
"202","Weissella",0.0278617998388227,0.0540409322773718,"Weissella","India",40,247,16.2,0.1,0.4,"Malawi",15,79,19,0.1,0.4,0.605247292760703,0.706704931431573,-2.8,FALSE,86,0,"ns",-0.339046590717725,-0.382493502622548,-0.195209124507146,0.273178836719765,7.04253782505006,0.0333160934299291,0.478304339204599,0.521970336631814,0.621391111962774,0.543286429457944,0.663423567152904,0.089,0.097,-0.00800000000000001,0.9,0.85,0.95
