"","mean","sd","tax_id","taxonomy","group1_country","group1_present","group1_present_strict","group1_n","group1_prev","group1_prev_strict","group1_mean","group1_sd","group2_country","group2_present","group2_present_strict","group2_n","group2_prev","group2_prev_strict","group2_mean","group2_sd","fisher_p","fisher_p_strict","fisher_padj","fisher_signif","fisher_padj_strict","fisher_signif_strict","prev_diff","prev_diff_strict","enriched_group1","enriched_group1_strict","rf_rank","rf_top20","fisher_col","fisher_col_strict","crossval_mean","crossval_sd"
"Acinetobacter",0.71791038481907,1.21903964418657,"Acinetobacter","Acinetobacter","Malawi",46,25,68,0.676470588235294,0.367647058823529,0.01303,0.0456806076625291,"UK",5,0,53,0.0943396226415094,0,2.71698113207547e-05,0.000103410633259436,2.95905670620015e-11,7.83039765984575e-08,3.40291521213017e-09,1,4.77654257250591e-06,1,0.582130965593785,0.367647058823529,TRUE,TRUE,1,1,"3","3",0.8695,0.0787833623414118
"Corynebacterium_1",0.495338035287751,0.848118716914595,"Corynebacterium_1","Corynebacterium_1","Malawi",48,7,68,0.705882352941177,0.102941176470588,0.000347058823529412,0.000634169003378718,"UK",11,0,53,0.207547169811321,0,2.64150943396226e-05,6.3218009228829e-05,5.79333419108216e-08,0.0177950806078961,3.33116715987224e-06,1,0.0638529362989213,1,0.498335183129856,0.102941176470588,TRUE,TRUE,2,1,"3","3",0.8695,0.0787833623414118
"Streptococcus",0.480513990035505,0.827127958370516,"Streptococcus","Streptococcus","Malawi",68,63,68,1,0.926470588235294,0.0639858823529412,0.0799771996657423,"UK",51,38,53,0.962264150943396,0.716981132075472,0.0216483018867925,0.0562643783242542,0.189807162534435,0.00278860044548482,NA,NA,0.0212630783968217,1,0.0377358490566038,0.209489456159823,TRUE,TRUE,3,1,"ns","3",0.8695,0.0787833623414118
"Staphylococcus",0.455169719997231,0.783643551680861,"Staphylococcus","Staphylococcus","Malawi",62,40,68,0.911764705882353,0.588235294117647,0.0142158823529412,0.0625815056900496,"UK",32,10,53,0.60377358490566,0.188679245283019,0.00298264150943396,0.0149322233069374,6.44509933982583e-05,1.39644152488331e-05,0.00123531070679995,1,0.000425914665089411,1,0.307991120976693,0.399556048834628,TRUE,TRUE,4,1,"3","3",0.8695,0.0787833623414118
"Senegalimassilia",0.346850904866673,0.597381442479934,"Senegalimassilia","Senegalimassilia","Malawi",33,23,68,0.485294117647059,0.338235294117647,0.00248294117647059,0.00558373037956813,"UK",5,4,53,0.0943396226415094,0.0754716981132075,0.000531320754716981,0.00266353584959185,3.36091252392423e-06,0.000746443756533755,9.66262350628215e-05,1,0.00910661382971181,1,0.390954495005549,0.26276359600444,TRUE,TRUE,5,1,"3","3",0.8695,0.0787833623414118
"Bifidobacterium",0.291567013689923,0.518571686777506,"Bifidobacterium","Bifidobacterium","Malawi",66,65,68,0.970588235294118,0.955882352941177,0.292038823529412,0.25972661934926,"UK",48,45,53,0.905660377358491,0.849056603773585,0.145120754716981,0.169759067185606,0.237928262371126,0.05706619425348,0.350791668880506,0,0.158228993157376,0,0.0649278579356271,0.106825749167592,TRUE,TRUE,6,1,"ns","ns",0.8695,0.0787833623414118
"Haemophilus",0.28729413843116,0.505024382060043,"Haemophilus","Haemophilus","Malawi",25,9,68,0.367647058823529,0.132352941176471,0.00614058823529412,0.0346113924770595,"UK",33,17,53,0.622641509433962,0.320754716981132,0.011068679245283,0.0487776306721769,0.00626740887875712,0.0148647374932179,0.02669451929841,1,0.0604499324724196,1,-0.254994450610433,-0.188401775804661,FALSE,FALSE,7,1,"3","3",0.8695,0.0787833623414118
"Clostridium_sensu_stricto_1",0.231700132309805,0.40797451545308,"Clostridium_sensu_stricto_1","Clostridium_sensu_stricto_1","Malawi",13,6,68,0.191176470588235,0.0882352941176471,0.01684,0.0763084646622147,"UK",28,19,53,0.528301886792453,0.358490566037736,0.0228460377358491,0.0869650159179766,0.000191478059389601,0.000494137843497506,0.00244666409220045,1,0.00753560211333697,1,-0.337125416204218,-0.270255271920089,FALSE,FALSE,8,1,"3","3",0.8695,0.0787833623414118
"Collinsella",0.231498496312011,0.411907039983202,"Collinsella","Collinsella","Malawi",41,29,68,0.602941176470588,0.426470588235294,0.0114476470588235,0.0311524446283327,"UK",13,11,53,0.245283018867925,0.207547169811321,0.0156769811320755,0.0619374805622854,0.00010178243191048,0.012159316046863,0.00167213995281503,1,0.0529798770613318,1,0.357658157602664,0.218923418423973,TRUE,TRUE,9,1,"3","3",0.8695,0.0787833623414118
"Prevotella_9",0.228594051460562,0.415063820514298,"Prevotella_9","Prevotella_9","Malawi",22,12,68,0.323529411764706,0.176470588235294,0.0413282352941176,0.165846548251655,"UK",1,1,53,0.0188679245283019,0.0188679245283019,0.0052211320754717,0.0380104152558812,9.92108285571124e-06,0.00621561549687912,0.000228184905681358,1,0.0344684132099661,1,0.304661487236404,0.157602663706992,TRUE,TRUE,10,1,"3","3",0.8695,0.0787833623414118
"Enhydrobacter",0.225900968878166,0.420684629761432,"Enhydrobacter","Enhydrobacter","Malawi",23,4,68,0.338235294117647,0.0588235294117647,0.000247647058823529,0.000822613450229622,"UK",0,0,53,0,0,0,0,4.69206859950975e-07,0.130330378404338,1.79862629647874e-05,1,0.227147230933275,0,0.338235294117647,0.0588235294117647,TRUE,TRUE,11,1,"3","ns",0.8695,0.0787833623414118
"Lactobacillus",0.225666167816153,0.41665274052861,"Lactobacillus","Lactobacillus","Malawi",46,36,68,0.676470588235294,0.529411764705882,0.0542576470588235,0.156766398529193,"UK",27,17,53,0.509433962264151,0.320754716981132,0.0185222641509434,0.0590560862049963,0.0914111917712897,0.0270598731119219,0.191132491885424,0,0.0917029033237354,1,0.167036625971143,0.20865704772475,TRUE,TRUE,12,1,"ns","3",0.8695,0.0787833623414118
"Rothia",0.19769654899793,0.345061053188046,"Rothia","Rothia","Malawi",48,34,68,0.705882352941177,0.5,0.00527823529411765,0.011210117890013,"UK",40,14,53,0.754716981132076,0.264150943396226,0.00402415094339623,0.0191141129327925,0.681275556212705,0.00940709789157053,0.814821766380249,0,0.0478194142821502,1,-0.048834628190899,0.235849056603774,FALSE,TRUE,13,1,"ns","3",0.8695,0.0787833623414118
"Veillonella",0.191040020379173,0.335211772818755,"Veillonella","Veillonella","Malawi",62,53,68,0.911764705882353,0.779411764705882,0.0876664705882353,0.136516373101071,"UK",52,46,53,0.981132075471698,0.867924528301887,0.131181132075472,0.195098089665177,0.134394688074089,0.242310688829327,0.248399632877777,0,0.369523800464723,0,-0.0693673695893452,-0.0885127635960045,FALSE,FALSE,14,1,"ns","ns",0.8695,0.0787833623414118
"Escherichia/Shigella",0.17075267021018,0.304365918208841,"Escherichia/Shigella","Escherichia/Shigella","Malawi",64,58,68,0.941176470588235,0.852941176470588,0.20181,0.217556224237501,"UK",46,41,53,0.867924528301887,0.773584905660377,0.215150188679245,0.221230492251603,0.20857568886086,0.342835366019227,0.334611150428539,0,0.464732385048286,0,0.0732519422863485,0.0793562708102108,TRUE,TRUE,15,1,"ns","ns",0.8695,0.0787833623414118
"Bacteroides",0.170006677356601,0.297019813483944,"Bacteroides","Bacteroides","Malawi",45,34,68,0.661764705882353,0.5,0.0858147058823529,0.156077831162882,"UK",33,30,53,0.622641509433962,0.566037735849057,0.168897358490566,0.218597761338306,0.704172885063352,0.582141689863365,0.814821766380249,0,0.696287119248339,0,0.0391231964483907,-0.0660377358490566,TRUE,FALSE,16,1,"ns","ns",0.8695,0.0787833623414118
"Sutterella",0.158946031661224,0.285625700845461,"Sutterella","Sutterella","Malawi",27,19,68,0.397058823529412,0.279411764705882,0.00462470588235294,0.0128009142013301,"UK",9,4,53,0.169811320754717,0.0754716981132075,0.00160754716981132,0.00722710733325485,0.00887673265919603,0.00491861767009073,0.0364580091359837,1,0.033337297541726,1,0.227247502774695,0.203940066592675,TRUE,TRUE,17,1,"3","3",0.8695,0.0787833623414118
"Lawsonella",0.151306466819896,0.272028391544827,"Lawsonella","Lawsonella","Malawi",17,2,68,0.25,0.0294117647058824,0.000112352941176471,0.000361836598922191,"UK",2,0,53,0.0377358490566038,0,4.52830188679245e-06,2.79123654522128e-05,0.00185166722862119,0.503581267217631,0.0114948918482367,1,NA,NA,0.212264150943396,0.0294117647058824,TRUE,TRUE,18,1,"3","ns",0.8695,0.0787833623414118
"Enterobacter",0.148933190926835,0.263527417463712,"Enterobacter","Enterobacter","Malawi",17,5,68,0.25,0.0735294117647059,0.000421764705882353,0.00148172443021432,"UK",21,14,53,0.39622641509434,0.264150943396226,0.0191652830188679,0.0748800045355586,0.114235875752778,0.0054725225527465,0.234591530563742,0,0.0333823875717537,1,-0.14622641509434,-0.190621531631521,FALSE,FALSE,19,1,"ns","3",0.8695,0.0787833623414118
"Klebsiella",0.148670172576779,0.263215760101359,"Klebsiella","Klebsiella","Malawi",47,32,68,0.691176470588235,0.470588235294118,0.0138076470588235,0.03527897941283,"UK",31,24,53,0.584905660377358,0.452830188679245,0.0390588679245283,0.106415441217255,0.254283618269292,0.856498381870007,0.370159697480615,0,0.900800022311559,0,0.106270810210877,0.0177580466148723,TRUE,TRUE,20,1,"ns","ns",0.8695,0.0787833623414118
"Enterococcus",0.147883261394894,0.264464579612643,"Enterococcus","Enterococcus","Malawi",30,16,68,0.441176470588235,0.235294117647059,0.00477117647058824,0.019332894365961,"UK",35,21,53,0.660377358490566,0.39622641509434,0.0019411320754717,0.00336259610121598,0.0181602229361042,0.0737287324539966,0.0652633011766246,1,0.16770191238827,0,-0.219200887902331,-0.160932297447281,FALSE,FALSE,21,0,"3","ns",0.8695,0.0787833623414118
"Dolosigranulum",0.147719958325497,0.267268168816102,"Dolosigranulum","Dolosigranulum","Malawi",23,1,68,0.338235294117647,0.0147058823529412,5.88235294117647e-05,0.000147491759565055,"UK",3,0,53,0.0566037735849057,0,7.54716981132076e-06,4.44152460127652e-05,0.000127269872713636,1,0.00182950442025852,1,NA,NA,0.281631520532741,0.0147058823529412,TRUE,TRUE,22,0,"3","ns",0.8695,0.0787833623414118
"Dialister",0.12950264512598,0.231792766682725,"Dialister","Dialister","Malawi",27,11,68,0.397058823529412,0.161764705882353,0.00649705882352941,0.0446668994630059,"UK",12,1,53,0.226415094339623,0.0188679245283019,0.000241509433962264,0.00149289522048011,0.0522322817995678,0.0118257409596697,0.146505180657324,0,0.0529798770613318,1,0.170643729189789,0.142896781354051,TRUE,TRUE,23,0,"ns","3",0.8695,0.0787833623414118
"Actinomyces",0.127219102729468,0.225530211324971,"Actinomyces","Actinomyces","Malawi",36,14,68,0.529411764705882,0.205882352941176,0.00104705882352941,0.00260602233574438,"UK",32,4,53,0.60377358490566,0.0754716981132075,0.000675471698113208,0.00261751097715554,0.462896540493039,0.0697389956518915,0.584979144579115,0,0.16770191238827,0,-0.074361820199778,0.130410654827969,FALSE,TRUE,24,0,"ns","ns",0.8695,0.0787833623414118
"Citrobacter",0.126943310718851,0.229660728213572,"Citrobacter","Citrobacter","Malawi",6,3,68,0.0882352941176471,0.0441176470588235,0.000401764705882353,0.00199354700851363,"UK",17,14,53,0.320754716981132,0.264150943396226,0.0259954716981132,0.104240845577885,0.00196366697687329,0.000987235449374164,0.0114948918482367,1,0.010036893735304,1,-0.232519422863485,-0.220033296337403,FALSE,FALSE,25,0,"3","3",0.8695,0.0787833623414118
"unassigned_Lachnospiraceae",0.121208753035596,0.21453367105945,"unassigned_Lachnospiraceae","unassigned_Lachnospiraceae","Malawi",22,16,68,0.323529411764706,0.235294117647059,0.00554411764705882,0.0196961651116494,"UK",28,20,53,0.528301886792453,0.377358490566038,0.01476,0.0448629221586756,0.026802971880677,0.110186396607272,0.0934042959478136,1,0.210042818532613,0,-0.204772475027747,-0.142064372918979,FALSE,FALSE,26,0,"3","ns",0.8695,0.0787833623414118
"Eggerthella",0.11538744470837,0.214265072978424,"Eggerthella","Eggerthella","Malawi",5,1,68,0.0735294117647059,0.0147058823529412,5.05882352941176e-05,0.000315461672355292,"UK",17,4,53,0.320754716981132,0.0754716981132075,0.000566037735849057,0.00264367339105053,0.000673077462759321,0.167037978286052,0.00595414678594784,1,0.268139912511821,0,-0.247225305216426,-0.0607658157602664,FALSE,FALSE,27,0,"3","ns",0.8695,0.0787833623414118
"Libanicoccus",0.10743796160768,0.206006934722181,"Libanicoccus","Libanicoccus","Malawi",13,7,68,0.191176470588235,0.102941176470588,0.00701647058823529,0.0257721860814529,"UK",0,0,53,0,0,0,0,0.000513110461313856,0.0177950806078961,0.00491730858759112,1,0.0638529362989213,1,0.191176470588235,0.102941176470588,TRUE,TRUE,28,0,"3","3",0.8695,0.0787833623414118
"Slackia",0.105336302917308,0.193478264907486,"Slackia","Slackia","Malawi",17,4,68,0.25,0.0588235294117647,0.00101176470588235,0.00640468134320432,"UK",2,2,53,0.0377358490566038,0.0377358490566038,0.000338867924528302,0.00226383750128418,0.00185166722862119,0.694530678750433,0.0114948918482367,1,0.746822997281399,0,0.212264150943396,0.0210876803551609,TRUE,TRUE,29,0,"3","ns",0.8695,0.0787833623414118
"Atopobium",0.102757932557331,0.18398239627538,"Atopobium","Atopobium","Malawi",30,8,68,0.441176470588235,0.117647058823529,0.000681764705882353,0.00232975236732664,"UK",21,2,53,0.39622641509434,0.0377358490566038,0.000211320754716981,0.000644091601631109,0.711340638308423,0.182997460560648,0.814821766380249,0,0.286226797287167,0,0.0449500554938956,0.0799112097669256,TRUE,TRUE,30,0,"ns","ns",0.8695,0.0787833623414118
"Negativicoccus",0.0983376141266036,0.177387168178693,"Negativicoccus","Negativicoccus","Malawi",20,6,68,0.294117647058824,0.0882352941176471,0.00210882352941176,0.00982265634641346,"UK",10,2,53,0.188679245283019,0.0377358490566038,0.00136905660377358,0.00720489424044275,0.20826614605757,0.463552998998568,0.334611150428539,0,0.589098602894014,0,0.105438401775805,0.0504994450610433,TRUE,TRUE,31,0,"ns","ns",0.8695,0.0787833623414118
"Gemella",0.093456362170029,0.166130171364443,"Gemella","Gemella","Malawi",39,7,68,0.573529411764706,0.102941176470588,0.000462941176470588,0.00134106780669726,"UK",23,2,53,0.433962264150943,0.0377358490566038,0.000342641509433962,0.00157013491696561,0.145396076079213,0.295952012152411,0.257239211524761,0,0.429835065268977,0,0.139567147613762,0.0652053274139845,TRUE,TRUE,32,0,"ns","ns",0.8695,0.0787833623414118
"Parabacteroides",0.0867887446230936,0.152402200039398,"Parabacteroides","Parabacteroides","Malawi",28,23,68,0.411764705882353,0.338235294117647,0.0181517647058824,0.0449525385845732,"UK",24,22,53,0.452830188679245,0.415094339622642,0.0362852830188679,0.100321392469092,0.712832335944433,0.449778887117152,0.814821766380249,0,0.58375557689673,0,-0.0410654827968924,-0.0768590455049944,FALSE,FALSE,33,0,"ns","ns",0.8695,0.0787833623414118
"Prevotella",0.079372146966675,0.142219956075166,"Prevotella","Prevotella","Malawi",27,6,68,0.397058823529412,0.0882352941176471,0.00069,0.0025676878500944,"UK",12,4,53,0.226415094339623,0.0754716981132075,0.000801509433962264,0.00484787003039892,0.0522322817995678,1,0.146505180657324,0,1,0,0.170643729189789,0.0127635960044395,TRUE,TRUE,34,0,"ns","ns",0.8695,0.0787833623414118
"Finegoldia",0.0746896458670712,0.133027674050621,"Finegoldia","Finegoldia","Malawi",16,2,68,0.235294117647059,0.0294117647058824,0.000157058823529412,0.000801649528558086,"UK",7,0,53,0.132075471698113,0,2.11320754716981e-05,6.30524927024634e-05,0.169107895793122,0.503581267217631,0.290259821137448,0,NA,NA,0.103218645948946,0.0294117647058824,TRUE,TRUE,35,0,"ns","ns",0.8695,0.0787833623414118
"unassigned_Erysipelotrichaceae",0.0714912822158803,0.12984157993826,"unassigned_Erysipelotrichaceae","unassigned_Erysipelotrichaceae","Malawi",1,0,68,0.0147058823529412,0,7.64705882352941e-06,6.30592625094466e-05,"UK",11,10,53,0.207547169811321,0.188679245283019,0.00109433962264151,0.0037513328448976,0.000465670875389955,0.000154112901515459,0.00491730858759112,1,0.003133628997481,1,-0.19284128745838,-0.188679245283019,FALSE,FALSE,36,0,"3","3",0.8695,0.0787833623414118
"Raoultella",0.0712504350241809,0.127399174244603,"Raoultella","Raoultella","Malawi",8,2,68,0.117647058823529,0.0294117647058824,8.05882352941176e-05,0.00040619046467251,"UK",11,6,53,0.207547169811321,0.113207547169811,0.00653735849056604,0.0326762275474755,0.212405338967681,0.136079798880869,0.334611150428539,0,0.230579659214806,0,-0.0899001109877914,-0.083795782463929,FALSE,FALSE,37,0,"ns","ns",0.8695,0.0787833623414118
"Peptoniphilus",0.0701070166880231,0.125007100940856,"Peptoniphilus","Peptoniphilus","Malawi",20,3,68,0.294117647058824,0.0441176470588235,0.000531764705882353,0.00357097459048646,"UK",10,0,53,0.188679245283019,0,3.47169811320755e-05,0.000117155448568015,0.20826614605757,0.255371900826446,0.334611150428539,0,NA,NA,0.105438401775805,0.0441176470588235,TRUE,TRUE,38,0,"ns","ns",0.8695,0.0787833623414118
"Holdemanella",0.0663394847711544,0.125179297209664,"Holdemanella","Holdemanella","Malawi",13,7,68,0.191176470588235,0.102941176470588,0.000695882352941176,0.00256152137354866,"UK",1,1,53,0.0188679245283019,0.0188679245283019,3.69811320754717e-05,0.00026922670533943,0.00324058896957786,0.0779556869948136,0.0155278221458939,1,0.16770191238827,0,0.172308546059933,0.0840732519422863,TRUE,TRUE,39,0,"3","ns",0.8695,0.0787833623414118
"Ruminiclostridium_5",0.0639555249477933,0.116986462611885,"Ruminiclostridium_5","Ruminiclostridium_5","Malawi",2,0,68,0.0294117647058824,0,2.94117647058824e-06,1.99296391838449e-05,"UK",10,7,53,0.188679245283019,0.132075471698113,0.000447547169811321,0.00119841065528214,0.00488322048949509,0.00244127831027755,0.0215988598573821,1,0.0212630783968217,1,-0.159267480577137,-0.132075471698113,FALSE,FALSE,40,0,"3","3",0.8695,0.0787833623414118
"Micrococcus",0.0614114441609853,0.117532997124073,"Micrococcus","Micrococcus","Malawi",13,2,68,0.191176470588235,0.0294117647058824,0.000111764705882353,0.000547299860990491,"UK",0,0,53,0,0,0,0,0.000513110461313856,0.503581267217631,0.00491730858759112,1,NA,NA,0.191176470588235,0.0294117647058824,TRUE,TRUE,41,0,"3","ns",0.8695,0.0787833623414118
"Brachybacterium",0.0600761516904624,0.112389901484564,"Brachybacterium","Brachybacterium","Malawi",12,1,68,0.176470588235294,0.0147058823529412,0.000121764705882353,0.000743575350599598,"UK",0,0,53,0,0,0,0,0.00108787789866032,1,0.00781912239662108,1,NA,NA,0.176470588235294,0.0147058823529412,TRUE,TRUE,42,0,"3","ns",0.8695,0.0787833623414118
"Paracoccus",0.0572565995771077,0.103329775001253,"Paracoccus","Paracoccus","Malawi",12,0,68,0.176470588235294,0,2.88235294117647e-05,0.00010791828599931,"UK",0,0,53,0,0,0,0,0.00108787789866032,1,0.00781912239662108,1,NA,NA,0.176470588235294,0,TRUE,FALSE,43,0,"3","ns",0.8695,0.0787833623414118
"Intestinibacter",0.0555775088256715,0.104810263597879,"Intestinibacter","Intestinibacter","Malawi",2,0,68,0.0294117647058824,0,1.41176470588235e-05,0.000102683912822749,"UK",11,0,53,0.207547169811321,0,4e-05,0.000121275274923178,0.00228258211125267,1,0.0114948918482367,1,NA,NA,-0.178135405105438,0,FALSE,FALSE,44,0,"3","ns",0.8695,0.0787833623414118
"Scardovia",0.0544913773088517,0.101990128483775,"Scardovia","Scardovia","Malawi",1,0,68,0.0147058823529412,0,8.82352941176471e-06,7.27606875108999e-05,"UK",6,1,53,0.113207547169811,0.0188679245283019,5.88679245283019e-05,0.000196210840065148,0.0425195162609198,0.43801652892562,0.125378060769379,0,NA,NA,-0.0985016648168701,-0.0188679245283019,FALSE,FALSE,45,0,"ns","ns",0.8695,0.0787833623414118
"Anaerococcus",0.0496103951150825,0.0889993041913406,"Anaerococcus","Anaerococcus","Malawi",17,2,68,0.25,0.0294117647058824,8.52941176470588e-05,0.000331502552108477,"UK",10,0,53,0.188679245283019,0,3.39622641509434e-05,0.000117249563270328,0.511341709862708,0.503581267217631,0.632304264883993,0,NA,NA,0.0613207547169811,0.0294117647058824,TRUE,TRUE,46,0,"ns","ns",0.8695,0.0787833623414118
"Mitsuokella",0.0487423130993116,0.0933939382387521,"Mitsuokella","Mitsuokella","Malawi",11,6,68,0.161764705882353,0.0882352941176471,0.00120764705882353,0.00558529522400069,"UK",0,0,53,0,0,0,0,0.00229897836964734,0.0344521673887807,0.0114948918482367,1,0.105129269805695,0,0.161764705882353,0.0882352941176471,TRUE,TRUE,47,0,"3","ns",0.8695,0.0787833623414118
"Varibaculum",0.0471981941871979,0.0855133475170138,"Varibaculum","Varibaculum","Malawi",6,0,68,0.0882352941176471,0,2.82352941176471e-05,0.000120508142741793,"UK",3,0,53,0.0566037735849057,0,2.26415094339623e-06,9.33181271737504e-06,0.729796886410136,1,0.814821766380249,0,NA,NA,0.0316315205327414,0,TRUE,FALSE,48,0,"ns","ns",0.8695,0.0787833623414118
"Megasphaera",0.0442480724000223,0.0805139949318574,"Megasphaera","Megasphaera","Malawi",14,8,68,0.205882352941176,0.117647058823529,0.00373705882352941,0.0188256570763067,"UK",10,4,53,0.188679245283019,0.0754716981132075,0.0117501886792453,0.0571256676274929,1,0.547592354408322,1,0,0.668062672378153,0,0.0172031076581576,0.0421753607103219,TRUE,TRUE,49,0,"ns","ns",0.8695,0.0787833623414118
"Alistipes",0.0440012304858584,0.0785551316891688,"Alistipes","Alistipes","Malawi",8,4,68,0.117647058823529,0.0588235294117647,0.000161176470588235,0.000737173969243788,"UK",11,6,53,0.207547169811321,0.113207547169811,0.00216452830188679,0.0115397631234917,0.212405338967681,0.330764788305105,0.334611150428539,0,0.458560274695713,0,-0.0899001109877914,-0.0543840177580466,FALSE,FALSE,50,0,"ns","ns",0.8695,0.0787833623414118
"Bilophila",0.0439971237490973,0.0794023701718416,"Bilophila","Bilophila","Malawi",11,9,68,0.161764705882353,0.132352941176471,0.00146764705882353,0.0048984835050955,"UK",10,7,53,0.188679245283019,0.132075471698113,0.00118943396226415,0.00414009402303784,0.809899861578365,1,0.887033181728686,0,1,0,-0.0269145394006659,0.000277469478357384,FALSE,TRUE,51,0,"ns","ns",0.8695,0.0787833623414118
"Cutibacterium",0.0427442682414576,0.0761576714326258,"Cutibacterium","Cutibacterium","Malawi",11,2,68,0.161764705882353,0.0294117647058824,0.000117058823529412,0.000452565024019488,"UK",7,2,53,0.132075471698113,0.0377358490566038,9.20754716981132e-05,0.000405013572852176,0.798145056627021,1,0.882564245308725,0,NA,NA,0.0296892341842397,-0.00832408435072142,TRUE,FALSE,52,0,"ns","ns",0.8695,0.0787833623414118
"Erysipelatoclostridium",0.0420527566504824,0.0778135176535342,"Erysipelatoclostridium","Erysipelatoclostridium","Malawi",8,1,68,0.117647058823529,0.0147058823529412,0.000105294117647059,0.000610198085254668,"UK",12,6,53,0.226415094339623,0.113207547169811,0.00206264150943396,0.00964925348865102,0.140469117474505,0.0425195162609198,0.252405445462,0,0.123509071043624,0,-0.108768035516093,-0.0985016648168701,FALSE,FALSE,53,0,"ns","ns",0.8695,0.0787833623414118
"Granulicatella",0.0406439535196292,0.0726274865927616,"Granulicatella","Granulicatella","Malawi",14,4,68,0.205882352941176,0.0588235294117647,0.000258823529411765,0.00100751731130161,"UK",11,3,53,0.207547169811321,0.0566037735849057,0.000189433962264151,0.000740608936292758,1,1,1,0,1,0,-0.0016648168701443,0.00221975582685904,FALSE,TRUE,54,0,"ns","ns",0.8695,0.0787833623414118
"Hungatella",0.0379021827664514,0.0771590091002624,"Hungatella","Hungatella","Malawi",2,1,68,0.0294117647058824,0.0147058823529412,0.000567647058823529,0.00462222667722634,"UK",5,3,53,0.0943396226415094,0.0566037735849057,0.000901132075471698,0.00394940777467738,0.237928262371126,0.317839633402037,0.350791668880506,0,0.450888782268006,0,-0.0649278579356271,-0.0418978912319645,FALSE,FALSE,55,0,"ns","ns",0.8695,0.0787833623414118
"Kocuria",0.0373625029371112,0.0717225090339807,"Kocuria","Kocuria","Malawi",9,0,68,0.132352941176471,0,2.11764705882353e-05,6.82298444737314e-05,"UK",0,0,53,0,0,0,0,0.00475456936124502,1,0.0215988598573821,1,NA,NA,0.132352941176471,0,TRUE,FALSE,56,0,"3","ns",0.8695,0.0787833623414118
"Chryseobacterium",0.0373552227182668,0.0701921014123714,"Chryseobacterium","Chryseobacterium","Malawi",12,1,68,0.176470588235294,0.0147058823529412,0.000201764705882353,0.00139678836437563,"UK",0,0,53,0,0,0,0,0.00108787789866032,1,0.00781912239662108,1,NA,NA,0.176470588235294,0.0147058823529412,TRUE,TRUE,57,0,"3","ns",0.8695,0.0787833623414118
"Brevibacterium",0.0354781076913846,0.0692584991307201,"Brevibacterium","Brevibacterium","Malawi",11,1,68,0.161764705882353,0.0147058823529412,5.64705882352941e-05,0.00026363568658556,"UK",0,0,53,0,0,0,0,0.00229897836964734,1,0.0114948918482367,1,NA,NA,0.161764705882353,0.0147058823529412,TRUE,TRUE,58,0,"3","ns",0.8695,0.0787833623414118
"Brevundimonas",0.0352584956702607,0.07142114855614,"Brevundimonas","Brevundimonas","Malawi",11,0,68,0.161764705882353,0,3.82352941176471e-05,0.000139326109203847,"UK",0,0,53,0,0,0,0,0.00229897836964734,1,0.0114948918482367,1,NA,NA,0.161764705882353,0,TRUE,FALSE,59,0,"3","ns",0.8695,0.0787833623414118
"Tyzzerella_3",0.0345995060664728,0.0635022549445656,"Tyzzerella_3","Tyzzerella_3","Malawi",8,7,68,0.117647058823529,0.102941176470588,0.000792352941176471,0.00277552851906452,"UK",7,2,53,0.132075471698113,0.0377358490566038,0.000228679245283019,0.00101655155708641,1,0.295952012152411,1,0,0.429835065268977,0,-0.0144284128745838,0.0652053274139845,FALSE,TRUE,60,0,"ns","ns",0.8695,0.0787833623414118
"Catenibacterium",0.0343741575098143,0.0650191550515894,"Catenibacterium","Catenibacterium","Malawi",6,4,68,0.0882352941176471,0.0588235294117647,0.000375882352941176,0.00220041938695556,"UK",0,0,53,0,0,0,0,0.0344521673887807,0.130330378404338,0.104312907917644,0,0.227147230933275,0,0.0882352941176471,0.0588235294117647,TRUE,TRUE,61,0,"ns","ns",0.8695,0.0787833623414118
"Lachnoclostridium",0.0343172649954088,0.061548155387265,"Lachnoclostridium","Lachnoclostridium","Malawi",8,5,68,0.117647058823529,0.0735294117647059,0.000485882352941176,0.00195572808543559,"UK",10,6,53,0.188679245283019,0.113207547169811,0.00186339622641509,0.00677167146262116,0.311032824772744,0.531643589547299,0.447109685610819,0,0.661842019640515,0,-0.0710321864594895,-0.0396781354051054,FALSE,FALSE,62,0,"ns","ns",0.8695,0.0787833623414118
"Morganella",0.0321147759999421,0.0617591087715326,"Morganella","Morganella","Malawi",6,4,68,0.0882352941176471,0.0588235294117647,0.00256882352941176,0.0195657682738884,"UK",3,2,53,0.0566037735849057,0.0377358490566038,0.000271698113207547,0.00136785870819076,0.729796886410136,0.694530678750433,0.814821766380249,0,0.746822997281399,0,0.0316315205327414,0.0210876803551609,TRUE,TRUE,63,0,"ns","ns",0.8695,0.0787833623414118
"Succinivibrio",0.0317219521635734,0.0610141525374191,"Succinivibrio","Succinivibrio","Malawi",8,2,68,0.117647058823529,0.0294117647058824,0.000114705882352941,0.000592365535061807,"UK",0,0,53,0,0,0,0,0.00920070826690788,0.503581267217631,0.0364855672653243,1,NA,NA,0.117647058823529,0.0294117647058824,TRUE,TRUE,64,0,"3","ns",0.8695,0.0787833623414118
"Phascolarctobacterium",0.0314940434696445,0.0575038895291958,"Phascolarctobacterium","Phascolarctobacterium","Malawi",11,5,68,0.161764705882353,0.0735294117647059,0.00196470588235294,0.00970458830865905,"UK",9,7,53,0.169811320754717,0.132075471698113,0.00796150943396226,0.0275310341947345,1,0.362642756990936,1,0,0.480895829922763,0,-0.00804661487236402,-0.0585460599334073,FALSE,FALSE,65,0,"ns","ns",0.8695,0.0787833623414118
"Peptostreptococcus",0.0309005601493185,0.0589057110520511,"Peptostreptococcus","Peptostreptococcus","Malawi",10,1,68,0.147058823529412,0.0147058823529412,5.23529411764706e-05,0.000236113542425236,"UK",2,0,53,0.0377358490566038,0,1.73584905660377e-05,9.84524669260839e-05,0.0650362617495323,1,0.153807389323568,0,NA,NA,0.109322974472808,0.0147058823529412,TRUE,TRUE,66,0,"ns","ns",0.8695,0.0787833623414118
"Ezakiella",0.0308716526048735,0.0559621822376698,"Ezakiella","Ezakiella","Malawi",12,1,68,0.176470588235294,0.0147058823529412,8.17647058823529e-05,0.000374878850784602,"UK",6,2,53,0.113207547169811,0.0377358490566038,0.000166792452830189,0.00100875355987344,0.441981360066592,0.580755608028335,0.56475396008509,0,NA,NA,0.0632630410654828,-0.0230299667036626,TRUE,FALSE,67,0,"ns","ns",0.8695,0.0787833623414118
"Pseudomonas",0.0301543794293765,0.0608483116912804,"Pseudomonas","Pseudomonas","Malawi",8,2,68,0.117647058823529,0.0294117647058824,6.05882352941176e-05,0.000306467024122419,"UK",1,0,53,0.0188679245283019,0,2.26415094339623e-06,1.64832676738427e-05,0.0758526252363594,0.503581267217631,0.171040233376105,0,NA,NA,0.0987791342952275,0.0294117647058824,TRUE,TRUE,68,0,"ns","ns",0.8695,0.0787833623414118
"Stenotrophomonas",0.0293087756450963,0.0556197137455531,"Stenotrophomonas","Stenotrophomonas","Malawi",8,2,68,0.117647058823529,0.0294117647058824,9.35294117647059e-05,0.000517196128120593,"UK",2,1,53,0.0377358490566038,0.0188679245283019,0.000100377358490566,0.000687363866981201,0.182997460560648,1,0.309480999477566,0,NA,NA,0.0799112097669256,0.0105438401775805,TRUE,TRUE,69,0,"ns","ns",0.8695,0.0787833623414118
"Sphingomonas",0.029250292029849,0.0598954748621197,"Sphingomonas","Sphingomonas","Malawi",5,0,68,0.0735294117647059,0,2.76470588235294e-05,0.000144677899033793,"UK",0,0,53,0,0,0,0,0.0668727779667687,1,0.153807389323568,0,NA,NA,0.0735294117647059,0,TRUE,FALSE,70,0,"ns","ns",0.8695,0.0787833623414118
"Campylobacter",0.0288150334340652,0.052290276194868,"Campylobacter","Campylobacter","Malawi",12,2,68,0.176470588235294,0.0294117647058824,0.00152294117647059,0.012025452243809,"UK",7,0,53,0.132075471698113,0,3.39622641509434e-05,0.000123137503233042,0.617491117897806,0.503581267217631,0.747489247981555,0,NA,NA,0.0443951165371809,0.0294117647058824,TRUE,TRUE,71,0,"ns","ns",0.8695,0.0787833623414118
"Neisseria",0.0263543494270712,0.0507370491779452,"Neisseria","Neisseria","Malawi",2,0,68,0.0294117647058824,0,3.52941176470588e-06,2.46627827582404e-05,"UK",5,0,53,0.0943396226415094,0,1.81132075471698e-05,6.72840306740356e-05,0.237928262371126,1,0.350791668880506,0,NA,NA,-0.0649278579356271,0,FALSE,FALSE,72,0,"ns","ns",0.8695,0.0787833623414118
"Clostridioides",0.0263318586614122,0.0499864515479396,"Clostridioides","Clostridioides","Malawi",5,4,68,0.0735294117647059,0.0588235294117647,0.000109411764705882,0.000424144027751702,"UK",1,0,53,0.0188679245283019,0,1.05660377358491e-05,7.69219158112658e-05,0.228975830856709,0.130330378404338,0.350791668880506,0,0.227147230933275,0,0.054661487236404,0.0588235294117647,TRUE,TRUE,73,0,"ns","ns",0.8695,0.0787833623414118
"Fusobacterium",0.0257905181706248,0.0470379839725726,"Fusobacterium","Fusobacterium","Malawi",8,0,68,0.117647058823529,0,2.47058823529412e-05,9.96781475510547e-05,"UK",6,3,53,0.113207547169811,0.0566037735849057,0.000107924528301887,0.000495182011954913,1,0.0813459268004723,1,0,0.16770191238827,0,0.00443951165371809,-0.0566037735849057,TRUE,FALSE,74,0,"ns","ns",0.8695,0.0787833623414118
"Ruminococcus_2",0.0255236692125949,0.0506303047427528,"Ruminococcus_2","Ruminococcus_2","Malawi",3,0,68,0.0441176470588235,0,2.35294117647059e-06,1.17330566386616e-05,"UK",2,1,53,0.0377358490566038,0.0188679245283019,3.0188679245283e-05,0.000208865898881387,1,0.43801652892562,NA,NA,NA,NA,0.00638179800221976,-0.0188679245283019,TRUE,FALSE,75,0,"ns","ns",0.8695,0.0787833623414118
"Solobacterium",0.0231018644514157,0.0457764077278021,"Solobacterium","Solobacterium","Malawi",5,3,68,0.0735294117647059,0.0441176470588235,0.000328823529411765,0.00169599838901973,"UK",0,0,53,0,0,0,0,0.0668727779667687,0.255371900826446,0.153807389323568,0,NA,NA,0.0735294117647059,0.0441176470588235,TRUE,TRUE,76,0,"ns","ns",0.8695,0.0787833623414118
"Prevotella_6",0.0228460258671803,0.0416374993625795,"Prevotella_6","Prevotella_6","Malawi",9,0,68,0.132352941176471,0,2.88235294117647e-05,0.000109674272303343,"UK",4,1,53,0.0754716981132075,0.0188679245283019,0.000104905660377358,0.00066045329026449,0.385097390893927,0.43801652892562,0.51495581340467,0,NA,NA,0.056881243063263,-0.0188679245283019,TRUE,FALSE,77,0,"ns","ns",0.8695,0.0787833623414118
"Blautia",0.0222526021002193,0.0423888311521008,"Blautia","Blautia","Malawi",3,1,68,0.0441176470588235,0.0147058823529412,1.94117647058824e-05,0.000129013274255608,"UK",8,5,53,0.150943396226415,0.0943396226415094,0.00125962264150943,0.00557369990438065,0.0570661942534799,0.0852255620333831,0.153807389323568,0,0.16770191238827,0,-0.106825749167592,-0.0796337402885683,FALSE,FALSE,78,0,"ns","ns",0.8695,0.0787833623414118
"Prevotella_7",0.0217087475104132,0.0395287435058544,"Prevotella_7","Prevotella_7","Malawi",7,1,68,0.102941176470588,0.0147058823529412,6.76470588235294e-05,0.000494953993481073,"UK",3,0,53,0.0566037735849057,0,3.0188679245283e-06,1.32410936191925e-05,0.510256856618371,1,0.632304264883993,0,NA,NA,0.0463374028856826,0.0147058823529412,TRUE,TRUE,79,0,"ns","ns",0.8695,0.0787833623414118
"Flavonifractor",0.0209112930529794,0.0383453128608888,"Flavonifractor","Flavonifractor","Malawi",6,3,68,0.0882352941176471,0.0441176470588235,0.000789411764705882,0.00573031995729679,"UK",4,4,53,0.0754716981132075,0.0754716981132075,0.0020422641509434,0.011328323699999,1,0.697850997459668,1,0,0.746822997281399,0,0.0127635960044395,-0.031354051054384,TRUE,FALSE,80,0,"ns","ns",0.8695,0.0787833623414118
"Porphyromonas",0.0201987042408087,0.0364728192227015,"Porphyromonas","Porphyromonas","Malawi",11,0,68,0.161764705882353,0,3.58823529411765e-05,0.000132239440163211,"UK",6,1,53,0.113207547169811,0.0188679245283019,4e-05,0.000201379855382424,0.599496521099319,0.43801652892562,0.733426594961932,0,NA,NA,0.0485571587125416,-0.0188679245283019,TRUE,FALSE,81,0,"ns","ns",0.8695,0.0787833623414118
"unassigned_Enterobacteriaceae",0.019976030952112,0.0363556960155287,"unassigned_Enterobacteriaceae","unassigned_Enterobacteriaceae","Malawi",9,3,68,0.132352941176471,0.0441176470588235,0.00199882352941176,0.0156338491865025,"UK",7,4,53,0.132075471698113,0.0754716981132075,0.0120792452830189,0.0800716104460217,1,0.697850997459668,1,0,0.746822997281399,0,0.000277469478357384,-0.031354051054384,TRUE,FALSE,82,0,"ns","ns",0.8695,0.0787833623414118
"Barnesiella",0.0198612111909494,0.0369568675892559,"Barnesiella","Barnesiella","Malawi",2,1,68,0.0294117647058824,0.0147058823529412,4.41176470588235e-05,0.000306361581776193,"UK",5,5,53,0.0943396226415094,0.0943396226415094,0.00246037735849057,0.0147894195499382,0.237928262371126,0.0852255620333831,0.350791668880506,0,0.16770191238827,0,-0.0649278579356271,-0.0796337402885683,FALSE,FALSE,83,0,"ns","ns",0.8695,0.0787833623414118
"Coriobacteriaceae_UCG-003",0.0197892725222282,0.0387114321242287,"Coriobacteriaceae_UCG-003","Coriobacteriaceae_UCG-003","Malawi",3,3,68,0.0441176470588235,0.0441176470588235,0.000939411764705882,0.00640375073916933,"UK",1,1,53,0.0188679245283019,0.0188679245283019,0.000705660377358491,0.00513728509168097,0.63049646809277,0.63049646809277,NA,NA,NA,NA,0.0252497225305216,0.0252497225305216,TRUE,TRUE,84,0,"ns","ns",0.8695,0.0787833623414118
"UBA1819",0.0194652735925638,0.0378800081458931,"UBA1819","UBA1819","Malawi",2,1,68,0.0294117647058824,0.0147058823529412,8e-05,0.000590350262840477,"UK",6,4,53,0.113207547169811,0.0754716981132075,0.00694490566037736,0.0310250719718152,0.136079798880869,0.167037978286052,0.248399632877777,0,0.268139912511821,0,-0.083795782463929,-0.0607658157602664,FALSE,FALSE,85,0,"ns","ns",0.8695,0.0787833623414118
"Prevotella_2",0.0193347171529056,0.0375451076129435,"Prevotella_2","Prevotella_2","Malawi",5,3,68,0.0735294117647059,0.0441176470588235,0.00247588235294118,0.0175386286020226,"UK",0,0,53,0,0,0,0,0.0668727779667687,0.255371900826446,0.153807389323568,0,NA,NA,0.0735294117647059,0.0441176470588235,TRUE,TRUE,86,0,"ns","ns",0.8695,0.0787833623414118
"Olsenella",0.0189780253849627,0.0363003196011385,"Olsenella","Olsenella","Malawi",7,3,68,0.102941176470588,0.0441176470588235,0.00304470588235294,0.0224275539799628,"UK",0,0,53,0,0,0,0,0.0177950806078961,0.255371900826446,0.0652633011766246,1,NA,NA,0.102941176470588,0.0441176470588235,TRUE,TRUE,87,0,"3","ns",0.8695,0.0787833623414118
"Coprobacter",0.0179310153357334,0.0330687541876425,"Coprobacter","Coprobacter","Malawi",0,0,68,0,0,0,0,"UK",4,2,53,0.0754716981132075,0.0377358490566038,0.000395471698113208,0.00191116010483135,0.0344686130510475,0.189807162534435,0.104312907917644,0,NA,NA,-0.0754716981132075,-0.0377358490566038,FALSE,FALSE,88,0,"ns","ns",0.8695,0.0787833623414118
"Psychrobacter",0.0169829828707116,0.0348879950432082,"Psychrobacter","Psychrobacter","Malawi",5,1,68,0.0735294117647059,0.0147058823529412,5.05882352941176e-05,0.000332847875937706,"UK",0,0,53,0,0,0,0,0.0668727779667687,1,0.153807389323568,0,NA,NA,0.0735294117647059,0.0147058823529412,TRUE,TRUE,89,0,"ns","ns",0.8695,0.0787833623414118
"Odoribacter",0.0168696651238557,0.0323453869122582,"Odoribacter","Odoribacter","Malawi",2,1,68,0.0294117647058824,0.0147058823529412,8e-05,0.000569555993604445,"UK",4,2,53,0.0754716981132075,0.0377358490566038,0.000366037735849057,0.00223834274169928,0.402537945203053,0.580755608028335,0.520133299981474,0,NA,NA,-0.0460599334073252,-0.0230299667036626,FALSE,FALSE,90,0,"ns","ns",0.8695,0.0787833623414118
"Gardnerella",0.0168419502497182,0.032775618046474,"Gardnerella","Gardnerella","Malawi",6,0,68,0.0882352941176471,0,1.58823529411765e-05,8.96133534511966e-05,"UK",1,0,53,0.0188679245283019,0,7.54716981132076e-07,5.49442255794756e-06,0.134394688074089,1,0.248399632877777,0,NA,NA,0.0693673695893452,0,TRUE,FALSE,91,0,"ns","ns",0.8695,0.0787833623414118
"Eubacterium",0.0155406343076143,0.0278456961287786,"Eubacterium","Eubacterium","Malawi",3,2,68,0.0441176470588235,0.0294117647058824,0.000527647058823529,0.00370234138005517,"UK",3,3,53,0.0566037735849057,0.0566037735849057,0.000218867924528302,0.00107610705139719,1,0.652603517010297,1,0,0.746822997281399,0,-0.0124861265260821,-0.0271920088790233,FALSE,FALSE,92,0,"ns","ns",0.8695,0.0787833623414118
"Ralstonia",0.0151006522185326,0.0318399108494245,"Ralstonia","Ralstonia","Malawi",3,0,68,0.0441176470588235,0,4.11764705882353e-06,2.20064640515617e-05,"UK",0,0,53,0,0,0,0,0.255371900826446,1,NA,NA,NA,NA,0.0441176470588235,0,TRUE,FALSE,93,0,"ns","ns",0.8695,0.0787833623414118
"Pediococcus",0.0148895242320018,0.0297528688640232,"Pediococcus","Pediococcus","Malawi",3,1,68,0.0441176470588235,0.0147058823529412,2.88235294117647e-05,0.000183738371846628,"UK",0,0,53,0,0,0,0,0.255371900826446,1,NA,NA,NA,NA,0.0441176470588235,0.0147058823529412,TRUE,TRUE,94,0,"ns","ns",0.8695,0.0787833623414118
"Sphingobacterium",0.0148046162142536,0.0283567287149239,"Sphingobacterium","Sphingobacterium","Malawi",7,1,68,0.102941176470588,0.0147058823529412,3.47058823529412e-05,0.000147237959376308,"UK",0,0,53,0,0,0,0,0.0177950806078961,1,0.0652633011766246,1,NA,NA,0.102941176470588,0.0147058823529412,TRUE,TRUE,95,0,"3","ns",0.8695,0.0787833623414118
"Subdoligranulum",0.0138694339847739,0.0256319369879842,"Subdoligranulum","Subdoligranulum","Malawi",6,0,68,0.0882352941176471,0,2.82352941176471e-05,0.000114199892522502,"UK",3,3,53,0.0566037735849057,0.0566037735849057,4e-04,0.00179861485166096,0.729796886410136,0.0813459268004723,0.814821766380249,0,0.16770191238827,0,0.0316315205327414,-0.0566037735849057,TRUE,FALSE,96,0,"ns","ns",0.8695,0.0787833623414118
"Acidaminococcus",0.0128031094653386,0.0253821648251582,"Acidaminococcus","Acidaminococcus","Malawi",2,1,68,0.0294117647058824,0.0147058823529412,0.000682352941176471,0.00562190548183689,"UK",0,0,53,0,0,0,0,0.503581267217631,1,NA,NA,NA,NA,0.0294117647058824,0.0147058823529412,TRUE,TRUE,97,0,"ns","ns",0.8695,0.0787833623414118
"Enterorhabdus",0.0126802146143546,0.0240709355886721,"Enterorhabdus","Enterorhabdus","Malawi",3,1,68,0.0441176470588235,0.0147058823529412,7.47058823529412e-05,0.000535761337454608,"UK",1,0,53,0.0188679245283019,0,1.35849056603774e-05,9.88996060430561e-05,0.63049646809277,1,NA,NA,NA,NA,0.0252497225305216,0.0147058823529412,TRUE,TRUE,98,0,"ns","ns",0.8695,0.0787833623414118
"Coprococcus_3",0.0125966702128727,0.0236212282513791,"Coprococcus_3","Coprococcus_3","Malawi",2,1,68,0.0294117647058824,0.0147058823529412,0.000211764705882353,0.00164602546286726,"UK",2,0,53,0.0377358490566038,0,1.13207547169811e-05,7.20586763005585e-05,1,1,NA,NA,NA,NA,-0.00832408435072142,0.0147058823529412,FALSE,TRUE,99,0,"ns","ns",0.8695,0.0787833623414118
"Luteimonas",0.0116494733439493,0.0245775427866737,"Luteimonas","Luteimonas","Malawi",6,1,68,0.0882352941176471,0.0147058823529412,4.23529411764706e-05,0.000178334899164121,"UK",0,0,53,0,0,0,0,0.0344521673887807,1,0.104312907917644,0,NA,NA,0.0882352941176471,0.0147058823529412,TRUE,TRUE,100,0,"ns","ns",0.8695,0.0787833623414118
"Fusicatenibacter",0.0110706975594727,0.0210451446367663,"Fusicatenibacter","Fusicatenibacter","Malawi",2,0,68,0.0294117647058824,0,1.17647058823529e-06,6.80855733830397e-06,"UK",4,3,53,0.0754716981132075,0.0566037735849057,0.000475471698113208,0.00280945283889787,0.402537945203053,0.0813459268004723,0.520133299981474,0,0.16770191238827,0,-0.0460599334073252,-0.0566037735849057,FALSE,FALSE,101,0,"ns","ns",0.8695,0.0787833623414118
"Faecalibacterium",0.011052380471368,0.0228574996353121,"Faecalibacterium","Faecalibacterium","Malawi",4,1,68,0.0588235294117647,0.0147058823529412,8.52941176470588e-05,0.000646123851600196,"UK",1,1,53,0.0188679245283019,0.0188679245283019,4.15094339622642e-05,0.000302193240687116,0.384160780154617,1,0.51495581340467,0,NA,NA,0.0399556048834628,-0.00416204217536071,TRUE,FALSE,102,0,"ns","ns",0.8695,0.0787833623414118
"Aerococcus",0.0109942429872843,0.0243525885150024,"Aerococcus","Aerococcus","Malawi",5,0,68,0.0735294117647059,0,1.11764705882353e-05,6.87094121551088e-05,"UK",0,0,53,0,0,0,0,0.0668727779667687,1,0.153807389323568,0,NA,NA,0.0735294117647059,0,TRUE,FALSE,103,0,"ns","ns",0.8695,0.0787833623414118
"Lachnoanaerobaculum",0.0108256308641902,0.0200727908034992,"Lachnoanaerobaculum","Lachnoanaerobaculum","Malawi",4,0,68,0.0588235294117647,0,1.11764705882353e-05,6.5870279841988e-05,"UK",3,0,53,0.0566037735849057,0,3.77358490566038e-06,1.79985485626715e-05,1,1,1,0,NA,NA,0.00221975582685904,0,TRUE,FALSE,104,0,"ns","ns",0.8695,0.0787833623414118
"Alloprevotella",0.0106157116648099,0.0217826848955961,"Alloprevotella","Alloprevotella","Malawi",3,1,68,0.0441176470588235,0.0147058823529412,6.47058823529412e-05,0.000523776386684684,"UK",0,0,53,0,0,0,0,0.255371900826446,1,NA,NA,NA,NA,0.0441176470588235,0.0147058823529412,TRUE,TRUE,105,0,"ns","ns",0.8695,0.0787833623414118
"Akkermansia",0.0105894426157052,0.019474338732329,"Akkermansia","Akkermansia","Malawi",4,2,68,0.0588235294117647,0.0294117647058824,0.00147,0.00907167183328113,"UK",3,3,53,0.0566037735849057,0.0566037735849057,0.00698037735849057,0.049842633355942,1,0.652603517010297,1,0,0.746822997281399,0,0.00221975582685904,-0.0271920088790233,TRUE,FALSE,106,0,"ns","ns",0.8695,0.0787833623414118
"Proteus",0.00980091000114866,0.0190279819799363,"Proteus","Proteus","Malawi",1,0,68,0.0147058823529412,0,5.88235294117647e-07,4.85071250072666e-06,"UK",4,4,53,0.0754716981132075,0.0754716981132075,0.00218188679245283,0.0103337909226523,0.167037978286052,0.0344686130510475,0.290259821137448,0,0.105129269805695,0,-0.0607658157602664,-0.0754716981132075,FALSE,FALSE,107,0,"ns","ns",0.8695,0.0787833623414118
"Sphingobium",0.00955643051838465,0.021909300778824,"Sphingobium","Sphingobium","Malawi",2,0,68,0.0294117647058824,0,1.47058823529412e-05,8.57359812001015e-05,"UK",0,0,53,0,0,0,0,0.503581267217631,1,NA,NA,NA,NA,0.0294117647058824,0,TRUE,FALSE,108,0,"ns","ns",0.8695,0.0787833623414118
"Bosea",0.00953954744680042,0.0220809609729584,"Bosea","Bosea","Malawi",2,0,68,0.0294117647058824,0,2.94117647058824e-06,1.99296391838449e-05,"UK",0,0,53,0,0,0,0,0.503581267217631,1,NA,NA,NA,NA,0.0294117647058824,0,TRUE,FALSE,109,0,"ns","ns",0.8695,0.0787833623414118
"Hydrotalea",0.00950314757138626,0.020772469130731,"Hydrotalea","Hydrotalea","Malawi",3,1,68,0.0441176470588235,0.0147058823529412,3.94117647058824e-05,0.000305608677462082,"UK",0,0,53,0,0,0,0,0.255371900826446,1,NA,NA,NA,NA,0.0441176470588235,0.0147058823529412,TRUE,TRUE,110,0,"ns","ns",0.8695,0.0787833623414118
"Allorhizobium-Neorhizobium-Pararhizobium-Rhizobium",0.00939409426413987,0.0216955135738948,"Allorhizobium-Neorhizobium-Pararhizobium-Rhizobium","Allorhizobium-Neorhizobium-Pararhizobium-Rhizobium","Malawi",2,0,68,0.0294117647058824,0,1e-05,5.87938467691173e-05,"UK",0,0,53,0,0,0,0,0.503581267217631,1,NA,NA,NA,NA,0.0294117647058824,0,TRUE,FALSE,111,0,"ns","ns",0.8695,0.0787833623414118
"Variovorax",0.00931564039472517,0.0213854311236435,"Variovorax","Variovorax","Malawi",2,1,68,0.0294117647058824,0.0147058823529412,5.94117647058824e-05,0.0004850231025516,"UK",0,0,53,0,0,0,0,0.503581267217631,1,NA,NA,NA,NA,0.0294117647058824,0.0147058823529412,TRUE,TRUE,112,0,"ns","ns",0.8695,0.0787833623414118
"unassigned_Saccharimonadaceae",0.00926462093598067,0.0195319872448113,"unassigned_Saccharimonadaceae","unassigned_Saccharimonadaceae","Malawi",4,2,68,0.0588235294117647,0.0294117647058824,0.000102941176470588,0.000577563226036974,"UK",1,1,53,0.0188679245283019,0.0188679245283019,5.05660377358491e-05,0.000368126311382487,0.384160780154617,1,0.51495581340467,0,NA,NA,0.0399556048834628,0.0105438401775805,TRUE,TRUE,113,0,"ns","ns",0.8695,0.0787833623414118
"Desulfovibrio",0.00915502178016612,0.0194584864535914,"Desulfovibrio","Desulfovibrio","Malawi",3,2,68,0.0441176470588235,0.0294117647058824,0.000392352941176471,0.00238030984916899,"UK",1,0,53,0.0188679245283019,0,7.54716981132076e-07,5.49442255794756e-06,0.63049646809277,0.503581267217631,NA,NA,NA,NA,0.0252497225305216,0.0294117647058824,TRUE,TRUE,114,0,"ns","ns",0.8695,0.0787833623414118
"Megamonas",0.00892513913922444,0.0169592196465933,"Megamonas","Megamonas","Malawi",4,3,68,0.0588235294117647,0.0441176470588235,0.00206529411764706,0.00992878259369197,"UK",1,1,53,0.0188679245283019,0.0188679245283019,0.00894415094339623,0.0651144017342365,0.384160780154617,0.63049646809277,0.51495581340467,0,NA,NA,0.0399556048834628,0.0252497225305216,TRUE,TRUE,115,0,"ns","ns",0.8695,0.0787833623414118
"Lelliottia",0.00875699413734521,0.0171906881027163,"Lelliottia","Lelliottia","Malawi",2,1,68,0.0294117647058824,0.0147058823529412,1.70588235294118e-05,0.000131183576778901,"UK",4,2,53,0.0754716981132075,0.0377358490566038,0.00570264150943396,0.0410251866423797,0.402537945203053,0.580755608028335,0.520133299981474,0,NA,NA,-0.0460599334073252,-0.0230299667036626,FALSE,FALSE,116,0,"ns","ns",0.8695,0.0787833623414118
"Sneathia",0.00857590365675275,0.017538357333428,"Sneathia","Sneathia","Malawi",4,0,68,0.0588235294117647,0,1.23529411764706e-05,8.30054421351768e-05,"UK",0,0,53,0,0,0,0,0.130330378404338,1,0.248399632877777,0,NA,NA,0.0588235294117647,0,TRUE,FALSE,117,0,"ns","ns",0.8695,0.0787833623414118
"Buttiauxella",0.00844447961227978,0.019080703593708,"Buttiauxella","Buttiauxella","Malawi",2,0,68,0.0294117647058824,0,6.47058823529412e-06,4.86769646057651e-05,"UK",0,0,53,0,0,0,0,0.503581267217631,1,NA,NA,NA,NA,0.0294117647058824,0,TRUE,FALSE,118,0,"ns","ns",0.8695,0.0787833623414118
"Ruminococcaceae_UCG-010",0.00830229779644062,0.0200006829171669,"Ruminococcaceae_UCG-010","Ruminococcaceae_UCG-010","Malawi",2,0,68,0.0294117647058824,0,1.17647058823529e-06,6.80855733830397e-06,"UK",1,0,53,0.0188679245283019,0,6.79245283018868e-06,4.94498030215281e-05,1,1,NA,NA,NA,NA,0.0105438401775805,0,TRUE,FALSE,119,0,"ns","ns",0.8695,0.0787833623414118
"Moraxella",0.00820913283317831,0.0194872008731076,"Moraxella","Moraxella","Malawi",5,0,68,0.0735294117647059,0,4.70588235294118e-06,1.89634832302707e-05,"UK",0,0,53,0,0,0,0,0.0668727779667687,1,0.153807389323568,0,NA,NA,0.0735294117647059,0,TRUE,FALSE,120,0,"ns","ns",0.8695,0.0787833623414118
"Pseudoglutamicibacter",0.0081286868134129,0.0178555930979453,"Pseudoglutamicibacter","Pseudoglutamicibacter","Malawi",6,2,68,0.0882352941176471,0.0294117647058824,4.70588235294118e-05,0.000250414932220889,"UK",0,0,53,0,0,0,0,0.0344521673887807,0.503581267217631,0.104312907917644,0,NA,NA,0.0882352941176471,0.0294117647058824,TRUE,TRUE,121,0,"ns","ns",0.8695,0.0787833623414118
"Delftia",0.00790926123625212,0.0184399385278706,"Delftia","Delftia","Malawi",1,0,68,0.0147058823529412,0,5.88235294117647e-07,4.85071250072666e-06,"UK",0,0,53,0,0,0,0,1,1,NA,NA,NA,NA,0.0147058823529412,0,TRUE,FALSE,122,0,"ns","ns",0.8695,0.0787833623414118
"Murdochiella",0.00753415217276718,0.0155347526308738,"Murdochiella","Murdochiella","Malawi",1,0,68,0.0147058823529412,0,5.88235294117647e-07,4.85071250072666e-06,"UK",1,0,53,0.0188679245283019,0,2.26415094339623e-06,1.64832676738427e-05,1,1,NA,NA,NA,NA,-0.00416204217536071,0,FALSE,FALSE,123,0,"ns","ns",0.8695,0.0787833623414118
"Caproiciproducens",0.00750732409957221,0.0148529964070498,"Caproiciproducens","Caproiciproducens","Malawi",0,0,68,0,0,0,0,"UK",3,3,53,0.0566037735849057,0.0566037735849057,0.000548679245283019,0.00293438372361993,0.0813459268004723,0.0813459268004723,0.173236695963969,0,0.16770191238827,0,-0.0566037735849057,-0.0566037735849057,FALSE,FALSE,124,0,"ns","ns",0.8695,0.0787833623414118
"Citricoccus",0.00742238582369501,0.0172602936624786,"Citricoccus","Citricoccus","Malawi",5,1,68,0.0735294117647059,0.0147058823529412,3.11764705882353e-05,0.000205110304592538,"UK",0,0,53,0,0,0,0,0.0668727779667687,1,0.153807389323568,0,NA,NA,0.0735294117647059,0.0147058823529412,TRUE,TRUE,125,0,"ns","ns",0.8695,0.0787833623414118
"Howardella",0.00727474110393079,0.0149521507694954,"Howardella","Howardella","Malawi",0,0,68,0,0,0,0,"UK",1,0,53,0.0188679245283019,0,9.81132075471698e-06,7.14274932533183e-05,0.43801652892562,1,NA,NA,NA,NA,-0.0188679245283019,0,FALSE,FALSE,126,0,"ns","ns",0.8695,0.0787833623414118
"Terrisporobacter",0.00727298877972308,0.0140473630162239,"Terrisporobacter","Terrisporobacter","Malawi",0,0,68,0,0,0,0,"UK",4,0,53,0.0754716981132075,0,2.0377358490566e-05,8.21340898060778e-05,0.0344686130510475,1,0.104312907917644,0,NA,NA,-0.0754716981132075,0,FALSE,FALSE,127,0,"ns","ns",0.8695,0.0787833623414118
"Agathobacter",0.00723644664217214,0.0134015077491563,"Agathobacter","Agathobacter","Malawi",2,0,68,0.0294117647058824,0,2.94117647058824e-06,1.99296391838449e-05,"UK",2,1,53,0.0377358490566038,0.0188679245283019,4.75471698113208e-05,0.00030934736301034,1,0.43801652892562,NA,NA,NA,NA,-0.00832408435072142,-0.0188679245283019,FALSE,FALSE,128,0,"ns","ns",0.8695,0.0787833623414118
"Succiniclasticum",0.00712301939534239,0.0147137871907268,"Succiniclasticum","Succiniclasticum","Malawi",0,0,68,0,0,0,0,"UK",1,0,53,0.0188679245283019,0,7.54716981132076e-07,5.49442255794756e-06,0.43801652892562,1,NA,NA,NA,NA,-0.0188679245283019,0,FALSE,FALSE,129,0,"ns","ns",0.8695,0.0787833623414118
"unassigned_Ruminococcaceae",0.00708643752032851,0.0134217864706888,"unassigned_Ruminococcaceae","unassigned_Ruminococcaceae","Malawi",4,0,68,0.0588235294117647,0,2.35294117647059e-06,9.48174161513536e-06,"UK",1,1,53,0.0188679245283019,0.0188679245283019,4.9811320754717e-05,0.000362631888824539,0.384160780154617,0.43801652892562,0.51495581340467,0,NA,NA,0.0399556048834628,-0.0188679245283019,TRUE,FALSE,130,0,"ns","ns",0.8695,0.0787833623414118
"Empedobacter",0.006912072610248,0.0150315945564938,"Empedobacter","Empedobacter","Malawi",3,1,68,0.0441176470588235,0.0147058823529412,7.23529411764706e-05,0.000577147172433459,"UK",0,0,53,0,0,0,0,0.255371900826446,1,NA,NA,NA,NA,0.0441176470588235,0.0147058823529412,TRUE,TRUE,131,0,"ns","ns",0.8695,0.0787833623414118
"Butyricicoccus",0.00659600807315574,0.0122549437766326,"Butyricicoccus","Butyricicoccus","Malawi",4,1,68,0.0588235294117647,0.0147058823529412,2.29411764705882e-05,0.000144357132012154,"UK",2,1,53,0.0377358490566038,0.0188679245283019,3.24528301886792e-05,0.000210063229129281,0.694530678750433,1,0.814821766380249,0,NA,NA,0.0210876803551609,-0.00416204217536071,TRUE,FALSE,132,0,"ns","ns",0.8695,0.0787833623414118
"Comamonas",0.00653982331217857,0.0143757714996179,"Comamonas","Comamonas","Malawi",2,1,68,0.0294117647058824,0.0147058823529412,3.17647058823529e-05,0.000247597055756556,"UK",0,0,53,0,0,0,0,0.503581267217631,1,NA,NA,NA,NA,0.0294117647058824,0.0147058823529412,TRUE,TRUE,133,0,"ns","ns",0.8695,0.0787833623414118
"unassigned_Weeksellaceae",0.00613984636977973,0.0127474026532083,"unassigned_Weeksellaceae","unassigned_Weeksellaceae","Malawi",4,1,68,0.0588235294117647,0.0147058823529412,2.58823529411765e-05,0.000189360552355581,"UK",0,0,53,0,0,0,0,0.130330378404338,1,0.248399632877777,0,NA,NA,0.0588235294117647,0.0147058823529412,TRUE,TRUE,134,0,"ns","ns",0.8695,0.0787833623414118
"Anaerostipes",0.00586900895556669,0.0114778383081973,"Anaerostipes","Anaerostipes","Malawi",3,1,68,0.0441176470588235,0.0147058823529412,3.58823529411765e-05,0.000223207522034739,"UK",1,1,53,0.0188679245283019,0.0188679245283019,1.88679245283019e-05,0.000137360563948689,0.63049646809277,1,NA,NA,NA,NA,0.0252497225305216,-0.00416204217536071,TRUE,FALSE,135,0,"ns","ns",0.8695,0.0787833623414118
"Roseomonas",0.00585627626338458,0.0117795821142101,"Roseomonas","Roseomonas","Malawi",2,0,68,0.0294117647058824,0,1.76470588235294e-06,1.07815730680941e-05,"UK",0,0,53,0,0,0,0,0.503581267217631,1,NA,NA,NA,NA,0.0294117647058824,0,TRUE,FALSE,136,0,"ns","ns",0.8695,0.0787833623414118
"Lachnospira",0.00584215460745328,0.0108524890861389,"Lachnospira","Lachnospira","Malawi",2,0,68,0.0294117647058824,0,1.76470588235294e-06,1.07815730680941e-05,"UK",2,1,53,0.0377358490566038,0.0188679245283019,4.15094339622642e-05,0.000233233097552436,1,0.43801652892562,NA,NA,NA,NA,-0.00832408435072142,-0.0188679245283019,FALSE,FALSE,137,0,"ns","ns",0.8695,0.0787833623414118
"Dermabacter",0.00542444754729632,0.0113622273633205,"Dermabacter","Dermabacter","Malawi",2,0,68,0.0294117647058824,0,7.05882352941176e-06,4.31262922723763e-05,"UK",2,0,53,0.0377358490566038,0,2.0377358490566e-05,0.00010745235552687,1,1,NA,NA,NA,NA,-0.00832408435072142,0,FALSE,FALSE,138,0,"ns","ns",0.8695,0.0787833623414118
"Paraprevotella",0.0052937006953098,0.0109623116083571,"Paraprevotella","Paraprevotella","Malawi",0,0,68,0,0,0,0,"UK",2,1,53,0.0377358490566038,0.0188679245283019,4.83018867924528e-05,0.000258440112457685,0.189807162534435,0.43801652892562,NA,NA,NA,NA,-0.0377358490566038,-0.0188679245283019,FALSE,FALSE,139,0,"ns","ns",0.8695,0.0787833623414118
"Novosphingobium",0.00507145771996174,0.0118891528261224,"Novosphingobium","Novosphingobium","Malawi",1,0,68,0.0147058823529412,0,1.76470588235294e-06,1.455213750218e-05,"UK",0,0,53,0,0,0,0,1,1,NA,NA,NA,NA,0.0147058823529412,0,TRUE,FALSE,140,0,"ns","ns",0.8695,0.0787833623414118
"Salmonella",0.00463477120665943,0.00865134782360201,"Salmonella","Salmonella","Malawi",1,0,68,0.0147058823529412,0,1e-05,8.24621125123532e-05,"UK",3,1,53,0.0566037735849057,0.0188679245283019,4.52830188679245e-05,0.000302506222272845,0.317839633402037,0.43801652892562,0.451253800509065,0,NA,NA,-0.0418978912319645,-0.0188679245283019,FALSE,FALSE,141,0,"ns","ns",0.8695,0.0787833623414118
"Gordonibacter",0.0044376539634615,0.00841612435902158,"Gordonibacter","Gordonibacter","Malawi",1,0,68,0.0147058823529412,0,5.88235294117647e-07,4.85071250072666e-06,"UK",1,0,53,0.0188679245283019,0,7.54716981132076e-07,5.49442255794756e-06,1,1,NA,NA,NA,NA,-0.00416204217536071,0,FALSE,FALSE,142,0,"ns","ns",0.8695,0.0787833623414118
"Oscillibacter",0.00420300133325295,0.00801081048082715,"Oscillibacter","Oscillibacter","Malawi",0,0,68,0,0,0,0,"UK",3,2,53,0.0566037735849057,0.0377358490566038,0.000240754716981132,0.00122558596512444,0.0813459268004723,0.189807162534435,0.173236695963969,0,NA,NA,-0.0566037735849057,-0.0377358490566038,FALSE,FALSE,143,0,"ns","ns",0.8695,0.0787833623414118
"Robinsoniella",0.0039210356953843,0.00812699029172002,"Robinsoniella","Robinsoniella","Malawi",1,0,68,0.0147058823529412,0,3.52941176470588e-06,2.910427500436e-05,"UK",0,0,53,0,0,0,0,1,1,NA,NA,NA,NA,0.0147058823529412,0,TRUE,FALSE,144,0,"ns","ns",0.8695,0.0787833623414118
"Family_XIII_AD3011_group",0.0039051030459742,0.00823653762588206,"Family_XIII_AD3011_group","Family_XIII_AD3011_group","Malawi",1,0,68,0.0147058823529412,0,4.11764705882353e-06,3.39549875050866e-05,"UK",1,0,53,0.0188679245283019,0,2.26415094339623e-06,1.64832676738427e-05,1,1,NA,NA,NA,NA,-0.00416204217536071,0,FALSE,FALSE,145,0,"ns","ns",0.8695,0.0787833623414118
"Dorea",0.00378851222113688,0.00698967652015677,"Dorea","Dorea","Malawi",2,1,68,0.0294117647058824,0.0147058823529412,2.88235294117647e-05,0.000202060500853749,"UK",2,1,53,0.0377358490566038,0.0188679245283019,0.000286037735849057,0.00207121512052025,1,1,NA,NA,NA,NA,-0.00832408435072142,-0.00416204217536071,FALSE,FALSE,146,0,"ns","ns",0.8695,0.0787833623414118
"DNF00809",0.00378364478498753,0.00895908859235142,"DNF00809","DNF00809","Malawi",1,0,68,0.0147058823529412,0,5.88235294117647e-07,4.85071250072666e-06,"UK",0,0,53,0,0,0,0,1,1,NA,NA,NA,NA,0.0147058823529412,0,TRUE,FALSE,147,0,"ns","ns",0.8695,0.0787833623414118
"Williamsia",0.00377716365346547,0.00891458745648079,"Williamsia","Williamsia","Malawi",1,0,68,0.0147058823529412,0,5.88235294117647e-07,4.85071250072666e-06,"UK",0,0,53,0,0,0,0,1,1,NA,NA,NA,NA,0.0147058823529412,0,TRUE,FALSE,148,0,"ns","ns",0.8695,0.0787833623414118
"Lachnospiraceae_UCG-001",0.00374795892898065,0.00879536939309714,"Lachnospiraceae_UCG-001","Lachnospiraceae_UCG-001","Malawi",1,0,68,0.0147058823529412,0,5.88235294117647e-07,4.85071250072666e-06,"UK",0,0,53,0,0,0,0,1,1,NA,NA,NA,NA,0.0147058823529412,0,TRUE,FALSE,149,0,"ns","ns",0.8695,0.0787833623414118
"unassigned_Prevotellaceae",0.0037243919228537,0.00785573800729814,"unassigned_Prevotellaceae","unassigned_Prevotellaceae","Malawi",1,1,68,0.0147058823529412,0.0147058823529412,0.000627058823529412,0.00517085952577462,"UK",0,0,53,0,0,0,0,1,1,NA,NA,NA,NA,0.0147058823529412,0.0147058823529412,TRUE,TRUE,150,0,"ns","ns",0.8695,0.0787833623414118
"Pseudoclavibacter",0.00363236545889276,0.0071338835129013,"Pseudoclavibacter","Pseudoclavibacter","Malawi",4,0,68,0.0588235294117647,0,1.11764705882353e-05,6.05824813790579e-05,"UK",0,0,53,0,0,0,0,0.130330378404338,1,0.248399632877777,0,NA,NA,0.0588235294117647,0,TRUE,FALSE,151,0,"ns","ns",0.8695,0.0787833623414118
"Ureaplasma",0.00355816760148223,0.00828673077831787,"Ureaplasma","Ureaplasma","Malawi",1,0,68,0.0147058823529412,0,4.70588235294118e-06,3.88057000058133e-05,"UK",0,0,53,0,0,0,0,1,1,NA,NA,NA,NA,0.0147058823529412,0,TRUE,FALSE,152,0,"ns","ns",0.8695,0.0787833623414118
"Quadrisphaera",0.00354232913998763,0.00844053372782953,"Quadrisphaera","Quadrisphaera","Malawi",1,0,68,0.0147058823529412,0,5.88235294117647e-07,4.85071250072666e-06,"UK",0,0,53,0,0,0,0,1,1,NA,NA,NA,NA,0.0147058823529412,0,TRUE,FALSE,153,0,"ns","ns",0.8695,0.0787833623414118
"Helcobacillus",0.00353584206231151,0.00819924387130308,"Helcobacillus","Helcobacillus","Malawi",4,1,68,0.0588235294117647,0.0147058823529412,5.41176470588235e-05,0.000353659906175654,"UK",0,0,53,0,0,0,0,0.130330378404338,1,0.248399632877777,0,NA,NA,0.0588235294117647,0.0147058823529412,TRUE,TRUE,154,0,"ns","ns",0.8695,0.0787833623414118
"Mesorhizobium",0.00332842545495711,0.00735912454381353,"Mesorhizobium","Mesorhizobium","Malawi",2,0,68,0.0294117647058824,0,3.52941176470588e-06,2.46627827582404e-05,"UK",0,0,53,0,0,0,0,0.503581267217631,1,NA,NA,NA,NA,0.0294117647058824,0,TRUE,FALSE,155,0,"ns","ns",0.8695,0.0787833623414118
"Tyzzerella_4",0.00331218341274904,0.00628548740643032,"Tyzzerella_4","Tyzzerella_4","Malawi",2,0,68,0.0294117647058824,0,2.35294117647059e-06,1.52704618838378e-05,"UK",2,1,53,0.0377358490566038,0.0188679245283019,0.000353962264150943,0.00253246485253357,1,0.43801652892562,NA,NA,NA,NA,-0.00832408435072142,-0.0188679245283019,FALSE,FALSE,156,0,"ns","ns",0.8695,0.0787833623414118
"Lachnospiraceae_FCS020_group",0.00330775497273337,0.00644079771922151,"Lachnospiraceae_FCS020_group","Lachnospiraceae_FCS020_group","Malawi",0,0,68,0,0,0,0,"UK",2,0,53,0.0377358490566038,0,1.81132075471698e-05,0.000126385500077732,0.189807162534435,1,NA,NA,NA,NA,-0.0377358490566038,0,FALSE,FALSE,157,0,"ns","ns",0.8695,0.0787833623414118
"Romboutsia",0.00324035389366283,0.00635519240093079,"Romboutsia","Romboutsia","Malawi",0,0,68,0,0,0,0,"UK",3,1,53,0.0566037735849057,0.0188679245283019,0.000395471698113208,0.00278477907288182,0.0813459268004723,0.43801652892562,0.173236695963969,0,NA,NA,-0.0566037735849057,-0.0188679245283019,FALSE,FALSE,158,0,"ns","ns",0.8695,0.0787833623414118
"Lachnospiraceae_NK4A136_group",0.00313538425183921,0.00617462485852483,"Lachnospiraceae_NK4A136_group","Lachnospiraceae_NK4A136_group","Malawi",0,0,68,0,0,0,0,"UK",2,1,53,0.0377358490566038,0.0188679245283019,0.000192452830188679,0.00129374962751444,0.189807162534435,0.43801652892562,NA,NA,NA,NA,-0.0377358490566038,-0.0188679245283019,FALSE,FALSE,159,0,"ns","ns",0.8695,0.0787833623414118
"Coprococcus_1",0.0030275304566553,0.0070875172996661,"Coprococcus_1","Coprococcus_1","Malawi",2,0,68,0.0294117647058824,0,7.64705882352941e-06,5.83381201263555e-05,"UK",1,0,53,0.0188679245283019,0,7.54716981132076e-07,5.49442255794756e-06,1,1,NA,NA,NA,NA,0.0105438401775805,0,TRUE,FALSE,160,0,"ns","ns",0.8695,0.0787833623414118
"Intestinimonas",0.00296877804164835,0.00598374580795899,"Intestinimonas","Intestinimonas","Malawi",1,0,68,0.0147058823529412,0,1.17647058823529e-06,9.70142500145332e-06,"UK",1,0,53,0.0188679245283019,0,1.58490566037736e-05,0.000115382873716899,1,1,NA,NA,NA,NA,-0.00416204217536071,0,FALSE,FALSE,161,0,"ns","ns",0.8695,0.0787833623414118
"Flavobacterium",0.00294582821363191,0.00704494368751528,"Flavobacterium","Flavobacterium","Malawi",3,0,68,0.0441176470588235,0,1.41176470588235e-05,8.28635867694097e-05,"UK",0,0,53,0,0,0,0,0.255371900826446,1,NA,NA,NA,NA,0.0441176470588235,0,TRUE,FALSE,162,0,"ns","ns",0.8695,0.0787833623414118
"Ruminococcaceae_UCG-014",0.00288111589501772,0.00571886069772837,"Ruminococcaceae_UCG-014","Ruminococcaceae_UCG-014","Malawi",2,0,68,0.0294117647058824,0,2.94117647058824e-06,1.99296391838449e-05,"UK",1,1,53,0.0188679245283019,0.0188679245283019,5.13207547169811e-05,0.000373620733940434,1,0.43801652892562,NA,NA,NA,NA,0.0105438401775805,-0.0188679245283019,TRUE,FALSE,163,0,"ns","ns",0.8695,0.0787833623414118
"Kluyvera",0.00288066356802985,0.00571877214313715,"Kluyvera","Kluyvera","Malawi",0,0,68,0,0,0,0,"UK",2,1,53,0.0377358490566038,0.0188679245283019,5.9622641509434e-05,0.000391731669661728,0.189807162534435,0.43801652892562,NA,NA,NA,NA,-0.0377358490566038,-0.0188679245283019,FALSE,FALSE,164,0,"ns","ns",0.8695,0.0787833623414118
"Enorma",0.00277780252614836,0.00573181997807076,"Enorma","Enorma","Malawi",0,0,68,0,0,0,0,"UK",1,1,53,0.0188679245283019,0.0188679245283019,0.000146415094339623,0.00106591797624183,0.43801652892562,0.43801652892562,NA,NA,NA,NA,-0.0188679245283019,-0.0188679245283019,FALSE,FALSE,165,0,"ns","ns",0.8695,0.0787833623414118
"Aeromonas",0.00272574695435584,0.00615981975782184,"Aeromonas","Aeromonas","Malawi",3,0,68,0.0441176470588235,0,4.11764705882353e-06,1.97170502863125e-05,"UK",0,0,53,0,0,0,0,0.255371900826446,1,NA,NA,NA,NA,0.0441176470588235,0,TRUE,FALSE,166,0,"ns","ns",0.8695,0.0787833623414118
"unassigned_Muribaculaceae",0.00262571259076968,0.00549587102412785,"unassigned_Muribaculaceae","unassigned_Muribaculaceae","Malawi",1,0,68,0.0147058823529412,0,2.35294117647059e-06,1.94028500029066e-05,"UK",0,0,53,0,0,0,0,1,1,NA,NA,NA,NA,0.0147058823529412,0,TRUE,FALSE,167,0,"ns","ns",0.8695,0.0787833623414118
"Globicatella",0.00261420059341162,0.00639534057283808,"Globicatella","Globicatella","Malawi",3,0,68,0.0441176470588235,0,3.52941176470588e-06,1.79355983786729e-05,"UK",0,0,53,0,0,0,0,0.255371900826446,1,NA,NA,NA,NA,0.0441176470588235,0,TRUE,FALSE,168,0,"ns","ns",0.8695,0.0787833623414118
"Ruminiclostridium_9",0.00257963322118688,0.00504008752639633,"Ruminiclostridium_9","Ruminiclostridium_9","Malawi",0,0,68,0,0,0,0,"UK",2,0,53,0.0377358490566038,0,3.0188679245283e-06,1.53904198048878e-05,0.189807162534435,1,NA,NA,NA,NA,-0.0377358490566038,0,FALSE,FALSE,169,0,"ns","ns",0.8695,0.0787833623414118
"Janibacter",0.00256864081788419,0.00551045722973569,"Janibacter","Janibacter","Malawi",2,0,68,0.0294117647058824,0,1.76470588235294e-06,1.07815730680941e-05,"UK",0,0,53,0,0,0,0,0.503581267217631,1,NA,NA,NA,NA,0.0294117647058824,0,TRUE,FALSE,170,0,"ns","ns",0.8695,0.0787833623414118
"Catabacter",0.00255485565599728,0.00565192306968375,"Catabacter","Catabacter","Malawi",1,0,68,0.0147058823529412,0,7.64705882352941e-06,6.30592625094466e-05,"UK",1,1,53,0.0188679245283019,0.0188679245283019,0.00138339622641509,0.0100712765487179,1,0.43801652892562,NA,NA,NA,NA,-0.00416204217536071,-0.0188679245283019,FALSE,FALSE,171,0,"ns","ns",0.8695,0.0787833623414118
"Clostridium_sensu_stricto_18",0.00244192870095612,0.00535840248671868,"Clostridium_sensu_stricto_18","Clostridium_sensu_stricto_18","Malawi",1,1,68,0.0147058823529412,0.0147058823529412,1.58823529411765e-05,0.00013096923751962,"UK",1,1,53,0.0188679245283019,0.0188679245283019,2.86792452830189e-05,0.000208788057202007,1,1,NA,NA,NA,NA,-0.00416204217536071,-0.00416204217536071,FALSE,FALSE,172,0,"ns","ns",0.8695,0.0787833623414118
"Vagococcus",0.00241949740145674,0.00577519495656994,"Vagococcus","Vagococcus","Malawi",1,0,68,0.0147058823529412,0,2.94117647058824e-06,2.42535625036333e-05,"UK",0,0,53,0,0,0,0,1,1,NA,NA,NA,NA,0.0147058823529412,0,TRUE,FALSE,173,0,"ns","ns",0.8695,0.0787833623414118
"unassigned_Sphingobacteriaceae",0.0023013024375914,0.00477581891067617,"unassigned_Sphingobacteriaceae","unassigned_Sphingobacteriaceae","Malawi",2,0,68,0.0294117647058824,0,1.76470588235294e-06,1.07815730680941e-05,"UK",0,0,53,0,0,0,0,0.503581267217631,1,NA,NA,NA,NA,0.0294117647058824,0,TRUE,FALSE,174,0,"ns","ns",0.8695,0.0787833623414118
"Hafnia-Obesumbacterium",0.00226723373999592,0.00490713028766723,"Hafnia-Obesumbacterium","Hafnia-Obesumbacterium","Malawi",0,0,68,0,0,0,0,"UK",2,0,53,0.0377358490566038,0,1.20754716981132e-05,6.59066499086175e-05,0.189807162534435,1,NA,NA,NA,NA,-0.0377358490566038,0,FALSE,FALSE,175,0,"ns","ns",0.8695,0.0787833623414118
"Faecalitalea",0.00216625796935275,0.00434419197066344,"Faecalitalea","Faecalitalea","Malawi",0,0,68,0,0,0,0,"UK",2,0,53,0.0377358490566038,0,1.05660377358491e-05,6.66337606259199e-05,0.189807162534435,1,NA,NA,NA,NA,-0.0377358490566038,0,FALSE,FALSE,176,0,"ns","ns",0.8695,0.0787833623414118
"Pseudocitrobacter",0.00213381045996418,0.00587770610765599,"Pseudocitrobacter","Pseudocitrobacter","Malawi",2,0,68,0.0294117647058824,0,1.05882352941176e-05,6.16654999929186e-05,"UK",0,0,53,0,0,0,0,0.503581267217631,1,NA,NA,NA,NA,0.0294117647058824,0,TRUE,FALSE,177,0,"ns","ns",0.8695,0.0787833623414118
"Roseburia",0.00206053360177057,0.00412421332179542,"Roseburia","Roseburia","Malawi",1,0,68,0.0147058823529412,0,1.17647058823529e-06,9.70142500145332e-06,"UK",1,1,53,0.0188679245283019,0.0188679245283019,1.88679245283019e-05,0.000137360563948689,1,0.43801652892562,NA,NA,NA,NA,-0.00416204217536071,-0.0188679245283019,FALSE,FALSE,178,0,"ns","ns",0.8695,0.0787833623414118
"Ruminococcaceae_UCG-005",0.00201873967414596,0.00407807627315367,"Ruminococcaceae_UCG-005","Ruminococcaceae_UCG-005","Malawi",1,0,68,0.0147058823529412,0,1.76470588235294e-06,1.455213750218e-05,"UK",1,1,53,0.0188679245283019,0.0188679245283019,6.33962264150943e-05,0.000461531494867595,1,0.43801652892562,NA,NA,NA,NA,-0.00416204217536071,-0.0188679245283019,FALSE,FALSE,179,0,"ns","ns",0.8695,0.0787833623414118
"Epulopiscium",0.00199310147762079,0.00409453838235698,"Epulopiscium","Epulopiscium","Malawi",0,0,68,0,0,0,0,"UK",1,0,53,0.0188679245283019,0,4.52830188679245e-06,3.29665353476854e-05,0.43801652892562,1,NA,NA,NA,NA,-0.0188679245283019,0,FALSE,FALSE,180,0,"ns","ns",0.8695,0.0787833623414118
"Lachnospiraceae_UCG-004",0.00198107260246367,0.00408819725910155,"Lachnospiraceae_UCG-004","Lachnospiraceae_UCG-004","Malawi",0,0,68,0,0,0,0,"UK",1,0,53,0.0188679245283019,0,7.54716981132076e-07,5.49442255794756e-06,0.43801652892562,1,NA,NA,NA,NA,-0.0188679245283019,0,FALSE,FALSE,181,0,"ns","ns",0.8695,0.0787833623414118
"Dermacoccus",0.00194697767658,0.00530605465373983,"Dermacoccus","Dermacoccus","Malawi",2,0,68,0.0294117647058824,0,4.11764705882353e-06,2.59870974941812e-05,"UK",0,0,53,0,0,0,0,0.503581267217631,1,NA,NA,NA,NA,0.0294117647058824,0,TRUE,FALSE,182,0,"ns","ns",0.8695,0.0787833623414118
"Ruminococcaceae_UCG-002",0.00193316015465401,0.00373181566614917,"Ruminococcaceae_UCG-002","Ruminococcaceae_UCG-002","Malawi",1,0,68,0.0147058823529412,0,1.76470588235294e-06,1.455213750218e-05,"UK",1,1,53,0.0188679245283019,0.0188679245283019,0.000146415094339623,0.00106591797624183,1,0.43801652892562,NA,NA,NA,NA,-0.00416204217536071,-0.0188679245283019,FALSE,FALSE,183,0,"ns","ns",0.8695,0.0787833623414118
"unassigned_Clostridiales_vadinBB60_group",0.00185485665199614,0.00384677004552792,"unassigned_Clostridiales_vadinBB60_group","unassigned_Clostridiales_vadinBB60_group","Malawi",0,0,68,0,0,0,0,"UK",1,0,53,0.0188679245283019,0,7.54716981132076e-07,5.49442255794756e-06,0.43801652892562,1,NA,NA,NA,NA,-0.0188679245283019,0,FALSE,FALSE,184,0,"ns","ns",0.8695,0.0787833623414118
"Ruminococcaceae_NK4A214_group",0.00184584393052507,0.0038373766655759,"Ruminococcaceae_NK4A214_group","Ruminococcaceae_NK4A214_group","Malawi",0,0,68,0,0,0,0,"UK",1,0,53,0.0188679245283019,0,1.58490566037736e-05,0.000115382873716899,0.43801652892562,1,NA,NA,NA,NA,-0.0188679245283019,0,FALSE,FALSE,185,0,"ns","ns",0.8695,0.0787833623414118
"Ruminococcaceae_UCG-009",0.00183761034595502,0.00391933786648476,"Ruminococcaceae_UCG-009","Ruminococcaceae_UCG-009","Malawi",0,0,68,0,0,0,0,"UK",1,0,53,0.0188679245283019,0,7.54716981132076e-07,5.49442255794756e-06,0.43801652892562,1,NA,NA,NA,NA,-0.0188679245283019,0,FALSE,FALSE,186,0,"ns","ns",0.8695,0.0787833623414118
"Lachnospiraceae_ND3007_group",0.00180090341658302,0.00381298340469846,"Lachnospiraceae_ND3007_group","Lachnospiraceae_ND3007_group","Malawi",0,0,68,0,0,0,0,"UK",1,0,53,0.0188679245283019,0,3.0188679245283e-06,2.19776902317902e-05,0.43801652892562,1,NA,NA,NA,NA,-0.0188679245283019,0,FALSE,FALSE,187,0,"ns","ns",0.8695,0.0787833623414118
"Anaerosporobacter",0.00179612295887765,0.00371640174522062,"Anaerosporobacter","Anaerosporobacter","Malawi",0,0,68,0,0,0,0,"UK",1,0,53,0.0188679245283019,0,7.54716981132076e-07,5.49442255794756e-06,0.43801652892562,1,NA,NA,NA,NA,-0.0188679245283019,0,FALSE,FALSE,188,0,"ns","ns",0.8695,0.0787833623414118
"Christensenellaceae_R-7_group",0.00179372179696993,0.0037410055142145,"Christensenellaceae_R-7_group","Christensenellaceae_R-7_group","Malawi",0,0,68,0,0,0,0,"UK",1,1,53,0.0188679245283019,0.0188679245283019,8.30188679245283e-05,0.000604386481374232,0.43801652892562,0.43801652892562,NA,NA,NA,NA,-0.0188679245283019,-0.0188679245283019,FALSE,FALSE,189,0,"ns","ns",0.8695,0.0787833623414118
"Aquabacterium",0.0017701625608155,0.00441931254762019,"Aquabacterium","Aquabacterium","Malawi",2,0,68,0.0294117647058824,0,1.76470588235294e-06,1.07815730680941e-05,"UK",0,0,53,0,0,0,0,0.503581267217631,1,NA,NA,NA,NA,0.0294117647058824,0,TRUE,FALSE,190,0,"ns","ns",0.8695,0.0787833623414118
"Ruminococcaceae_UCG-013",0.00176820855096399,0.00367145888169779,"Ruminococcaceae_UCG-013","Ruminococcaceae_UCG-013","Malawi",0,0,68,0,0,0,0,"UK",1,0,53,0.0188679245283019,0,1.05660377358491e-05,7.69219158112658e-05,0.43801652892562,1,NA,NA,NA,NA,-0.0188679245283019,0,FALSE,FALSE,191,0,"ns","ns",0.8695,0.0787833623414118
"Ruminococcus_1",0.0017677172107866,0.00368724913038404,"Ruminococcus_1","Ruminococcus_1","Malawi",0,0,68,0,0,0,0,"UK",1,0,53,0.0188679245283019,0,8.30188679245283e-06,6.04386481374232e-05,0.43801652892562,1,NA,NA,NA,NA,-0.0188679245283019,0,FALSE,FALSE,192,0,"ns","ns",0.8695,0.0787833623414118
"Coprococcus_2",0.00175627952086824,0.00366272565543996,"Coprococcus_2","Coprococcus_2","Malawi",0,0,68,0,0,0,0,"UK",1,0,53,0.0188679245283019,0,7.54716981132076e-06,5.49442255794756e-05,0.43801652892562,1,NA,NA,NA,NA,-0.0188679245283019,0,FALSE,FALSE,193,0,"ns","ns",0.8695,0.0787833623414118
"Ruminiclostridium_6",0.0017420236056612,0.00359429647894507,"Ruminiclostridium_6","Ruminiclostridium_6","Malawi",0,0,68,0,0,0,0,"UK",1,0,53,0.0188679245283019,0,3.77358490566038e-06,2.74721127897378e-05,0.43801652892562,1,NA,NA,NA,NA,-0.0188679245283019,0,FALSE,FALSE,194,0,"ns","ns",0.8695,0.0787833623414118
"Oscillospira",0.00174172492024552,0.0036033927457477,"Oscillospira","Oscillospira","Malawi",0,0,68,0,0,0,0,"UK",1,0,53,0.0188679245283019,0,7.54716981132076e-07,5.49442255794756e-06,0.43801652892562,1,NA,NA,NA,NA,-0.0188679245283019,0,FALSE,FALSE,195,0,"ns","ns",0.8695,0.0787833623414118
"Adlercreutzia",0.00174011453268749,0.00364674327464036,"Adlercreutzia","Adlercreutzia","Malawi",0,0,68,0,0,0,0,"UK",1,0,53,0.0188679245283019,0,7.54716981132076e-07,5.49442255794756e-06,0.43801652892562,1,NA,NA,NA,NA,-0.0188679245283019,0,FALSE,FALSE,196,0,"ns","ns",0.8695,0.0787833623414118
"unassigned_Desulfovibrionaceae",0.00173975458054847,0.00337657353662251,"unassigned_Desulfovibrionaceae","unassigned_Desulfovibrionaceae","Malawi",1,0,68,0.0147058823529412,0,5.88235294117647e-07,4.85071250072666e-06,"UK",1,0,53,0.0188679245283019,0,7.54716981132076e-07,5.49442255794756e-06,1,1,NA,NA,NA,NA,-0.00416204217536071,0,FALSE,FALSE,197,0,"ns","ns",0.8695,0.0787833623414118
"CAG-56",0.00170987942350437,0.00356158321974577,"CAG-56","CAG-56","Malawi",0,0,68,0,0,0,0,"UK",1,0,53,0.0188679245283019,0,7.54716981132076e-07,5.49442255794756e-06,0.43801652892562,1,NA,NA,NA,NA,-0.0188679245283019,0,FALSE,FALSE,198,0,"ns","ns",0.8695,0.0787833623414118
"DTU089",0.00170876052198614,0.0035639474833469,"DTU089","DTU089","Malawi",0,0,68,0,0,0,0,"UK",1,0,53,0.0188679245283019,0,7.54716981132076e-07,5.49442255794756e-06,0.43801652892562,1,NA,NA,NA,NA,-0.0188679245283019,0,FALSE,FALSE,199,0,"ns","ns",0.8695,0.0787833623414118
"Ruminococcaceae_UCG-003",0.00167978362864382,0.00351888588195881,"Ruminococcaceae_UCG-003","Ruminococcaceae_UCG-003","Malawi",0,0,68,0,0,0,0,"UK",1,0,53,0.0188679245283019,0,1.28301886792453e-05,9.34051834851085e-05,0.43801652892562,1,NA,NA,NA,NA,-0.0188679245283019,0,FALSE,FALSE,200,0,"ns","ns",0.8695,0.0787833623414118
"Turicibacter",0.00165949441942721,0.00344829580835323,"Turicibacter","Turicibacter","Malawi",0,0,68,0,0,0,0,"UK",1,0,53,0.0188679245283019,0,7.54716981132076e-07,5.49442255794756e-06,0.43801652892562,1,NA,NA,NA,NA,-0.0188679245283019,0,FALSE,FALSE,201,0,"ns","ns",0.8695,0.0787833623414118
"Mobilicoccus",0.00165703502899762,0.00400285394828357,"Mobilicoccus","Mobilicoccus","Malawi",1,0,68,0.0147058823529412,0,5.88235294117647e-07,4.85071250072666e-06,"UK",0,0,53,0,0,0,0,1,1,NA,NA,NA,NA,0.0147058823529412,0,TRUE,FALSE,202,0,"ns","ns",0.8695,0.0787833623414118
"Marvinbryantia",0.00165091707724824,0.00341889097570669,"Marvinbryantia","Marvinbryantia","Malawi",0,0,68,0,0,0,0,"UK",1,0,53,0.0188679245283019,0,7.54716981132076e-07,5.49442255794756e-06,0.43801652892562,1,NA,NA,NA,NA,-0.0188679245283019,0,FALSE,FALSE,203,0,"ns","ns",0.8695,0.0787833623414118
"Family_XIII_UCG-001",0.00162292206122241,0.00335118387055739,"Family_XIII_UCG-001","Family_XIII_UCG-001","Malawi",0,0,68,0,0,0,0,"UK",1,0,53,0.0188679245283019,0,7.54716981132076e-07,5.49442255794756e-06,0.43801652892562,1,NA,NA,NA,NA,-0.0188679245283019,0,FALSE,FALSE,204,0,"ns","ns",0.8695,0.0787833623414118
"Weissella",0.00159372321399525,0.00426859263301855,"Weissella","Weissella","Malawi",2,1,68,0.0294117647058824,0.0147058823529412,3e-05,0.000233071637184153,"UK",0,0,53,0,0,0,0,0.503581267217631,1,NA,NA,NA,NA,0.0294117647058824,0.0147058823529412,TRUE,TRUE,205,0,"ns","ns",0.8695,0.0787833623414118
"Kytococcus",0.00156348860452763,0.00345161340265425,"Kytococcus","Kytococcus","Malawi",2,0,68,0.0294117647058824,0,1.17647058823529e-06,6.80855733830397e-06,"UK",0,0,53,0,0,0,0,0.503581267217631,1,NA,NA,NA,NA,0.0294117647058824,0,TRUE,FALSE,206,0,"ns","ns",0.8695,0.0787833623414118
"Antricoccus",0.00156062688173323,0.00373888392434326,"Antricoccus","Antricoccus","Malawi",1,0,68,0.0147058823529412,0,5.88235294117647e-07,4.85071250072666e-06,"UK",0,0,53,0,0,0,0,1,1,NA,NA,NA,NA,0.0147058823529412,0,TRUE,FALSE,207,0,"ns","ns",0.8695,0.0787833623414118
"Butyricimonas",0.00154215895622002,0.00330918421035816,"Butyricimonas","Butyricimonas","Malawi",0,0,68,0,0,0,0,"UK",1,1,53,0.0188679245283019,0.0188679245283019,9.20754716981132e-05,0.000670319552069602,0.43801652892562,0.43801652892562,NA,NA,NA,NA,-0.0188679245283019,-0.0188679245283019,FALSE,FALSE,208,0,"ns","ns",0.8695,0.0787833623414118
"unassigned_Bacillaceae",0.00152300277372696,0.00313613186958667,"unassigned_Bacillaceae","unassigned_Bacillaceae","Malawi",0,0,68,0,0,0,0,"UK",2,0,53,0.0377358490566038,0,5.28301886792453e-06,3.331688031296e-05,0.189807162534435,1,NA,NA,NA,NA,-0.0377358490566038,0,FALSE,FALSE,209,0,"ns","ns",0.8695,0.0787833623414118
"Coprobacillus",0.00150845888043777,0.00317116204421678,"Coprobacillus","Coprobacillus","Malawi",0,0,68,0,0,0,0,"UK",1,0,53,0.0188679245283019,0,1.50943396226415e-06,1.09888451158951e-05,0.43801652892562,1,NA,NA,NA,NA,-0.0188679245283019,0,FALSE,FALSE,210,0,"ns","ns",0.8695,0.0787833623414118
"Raoultibacter",0.00148051009509662,0.0035895574637245,"Raoultibacter","Raoultibacter","Malawi",0,0,68,0,0,0,0,"UK",1,0,53,0.0188679245283019,0,3.77358490566038e-06,2.74721127897378e-05,0.43801652892562,1,NA,NA,NA,NA,-0.0188679245283019,0,FALSE,FALSE,211,0,"ns","ns",0.8695,0.0787833623414118
"Aggregatibacter",0.00142594164851064,0.00399209051897909,"Aggregatibacter","Aggregatibacter","Malawi",1,0,68,0.0147058823529412,0,5.88235294117647e-07,4.85071250072666e-06,"UK",0,0,53,0,0,0,0,1,1,NA,NA,NA,NA,0.0147058823529412,0,TRUE,FALSE,212,0,"ns","ns",0.8695,0.0787833623414118
"Propionimicrobium",0.00137906452562825,0.00275285531945398,"Propionimicrobium","Propionimicrobium","Malawi",1,0,68,0.0147058823529412,0,1.17647058823529e-06,9.70142500145332e-06,"UK",2,0,53,0.0377358490566038,0,6.0377358490566e-06,3.45487182575067e-05,0.580755608028335,1,NA,NA,NA,NA,-0.0230299667036626,0,FALSE,FALSE,213,0,"ns","ns",0.8695,0.0787833623414118
"Parasutterella",0.00128704284402154,0.00279426409878258,"Parasutterella","Parasutterella","Malawi",0,0,68,0,0,0,0,"UK",1,0,53,0.0188679245283019,0,9.81132075471698e-06,7.14274932533183e-05,0.43801652892562,1,NA,NA,NA,NA,-0.0188679245283019,0,FALSE,FALSE,214,0,"ns","ns",0.8695,0.0787833623414118
"Haematobacter",0.00127035322017302,0.00306701705614958,"Haematobacter","Haematobacter","Malawi",1,0,68,0.0147058823529412,0,2.35294117647059e-06,1.94028500029066e-05,"UK",0,0,53,0,0,0,0,1,1,NA,NA,NA,NA,0.0147058823529412,0,TRUE,FALSE,215,0,"ns","ns",0.8695,0.0787833623414118
"Moryella",0.0012579211499291,0.00314437531709694,"Moryella","Moryella","Malawi",3,0,68,0.0441176470588235,0,1.52941176470588e-05,0.000111869734856313,"UK",0,0,53,0,0,0,0,0.255371900826446,1,NA,NA,NA,NA,0.0441176470588235,0,TRUE,FALSE,216,0,"ns","ns",0.8695,0.0787833623414118
"Anaerotruncus",0.00125567071866636,0.00281060696943465,"Anaerotruncus","Anaerotruncus","Malawi",0,0,68,0,0,0,0,"UK",1,0,53,0.0188679245283019,0,1.50943396226415e-06,1.09888451158951e-05,0.43801652892562,1,NA,NA,NA,NA,-0.0188679245283019,0,FALSE,FALSE,217,0,"ns","ns",0.8695,0.0787833623414118
"Anaeroglobus",0.00122603861569818,0.00304130337596048,"Anaeroglobus","Anaeroglobus","Malawi",0,0,68,0,0,0,0,"UK",1,1,53,0.0188679245283019,0.0188679245283019,6.56603773584906e-05,0.000478014762541438,0.43801652892562,0.43801652892562,NA,NA,NA,NA,-0.0188679245283019,-0.0188679245283019,FALSE,FALSE,218,0,"ns","ns",0.8695,0.0787833623414118
"Dietzia",0.00118297237158311,0.00294166833183456,"Dietzia","Dietzia","Malawi",3,0,68,0.0441176470588235,0,3.52941176470588e-06,2.04256720149119e-05,"UK",0,0,53,0,0,0,0,0.255371900826446,1,NA,NA,NA,NA,0.0441176470588235,0,TRUE,FALSE,219,0,"ns","ns",0.8695,0.0787833623414118
"Halomonas",0.00118181092325586,0.00262707505566926,"Halomonas","Halomonas","Malawi",1,0,68,0.0147058823529412,0,4.11764705882353e-06,3.39549875050866e-05,"UK",0,0,53,0,0,0,0,1,1,NA,NA,NA,NA,0.0147058823529412,0,TRUE,FALSE,220,0,"ns","ns",0.8695,0.0787833623414118
"Pantoea",0.00112599031645654,0.00242708827419169,"Pantoea","Pantoea","Malawi",0,0,68,0,0,0,0,"UK",1,0,53,0.0188679245283019,0,2.26415094339623e-06,1.64832676738427e-05,0.43801652892562,1,NA,NA,NA,NA,-0.0188679245283019,0,FALSE,FALSE,221,0,"ns","ns",0.8695,0.0787833623414118
"Allisonella",0.00106689931359228,0.00230674260476377,"Allisonella","Allisonella","Malawi",1,1,68,0.0147058823529412,0.0147058823529412,4.52941176470588e-05,0.000373504862555953,"UK",0,0,53,0,0,0,0,1,1,NA,NA,NA,NA,0.0147058823529412,0.0147058823529412,TRUE,TRUE,222,0,"ns","ns",0.8695,0.0787833623414118
"S5-A14a",0.000978318265663271,0.00227881137135229,"S5-A14a","S5-A14a","Malawi",2,0,68,0.0294117647058824,0,1.76470588235294e-06,1.07815730680941e-05,"UK",0,0,53,0,0,0,0,0.503581267217631,1,NA,NA,NA,NA,0.0294117647058824,0,TRUE,FALSE,223,0,"ns","ns",0.8695,0.0787833623414118
"unassigned_Caulobacteraceae",0.000969611354367464,0.00239392326276759,"unassigned_Caulobacteraceae","unassigned_Caulobacteraceae","Malawi",1,0,68,0.0147058823529412,0,5.88235294117647e-07,4.85071250072666e-06,"UK",0,0,53,0,0,0,0,1,1,NA,NA,NA,NA,0.0147058823529412,0,TRUE,FALSE,224,0,"ns","ns",0.8695,0.0787833623414118
"Parvimonas",0.000852065622361651,0.00188100113896118,"Parvimonas","Parvimonas","Malawi",1,0,68,0.0147058823529412,0,5.88235294117647e-07,4.85071250072666e-06,"UK",0,0,53,0,0,0,0,1,1,NA,NA,NA,NA,0.0147058823529412,0,TRUE,FALSE,225,0,"ns","ns",0.8695,0.0787833623414118
"Cloacibacillus",0.000823066923923771,0.00173467414856746,"Cloacibacillus","Cloacibacillus","Malawi",1,1,68,0.0147058823529412,0.0147058823529412,3.76470588235294e-05,0.000310445600046506,"UK",0,0,53,0,0,0,0,1,1,NA,NA,NA,NA,0.0147058823529412,0.0147058823529412,TRUE,TRUE,226,0,"ns","ns",0.8695,0.0787833623414118
"Lachnospiraceae_NK3A20_group",0.000801243266504403,0.00170562019080996,"Lachnospiraceae_NK3A20_group","Lachnospiraceae_NK3A20_group","Malawi",1,1,68,0.0147058823529412,0.0147058823529412,1.94117647058824e-05,0.00016007351252398,"UK",0,0,53,0,0,0,0,1,1,NA,NA,NA,NA,0.0147058823529412,0.0147058823529412,TRUE,TRUE,227,0,"ns","ns",0.8695,0.0787833623414118
"Cronobacter",0.000769802035687929,0.00170982928306156,"Cronobacter","Cronobacter","Malawi",0,0,68,0,0,0,0,"UK",1,1,53,0.0188679245283019,0.0188679245283019,0.000137358490566038,0.000999984905546456,0.43801652892562,0.43801652892562,NA,NA,NA,NA,-0.0188679245283019,-0.0188679245283019,FALSE,FALSE,228,0,"ns","ns",0.8695,0.0787833623414118
"Limnobacter",0.000707357746374581,0.0016969116875762,"Limnobacter","Limnobacter","Malawi",3,0,68,0.0441176470588235,0,2.94117647058824e-06,1.59344575028048e-05,"UK",0,0,53,0,0,0,0,0.255371900826446,1,NA,NA,NA,NA,0.0441176470588235,0,TRUE,FALSE,229,0,"ns","ns",0.8695,0.0787833623414118
"Methylobacterium",0.000585572724391028,0.00146874973958267,"Methylobacterium","Methylobacterium","Malawi",1,0,68,0.0147058823529412,0,1.17647058823529e-06,9.70142500145332e-06,"UK",0,0,53,0,0,0,0,1,1,NA,NA,NA,NA,0.0147058823529412,0,TRUE,FALSE,230,0,"ns","ns",0.8695,0.0787833623414118
"Stomatobaculum",0.000580985090712961,0.00293850645088524,"Stomatobaculum","Stomatobaculum","Malawi",1,0,68,0.0147058823529412,0,5.88235294117647e-07,4.85071250072666e-06,"UK",0,0,53,0,0,0,0,1,1,NA,NA,NA,NA,0.0147058823529412,0,TRUE,FALSE,231,0,"ns","ns",0.8695,0.0787833623414118
"Weeksella",0.00057025004711843,0.00145297786113915,"Weeksella","Weeksella","Malawi",1,0,68,0.0147058823529412,0,1.17647058823529e-06,9.70142500145332e-06,"UK",0,0,53,0,0,0,0,1,1,NA,NA,NA,NA,0.0147058823529412,0,TRUE,FALSE,232,0,"ns","ns",0.8695,0.0787833623414118
"Achromobacter",0.000468882274376117,0.001315075410491,"Achromobacter","Achromobacter","Malawi",1,0,68,0.0147058823529412,0,4.11764705882353e-06,3.39549875050866e-05,"UK",0,0,53,0,0,0,0,1,1,NA,NA,NA,NA,0.0147058823529412,0,TRUE,FALSE,233,0,"ns","ns",0.8695,0.0787833623414118
"Shewanella",0.000440697002368352,0.00126255373110155,"Shewanella","Shewanella","Malawi",1,1,68,0.0147058823529412,0.0147058823529412,0.000105882352941176,0.000873128250130799,"UK",0,0,53,0,0,0,0,1,1,NA,NA,NA,NA,0.0147058823529412,0.0147058823529412,TRUE,TRUE,234,0,"ns","ns",0.8695,0.0787833623414118
"Microbacterium",0.000432948736468945,0.00123703911213251,"Microbacterium","Microbacterium","Malawi",1,0,68,0.0147058823529412,0,2.94117647058824e-06,2.42535625036333e-05,"UK",0,0,53,0,0,0,0,1,1,NA,NA,NA,NA,0.0147058823529412,0,TRUE,FALSE,235,0,"ns","ns",0.8695,0.0787833623414118
"Vibrionimonas",0.000410411383561602,0.00119643106449573,"Vibrionimonas","Vibrionimonas","Malawi",1,0,68,0.0147058823529412,0,5.88235294117647e-07,4.85071250072666e-06,"UK",0,0,53,0,0,0,0,1,1,NA,NA,NA,NA,0.0147058823529412,0,TRUE,FALSE,236,0,"ns","ns",0.8695,0.0787833623414118
"Burkholderia-Caballeronia-Paraburkholderia",0.000406084302943605,0.00119724721980854,"Burkholderia-Caballeronia-Paraburkholderia","Burkholderia-Caballeronia-Paraburkholderia","Malawi",1,0,68,0.0147058823529412,0,3.52941176470588e-06,2.910427500436e-05,"UK",0,0,53,0,0,0,0,1,1,NA,NA,NA,NA,0.0147058823529412,0,TRUE,FALSE,237,0,"ns","ns",0.8695,0.0787833623414118
"Brucella",0.000399837421592196,0.00122859887446041,"Brucella","Brucella","Malawi",1,0,68,0.0147058823529412,0,2.94117647058824e-06,2.42535625036333e-05,"UK",0,0,53,0,0,0,0,1,1,NA,NA,NA,NA,0.0147058823529412,0,TRUE,FALSE,238,0,"ns","ns",0.8695,0.0787833623414118
"Afipia",0.000398769674902145,0.00114232441527262,"Afipia","Afipia","Malawi",1,0,68,0.0147058823529412,0,5.88235294117647e-07,4.85071250072666e-06,"UK",0,0,53,0,0,0,0,1,1,NA,NA,NA,NA,0.0147058823529412,0,TRUE,FALSE,239,0,"ns","ns",0.8695,0.0787833623414118
"Phyllobacterium",0.000398757178434797,0.0011713832088598,"Phyllobacterium","Phyllobacterium","Malawi",1,0,68,0.0147058823529412,0,1.76470588235294e-06,1.455213750218e-05,"UK",0,0,53,0,0,0,0,1,1,NA,NA,NA,NA,0.0147058823529412,0,TRUE,FALSE,240,0,"ns","ns",0.8695,0.0787833623414118
"unassigned_Burkholderiaceae",0.000391936584257629,0.00118273121762908,"unassigned_Burkholderiaceae","unassigned_Burkholderiaceae","Malawi",1,0,68,0.0147058823529412,0,1.17647058823529e-06,9.70142500145332e-06,"UK",0,0,53,0,0,0,0,1,1,NA,NA,NA,NA,0.0147058823529412,0,TRUE,FALSE,241,0,"ns","ns",0.8695,0.0787833623414118
"Acidovorax",0.000386885194865966,0.00110311222300209,"Acidovorax","Acidovorax","Malawi",1,0,68,0.0147058823529412,0,1.76470588235294e-06,1.455213750218e-05,"UK",0,0,53,0,0,0,0,1,1,NA,NA,NA,NA,0.0147058823529412,0,TRUE,FALSE,242,0,"ns","ns",0.8695,0.0787833623414118
"Deinococcus",0.00038618122919064,0.00112178693201361,"Deinococcus","Deinococcus","Malawi",1,0,68,0.0147058823529412,0,4.11764705882353e-06,3.39549875050866e-05,"UK",0,0,53,0,0,0,0,1,1,NA,NA,NA,NA,0.0147058823529412,0,TRUE,FALSE,243,0,"ns","ns",0.8695,0.0787833623414118
"Aeromicrobium",0.000362959716949872,0.0010656009938317,"Aeromicrobium","Aeromicrobium","Malawi",1,0,68,0.0147058823529412,0,5.29411764705882e-06,4.36564125065399e-05,"UK",0,0,53,0,0,0,0,1,1,NA,NA,NA,NA,0.0147058823529412,0,TRUE,FALSE,244,0,"ns","ns",0.8695,0.0787833623414118
"Nosocomiicoccus",0.000340802369782946,0.000978600079817412,"Nosocomiicoccus","Nosocomiicoccus","Malawi",2,1,68,0.0294117647058824,0.0147058823529412,5.05882352941176e-05,0.000379763800719787,"UK",0,0,53,0,0,0,0,0.503581267217631,1,NA,NA,NA,NA,0.0294117647058824,0.0147058823529412,TRUE,TRUE,245,0,"ns","ns",0.8695,0.0787833623414118
"Treponema_2",0.000337508947418335,0.00098572028972708,"Treponema_2","Treponema_2","Malawi",1,0,68,0.0147058823529412,0,1.76470588235294e-06,1.455213750218e-05,"UK",0,0,53,0,0,0,0,1,1,NA,NA,NA,NA,0.0147058823529412,0,TRUE,FALSE,246,0,"ns","ns",0.8695,0.0787833623414118
"Ornithinimicrobium",0.000304157188448277,0.000911147727779246,"Ornithinimicrobium","Ornithinimicrobium","Malawi",1,0,68,0.0147058823529412,0,1.76470588235294e-06,1.455213750218e-05,"UK",0,0,53,0,0,0,0,1,1,NA,NA,NA,NA,0.0147058823529412,0,TRUE,FALSE,247,0,"ns","ns",0.8695,0.0787833623414118
"Bradyrhizobium",0.000271653133879988,0.000790775049645658,"Bradyrhizobium","Bradyrhizobium","Malawi",1,0,68,0.0147058823529412,0,1e-05,8.24621125123532e-05,"UK",0,0,53,0,0,0,0,1,1,NA,NA,NA,NA,0.0147058823529412,0,TRUE,FALSE,248,0,"ns","ns",0.8695,0.0787833623414118
"Leuconostoc",0.000208710934344835,0.000770902582063069,"Leuconostoc","Leuconostoc","Malawi",1,0,68,0.0147058823529412,0,1.17647058823529e-06,9.70142500145332e-06,"UK",0,0,53,0,0,0,0,1,1,NA,NA,NA,NA,0.0147058823529412,0,TRUE,FALSE,249,0,"ns","ns",0.8695,0.0787833623414118
"Mobiluncus",0.000195950238814283,0.000589547387448153,"Mobiluncus","Mobiluncus","Malawi",1,0,68,0.0147058823529412,0,1.17647058823529e-06,9.70142500145332e-06,"UK",0,0,53,0,0,0,0,1,1,NA,NA,NA,NA,0.0147058823529412,0,TRUE,FALSE,250,0,"ns","ns",0.8695,0.0787833623414118
"Jeotgalicoccus",9.99760723132978e-05,0.000385056696559541,"Jeotgalicoccus","Jeotgalicoccus","Malawi",1,0,68,0.0147058823529412,0,5.88235294117647e-07,4.85071250072666e-06,"UK",0,0,53,0,0,0,0,1,1,NA,NA,NA,NA,0.0147058823529412,0,TRUE,FALSE,251,0,"ns","ns",0.8695,0.0787833623414118
"Caulobacter",9.99385655765696e-05,0.000379245754173146,"Caulobacter","Caulobacter","Malawi",1,0,68,0.0147058823529412,0,5.88235294117647e-07,4.85071250072666e-06,"UK",0,0,53,0,0,0,0,1,1,NA,NA,NA,NA,0.0147058823529412,0,TRUE,FALSE,252,0,"ns","ns",0.8695,0.0787833623414118
"Erythrobacter",8.96716047800152e-05,0.000415956974575512,"Erythrobacter","Erythrobacter","Malawi",1,0,68,0.0147058823529412,0,5.88235294117647e-07,4.85071250072666e-06,"UK",0,0,53,0,0,0,0,1,1,NA,NA,NA,NA,0.0147058823529412,0,TRUE,FALSE,253,0,"ns","ns",0.8695,0.0787833623414118
"Macrococcus",8.87703759203168e-05,0.000336330480912383,"Macrococcus","Macrococcus","Malawi",1,0,68,0.0147058823529412,0,1.17647058823529e-06,9.70142500145332e-06,"UK",0,0,53,0,0,0,0,1,1,NA,NA,NA,NA,0.0147058823529412,0,TRUE,FALSE,254,0,"ns","ns",0.8695,0.0787833623414118
"Nocardioides",8.5042251116298e-05,0.000329224349772841,"Nocardioides","Nocardioides","Malawi",1,0,68,0.0147058823529412,0,1.17647058823529e-06,9.70142500145332e-06,"UK",0,0,53,0,0,0,0,1,1,NA,NA,NA,NA,0.0147058823529412,0,TRUE,FALSE,255,0,"ns","ns",0.8695,0.0787833623414118
"Massilia",8.17054531341848e-05,0.000305963089194315,"Massilia","Massilia","Malawi",1,0,68,0.0147058823529412,0,1.17647058823529e-06,9.70142500145332e-06,"UK",0,0,53,0,0,0,0,1,1,NA,NA,NA,NA,0.0147058823529412,0,TRUE,FALSE,256,0,"ns","ns",0.8695,0.0787833623414118
"Chryseomicrobium",6.03155052376299e-05,0.000243873432278109,"Chryseomicrobium","Chryseomicrobium","Malawi",1,0,68,0.0147058823529412,0,5.88235294117647e-07,4.85071250072666e-06,"UK",0,0,53,0,0,0,0,1,1,NA,NA,NA,NA,0.0147058823529412,0,TRUE,FALSE,257,0,"ns","ns",0.8695,0.0787833623414118
"Oribacterium",5.92389561488667e-05,0.000301658249789053,"Oribacterium","Oribacterium","Malawi",1,0,68,0.0147058823529412,0,1.17647058823529e-06,9.70142500145332e-06,"UK",0,0,53,0,0,0,0,1,1,NA,NA,NA,NA,0.0147058823529412,0,TRUE,FALSE,258,0,"ns","ns",0.8695,0.0787833623414118
