"","tax_id","mean","sd","taxonomy","nonresponder_present","nonresponder_n","nonresponder_prev","nonresponder_mean","nonresponder_sd","responder_present","responder_n","responder_prev","responder_mean","responder_sd","fisher_p","fisher_padj","prev_diff","enriched_nonresponder","rf_rank","rf_top20","rf_n","fisher_col","rab.all","rab.win.0","rab.win.1","diff.btw","diff.win","effect","overlap","we.ep","we.eBH","wi.ep","wi.eBH","mean_rabund_nonresponders","mean_rabund_responders","crossval_median","crossval_quartile_1","crossval_quartile_3"
"1","RSV1",0.111713748014424,0.205524239969725,"Bifidobacterium (RSV1)",96,126,76.2,34,31.2,18,28,64.3,31.6,34.3,0.233985962822933,0.729896510895418,11.9,TRUE,12,1,28,"ns",16.0047824481602,16.0659886450039,15.8935441341086,-0.71607172102618,15.8891811920111,-0.0488530821357275,0.431678752501832,0.298322398588652,0.890773131548017,0.339148749121871,0.916152446530042,35.376,33.15,0.583333333333333,0.454545454545455,0.666666666666667
"2","RSV10",0.0679108872280241,0.124100280576728,"Veillonella (RSV10)",43,126,34.1,1.9,5.8,9,28,32.1,6.3,15.5,1,1,2,TRUE,19,1,28,"ns",0.741172563239854,0.765687671519672,0.642643014110275,0.137478103062893,12.0703186711389,0.0109011934902327,0.493028444129437,0.773211141202094,0.968276720510106,0.689692970483461,0.950870395987348,2.098,6.69,0.583333333333333,0.454545454545455,0.666666666666667
"3","RSV100",0.00493799162522431,0.0100662867037592,"Megamonas (RSV100)",5,126,4,0,0.5,2,28,7.1,0.1,0.4,0.611459139814167,1,-3.1,FALSE,197,0,28,"ns",-0.791405302464986,-0.802632540496871,-0.726068976791691,0.103914727331611,5.19830941069858,0.0169976409800274,0.491071428803202,0.570905676510322,0.917116182668744,0.552615407189644,0.922245031059973,0.059,0.095,0.583333333333333,0.454545454545455,0.666666666666667
"4","RSV101",0.00851987249279164,0.0188660147398872,"Corynebacterium_1 (RSV101)",7,126,5.6,0,0,1,28,3.6,0,0,1,1,2,TRUE,150,0,28,"ns",-0.761781341755043,-0.710579603023715,-0.927451604353902,-0.407745065960853,4.66026615614328,-0.0737445955421467,0.462911322773736,0.512152385860147,0.911904257815283,0.520726037503962,0.920853182777989,0.001,0,0.583333333333333,0.454545454545455,0.666666666666667
"5","RSV1026",0.00828173523203235,0.0165710817668055,"Enterococcus (RSV1026)",4,126,3.2,0,0.1,3,28,10.7,0,0,0.113479379896449,0.729896510895418,-7.5,FALSE,153,0,28,"ns",-0.781930896197332,-0.828975645849804,-0.558903064213059,0.236119096008046,5.15035219500655,0.042786360722347,0.475738985571802,0.483819611498127,0.909829865203135,0.489289725909736,0.912824023947146,0.01,0.01,0.583333333333333,0.454545454545455,0.666666666666667
"6","RSV1040",0.0100725369745769,0.0210927670827005,"Anaerococcus (RSV1040)",7,126,5.6,0,0,3,28,10.7,0,0,0.389993883432805,0.857986543552172,-5.1,FALSE,131,0,28,"ns",-0.641056223504675,-0.681071014464601,-0.460753839418768,0.233622629233097,4.81859616812857,0.0407371845267367,0.479643056858729,0.494189945135323,0.894476665534086,0.490370370148115,0.907787901183639,0,0.001,0.583333333333333,0.454545454545455,0.666666666666667
"7","RSV1049",0.0331149802316599,0.0651117878303495,"Corynebacterium_1 (RSV1049)",22,126,17.5,0,0,6,28,21.4,0,0,0.596244834185985,1,-3.9,FALSE,47,0,28,"ns",-0.136898441461845,-0.172323468310744,0.0097596520398433,0.200919120834255,5.97607291304256,0.0280397406330245,0.487165178904716,0.611734067946247,0.940308755626646,0.607415958100627,0.944064463121638,0.006,0.004,0.583333333333333,0.454545454545455,0.666666666666667
"8","RSV105",0.0158642712557511,0.0338728514278398,"Staphylococcus (RSV105)",16,126,12.7,0,0,2,28,7.1,0,0,0.530479775556412,1,5.6,TRUE,87,0,28,"ns",-0.465840200045719,-0.401675685477921,-0.766954088585964,-0.485461003849768,5.77535168546646,-0.073875802207446,0.458147322522325,0.438487286452777,0.901366854497654,0.439182083591008,0.909647849301063,0.005,0.004,0.583333333333333,0.454545454545455,0.666666666666667
"9","RSV106",0.0344195774964181,0.0668956704250804,"Streptococcus (RSV106)",35,126,27.8,0,0.1,5,28,17.9,0,0.1,0.346074869113278,0.845739661757448,9.9,TRUE,45,0,28,"ns",0.216839809156374,0.362569310951557,-0.368195870706911,-0.842734938016298,7.74740336792366,-0.110298958826639,0.439174108745019,0.500095055224824,0.915732448579162,0.437225027125448,0.908093696699022,0.029,0.042,0.583333333333333,0.454545454545455,0.666666666666667
"10","RSV108",0.00746391061060901,0.0252805612556888,"Lactobacillus (RSV108)",8,126,6.3,0,0.2,0,28,0,0,0,0.352054308961234,0.845739661757448,6.3,TRUE,160,0,28,"ns",-0.734085456815503,-0.654850677680379,-1.05899821246435,-0.557600364052828,4.77869208202796,-0.100604687901655,0.449218751331524,0.323490488828544,0.839188343902271,0.408292032062904,0.888508871657651,0.034,0,0.583333333333333,0.454545454545455,0.666666666666667
"11","RSV109",0.00867976561272729,0.0206289627403678,"unassigned Proteobacteria (RSV109)",8,126,6.3,0.1,0.6,1,28,3.6,0,0.1,1,1,2.7,TRUE,149,0,28,"ns",-0.703339764317942,-0.649302083495627,-0.935605901806076,-0.219283291548489,4.94043060285614,-0.0386512418321517,0.478527607919586,0.572879902582475,0.932519684294323,0.530032160016365,0.915549021612326,0.078,0.026,0.583333333333333,0.454545454545455,0.666666666666667
"12","RSV1090",0.00607382623562038,0.0129303079150791,"Escherichia/Shigella (RSV1090)",1,126,0.8,0,0.4,2,28,7.1,0.1,0.4,0.085280045032367,0.729896510895418,-6.3,FALSE,176,0,28,"ns",-0.931904814223717,-0.94532855916423,-0.851821497452287,0.185707222311978,4.80892913108756,0.0313889098072379,0.47879464340842,0.435376922598827,0.890308591931109,0.490930678926407,0.903140910419854,0.035,0.085,0.583333333333333,0.454545454545455,0.666666666666667
"13","RSV11",0.0831574724558262,0.174825258125546,"Lactobacillus (RSV11)",46,126,36.5,3.2,6.9,6,28,21.4,0.6,2,0.184299452857068,0.729896510895418,15.1,TRUE,15,1,28,"ns",0.932694976803852,1.19039857899584,0.0800233054740005,-1.70631380629667,11.447415524404,-0.162173227052196,0.403792529081623,0.0635214360424472,0.70372154901243,0.162049370638096,0.809697118823254,3.38,0.671,0.583333333333333,0.454545454545455,0.666666666666667
"14","RSV110",0.0273892243202003,0.0611596793431911,"Enterobacter (RSV110)",32,126,25.4,0.1,0.3,3,28,10.7,0,0,0.133658933610763,0.729896510895418,14.7,TRUE,56,0,28,"ns",0.264930547068388,0.326601450975478,-0.00241861975728597,-0.482852864603736,6.40808589726785,-0.0676921944421578,0.465959822316038,0.43624674994043,0.907920175378753,0.498211005195744,0.919165762080776,0.062,0.014,0.583333333333333,0.454545454545455,0.666666666666667
"15","RSV1103",0.0094512737386879,0.020095599490255,"Proteus (RSV1103)",6,126,4.8,0,0.1,3,28,10.7,0,0.1,0.210318128724907,0.729896510895418,-5.9,FALSE,139,0,28,"ns",-0.708226019804533,-0.735880074725536,-0.538846911061579,0.225323067974571,5.44197801151785,0.0364893106182999,0.479352679108148,0.478943414331988,0.893748591797844,0.49926585247828,0.92176208221464,0.009,0.021,0.583333333333333,0.454545454545455,0.666666666666667
"16","RSV111",0.0263022200657574,0.0663110379804251,"Staphylococcus (RSV111)",18,126,14.3,0.1,0.4,1,28,3.6,0,0,0.200712386508288,0.729896510895418,10.7,TRUE,58,0,28,"ns",-0.48047573256957,-0.366851351959427,-0.986128424453241,-0.942175399183904,5.84045460885166,-0.140195444395192,0.426101507814436,0.194909008123505,0.779190197095388,0.295758750589295,0.864330578423112,0.082,0.002,0.583333333333333,0.454545454545455,0.666666666666667
"17","RSV1113",0.00417427526929203,0.010178882077283,"Klebsiella (RSV1113)",9,126,7.1,0,0,1,28,3.6,0,0,0.690539694518104,1,3.5,TRUE,201,0,28,"ns",-0.662825947342196,-0.60601416141508,-0.900381298792727,-0.195448701088761,4.98531459017422,-0.0331435831445367,0.482142857606847,0.488207639622816,0.906295473583597,0.482640356998595,0.910637732976663,0.008,0.002,0.583333333333333,0.454545454545455,0.666666666666667
"18","RSV1116",0.00583985933508189,0.0124714653594489,"Clostridium_sensu_stricto_1 (RSV1116)",1,126,0.8,0,0,2,28,7.1,0.1,0.3,0.085280045032367,0.729896510895418,-6.3,FALSE,181,0,28,"ns",-0.876128738988394,-0.916480547796624,-0.73417955137851,0.329785087927785,4.91024298668379,0.0567709606493845,0.468191965114497,0.446986144348996,0.874916006733592,0.490987966764146,0.91466115867104,0.001,0.059,0.583333333333333,0.454545454545455,0.666666666666667
"19","RSV1121",0.00572319826124252,0.0122014682532931,"Escherichia/Shigella (RSV1121)",2,126,1.6,0.1,0.6,3,28,10.7,0.1,0.4,0.0421255799128802,0.729896510895418,-9.1,FALSE,185,0,28,"ns",-0.822093215766486,-0.896998236762784,-0.482981033238591,0.50348902217409,5.49899749634146,0.0790335263900199,0.456776353610726,0.317840119645409,0.852178326297452,0.438788734879142,0.892642757354757,0.062,0.104,0.583333333333333,0.454545454545455,0.666666666666667
"20","RSV116",0.0129495502239751,0.0253851816314823,"Veillonella (RSV116)",16,126,12.7,0,0.1,2,28,7.1,0,0,0.530479775556412,1,5.6,TRUE,103,0,28,"ns",-0.384553207690361,-0.274620651568585,-0.826338478658403,-0.719341630055382,5.52255784202659,-0.123810699770188,0.439486895066524,0.478057365902294,0.905105012538179,0.41503783717977,0.892947308659867,0.013,0.006,0.583333333333333,0.454545454545455,0.666666666666667
"21","RSV117",0.0128441371650972,0.0385024365670043,"Veillonella (RSV117)",10,126,7.9,0,0.1,1,28,3.6,0,0.1,0.690062132318286,1,4.3,TRUE,104,0,28,"ns",-0.611082319272056,-0.553615898928506,-0.826443873754442,-0.303321628690881,5.22012537497615,-0.0482398617674968,0.474330357810753,0.484876272609956,0.90845783529545,0.456203563255812,0.905692030947972,0.014,0.022,0.583333333333333,0.454545454545455,0.666666666666667
"22","RSV118",0.00618787229855612,0.0122611764941282,"Clostridium_sensu_stricto_1 (RSV118)",9,126,7.1,0,0,2,28,7.1,0,0,1,1,0,FALSE,175,0,28,"ns",-0.608921338667127,-0.632711402577581,-0.501728706807926,0.128837050727707,5.20377515852111,0.01732003814382,0.488566648372374,0.525870386860306,0.916600755444022,0.5119557320162,0.923326055931091,0.005,0.012,0.583333333333333,0.454545454545455,0.666666666666667
"23","RSV119",0.0093919049022867,0.0194883526500301,"Sutterella (RSV119)",9,126,7.1,0,0.1,2,28,7.1,0,0,1,1,0,FALSE,140,0,28,"ns",-0.667534259805997,-0.64430718737457,-0.772969031154833,-0.0881916844884945,5.14308006416684,-0.0100636463021692,0.495817066477649,0.539499804619715,0.928781339782602,0.50059447938503,0.921102834594437,0.04,0.007,0.583333333333333,0.454545454545455,0.666666666666667
"24","RSV12",0.0283437467067349,0.0553930407418205,"Collinsella (RSV12)",25,126,19.8,0.9,3.1,6,28,21.4,1.3,5.7,0.799770206338596,1,-1.6,FALSE,54,0,28,"ns",0.0189692252122828,-0.00179356443847922,0.121695708019427,0.0830595150782214,8.4454868631304,0.0109919928233175,0.494701617538361,0.712781545909041,0.960965649963516,0.619917075087776,0.936168240216829,0.957,1.311,0.583333333333333,0.454545454545455,0.666666666666667
"25","RSV124",0.00994479179527049,0.0287420590050472,"Collinsella (RSV124)",7,126,5.6,0.3,2.1,0,28,0,0,0,0.351361539193898,0.845739661757448,5.6,TRUE,132,0,28,"ns",-0.811648134698316,-0.767894961742892,-1.04533760259418,-0.344879374431178,4.6980461921123,-0.061808154234686,0.46458449618199,0.320028322914208,0.836846490311916,0.441222398560373,0.901519105950306,0.453,0,0.583333333333333,0.454545454545455,0.666666666666667
"26","RSV126",0.0174159073495546,0.0522379370170923,"Haemophilus (RSV126)",9,126,7.1,0,0.5,1,28,3.6,0,0,0.690539694518104,1,3.5,TRUE,78,0,28,"ns",-0.712690602108108,-0.663087367184589,-0.872926778893714,-0.23359139208921,4.9383720208578,-0.0399378056371233,0.477678572008976,0.448023976255655,0.882601910131951,0.445281632292832,0.898405731533651,0.052,0.001,0.583333333333333,0.454545454545455,0.666666666666667
"27","RSV127",0.00575622158777808,0.012723918847685,"Collinsella (RSV127)",2,126,1.6,0,0.5,2,28,7.1,0.3,1.7,0.151332797766275,0.729896510895418,-5.5,FALSE,183,0,28,"ns",-0.825122270469478,-0.834408193504244,-0.781397020856588,0.0702550816208447,4.77325395046927,0.0107113106210244,0.490513393103412,0.548476943736754,0.923011999584352,0.565615407984215,0.927108531901434,0.077,0.426,0.583333333333333,0.454545454545455,0.666666666666667
"28","RSV129",0.0255050350017209,0.0616000283737871,"Streptococcus (RSV129)",16,126,12.7,0.1,0.8,3,28,10.7,0,0.2,1,1,2,TRUE,61,0,28,"ns",-0.284032357957834,-0.190034516969261,-0.648644878145506,-0.446457347485081,5.80147429790168,-0.0655578000209714,0.466517858015643,0.508249403016703,0.917228282280681,0.482284422101242,0.915565808070195,0.113,0.035,0.583333333333333,0.454545454545455,0.666666666666667
"29","RSV13",0.0524028863176843,0.0982920429779989,"Bifidobacterium (RSV13)",49,126,38.9,1.7,6.5,9,28,32.1,4.3,12.8,0.666835541153219,1,6.8,TRUE,32,0,28,"ns",1.07572499984038,1.19674163497711,0.591296533170871,-0.151205300826684,12.4629674114526,-0.0132972245440756,0.490239821781259,0.795202691495279,0.972653165430648,0.700664525422924,0.956190652988164,1.877,4.439,0.583333333333333,0.454545454545455,0.666666666666667
"30","RSV130",0.0171096258487007,0.0336504302050268,"Staphylococcus (RSV130)",14,126,11.1,0,0.2,3,28,10.7,0,0.1,1,1,0.4,TRUE,79,0,28,"ns",-0.537254981731085,-0.498033818217579,-0.684499773253343,-0.262476904604965,6.01741906188059,-0.0376057264053395,0.476004464909844,0.636214789529337,0.947229664189399,0.571694269800484,0.930065315480128,0.04,0.017,0.583333333333333,0.454545454545455,0.666666666666667
"31","RSV131",0.00992211951557421,0.0212900530988545,"Veillonella (RSV131)",4,126,3.2,0,0.1,3,28,10.7,0,0.1,0.113479379896449,0.729896510895418,-7.5,FALSE,133,0,28,"ns",-0.758586104212826,-0.787589804693111,-0.592153291365467,0.457154122550877,5.50587035049573,0.0693663384591458,0.46149553671945,0.422739602178982,0.883681097646655,0.494039598758143,0.915396485350819,0.018,0.034,0.583333333333333,0.454545454545455,0.666666666666667
"32","RSV1364",0.0108706023838423,0.0214080746323314,"Negativicoccus (RSV1364)",5,126,4,0,0,3,28,10.7,0,0,0.159483037149014,0.729896510895418,-6.7,FALSE,118,0,28,"ns",-0.784832861066747,-0.817313061867775,-0.648398395524508,0.364366893729073,4.99466438411715,0.0558670844241793,0.464285715217264,0.486602100643786,0.893114235172825,0.478592264079943,0.910759740534771,0.001,0.005,0.583333333333333,0.454545454545455,0.666666666666667
"33","RSV137",0.0106981685064957,0.0231150963344461,"Erysipelatoclostridium (RSV137)",6,126,4.8,0,0.1,3,28,10.7,0.5,2.7,0.210318128724907,0.729896510895418,-5.9,FALSE,121,0,28,"ns",-0.701608259529213,-0.724861410598159,-0.610020117570416,0.279821874982963,5.62147221968404,0.0421983127785697,0.47154017931237,0.481476292738902,0.901615274243334,0.508224504886583,0.916058642922857,0.018,0.549,0.583333333333333,0.454545454545455,0.666666666666667
"34","RSV1376",0.0241795805768375,0.0500254789250319,"unassigned Patescibacteria (RSV1376)",7,126,5.6,0,0,4,28,14.3,0,0.1,0.115409263171885,0.729896510895418,-8.7,FALSE,65,0,28,"ns",-0.6919140140773,-0.736650713322069,-0.505170731023455,0.356887190853241,5.26349697351495,0.0614512452000725,0.468750000814127,0.438479570681939,0.879553281571133,0.460083080479095,0.903107652367116,0.003,0.017,0.583333333333333,0.454545454545455,0.666666666666667
"35","RSV14",0.0462092495683499,0.105543606498834,"Lactobacillus (RSV14)",32,126,25.4,0.1,0.3,6,28,21.4,0,0.1,0.810074300751613,1,4,TRUE,36,0,28,"ns",0.168447970823244,0.236565202259101,-0.149435438603051,-0.597275329700935,7.72693015744181,-0.0721652196970393,0.45733407808005,0.402690792829698,0.903503173791386,0.49383030520449,0.922561424734255,0.125,0.026,0.583333333333333,0.454545454545455,0.666666666666667
"36","RSV141",0.00886419739131421,0.0191859136565167,"Veillonella (RSV141)",14,126,11.1,0.1,0.8,1,28,3.6,0,0.1,0.30848370282002,0.805913673617302,7.5,TRUE,147,0,28,"ns",-0.559466167291315,-0.484168216716242,-0.902760770123038,-0.606485545325873,5.30555732946604,-0.0943445451326103,0.443390966349796,0.371928989568,0.861896706711634,0.415738128392229,0.883109976309694,0.143,0.017,0.583333333333333,0.454545454545455,0.666666666666667
"37","RSV143",0.00985611897564897,0.0202777197354844,"Enterococcus (RSV143)",6,126,4.8,0,0.1,3,28,10.7,0,0.1,0.210318128724907,0.729896510895418,-5.9,FALSE,134,0,28,"ns",-0.723866916311415,-0.750584566806586,-0.591538160322274,0.131311311474072,5.61908848101864,0.022107938137148,0.485220301554667,0.51308747298273,0.918652327513604,0.518728342638189,0.917286799689667,0.022,0.024,0.583333333333333,0.454545454545455,0.666666666666667
"38","RSV144",0.00738680248099918,0.0179585004375131,"Veillonella (RSV144)",9,126,7.1,0,0.1,2,28,7.1,0.1,0.3,1,1,0,FALSE,163,0,28,"ns",-0.659638084614473,-0.649413492799052,-0.698638406178851,-0.107018503172393,5.22672082569851,-0.0171376746460463,0.487723214604493,0.598682044350158,0.938028343119118,0.539912181299666,0.927034950388768,0.023,0.066,0.583333333333333,0.454545454545455,0.666666666666667
"39","RSV1469",0.00277094696704065,0.00691909421233968,"Robinsoniella (RSV1469)",2,126,1.6,0,0.1,2,28,7.1,0,0.1,0.151332797766275,0.729896510895418,-5.5,FALSE,209,0,28,"ns",-0.84013114013797,-0.873461124007727,-0.680239560214741,0.29719570473908,4.99120868673802,0.0468662476675342,0.47098214361271,0.483694408332028,0.899771451857699,0.513630978402588,0.917942000558558,0.014,0.035,0.583333333333333,0.454545454545455,0.666666666666667
"40","RSV147",0.0060698033691084,0.0129924696832779,"Bacteroides (RSV147)",6,126,4.8,0,0.1,2,28,7.1,0,0.2,0.637512900118173,1,-2.3,FALSE,177,0,28,"ns",-0.71597765206671,-0.73491597413498,-0.624768965055781,0.119666226233088,5.10218435998061,0.016445149211114,0.48800892390275,0.531288558596661,0.91314358743456,0.546042552056157,0.92309093596219,0.018,0.051,0.583333333333333,0.454545454545455,0.666666666666667
"41","RSV1478",0.00334823044741817,0.00727018104117798,"Citrobacter (RSV1478)",3,126,2.4,0,0.1,2,28,7.1,0,0,0.224137609668539,0.729896510895418,-4.7,FALSE,205,0,28,"ns",-0.833348295555787,-0.87324459857933,-0.654369563285309,0.180712176584677,5.03507917530898,0.0296103604696862,0.4854910718054,0.487618057188706,0.901270864125341,0.484920446420256,0.909051835832174,0.009,0.007,0.583333333333333,0.454545454545455,0.666666666666667
"42","RSV1486",0.0134568404303254,0.0271008247231036,"unassigned Proteobacteria (RSV1486)",2,126,1.6,0,0,3,28,10.7,0,0,0.0421255799128802,0.729896510895418,-9.1,FALSE,99,0,28,"ns",-0.768091435441702,-0.799383569271324,-0.629594044123223,0.432515133767179,4.98655220182783,0.0822630539847909,0.463727679517687,0.466615447017756,0.880959425969291,0.48287950447189,0.908550702153744,0.002,0.003,0.583333333333333,0.454545454545455,0.666666666666667
"43","RSV1488",0.0164962000352914,0.0394513964304327,"Escherichia/Shigella (RSV1488)",14,126,11.1,0,0.1,1,28,3.6,0,0,0.30848370282002,0.805913673617302,7.5,TRUE,82,0,28,"ns",-0.558127458928917,-0.478053847156909,-0.871958025495834,-0.470177760751934,5.38339718072303,-0.0832986853353936,0.453430006794967,0.387257297537158,0.861756226485644,0.43553279594801,0.875924151041325,0.018,0.005,0.583333333333333,0.454545454545455,0.666666666666667
"44","RSV149",0.0244123556838602,0.0487214347442707,"Streptococcus (RSV149)",8,126,6.3,0,0.1,4,28,14.3,0,0.1,0.232583593740153,0.729896510895418,-8,FALSE,64,0,28,"ns",-0.664024872451513,-0.709683483879962,-0.462964468433789,0.371527188888776,5.91460408212115,0.0572716573400954,0.46540178661644,0.463106932904392,0.907031203364765,0.510350912831788,0.91748652125418,0.014,0.026,0.583333333333333,0.454545454545455,0.666666666666667
"45","RSV15",0.0629237135780547,0.118162881394583,"Veillonella (RSV15)",52,126,41.3,0.6,2.6,11,28,39.3,0.6,2.3,1,1,2,TRUE,23,0,28,"ns",1.40227533893768,1.47951799073194,0.923211933363554,-0.670808797172243,9.34645567277343,-0.0669225874326,0.466815394059758,0.544712993215071,0.937373798341653,0.527278512836589,0.933490477490924,0.643,0.702,0.583333333333333,0.454545454545455,0.666666666666667
"46","RSV150",0.0254878864159596,0.0483817249955641,"Acinetobacter (RSV150)",16,126,12.7,0,0,5,28,17.9,0,0,0.542062842165421,1,-5.2,FALSE,62,0,28,"ns",-0.304105590700328,-0.3194740868542,-0.250181303616753,0.0610395655694091,5.52218758885715,0.00982910097657051,0.495259342008004,0.5884687100164,0.935269116428533,0.594889942993557,0.943405263422102,0.006,0.003,0.583333333333333,0.454545454545455,0.666666666666667
"47","RSV151",0.010611973234978,0.0214153633595736,"Streptococcus (RSV151)",3,126,2.4,0,0,2,28,7.1,0,0,0.224137609668539,0.729896510895418,-4.7,FALSE,125,0,28,"ns",-0.841247166464951,-0.878159751337327,-0.692267467399512,0.343506127937343,5.01560809251275,0.0576376146955246,0.46904629193763,0.484795184880387,0.901917340277268,0.530924751891809,0.922634041698357,0.001,0.008,0.583333333333333,0.454545454545455,0.666666666666667
"48","RSV1577",0.0178801986670427,0.0405652520766346,"Escherichia/Shigella (RSV1577)",12,126,9.5,0,0,2,28,7.1,0,0,1,1,2.4,TRUE,75,0,28,"ns",-0.61518312914985,-0.581566983232337,-0.761844043753516,-0.209453845402725,5.82182668981488,-0.0347573335313701,0.481873954737063,0.555741380271154,0.930470101267019,0.521407723620789,0.923479248620353,0.014,0.007,0.583333333333333,0.454545454545455,0.666666666666667
"49","RSV16",0.0382126282920665,0.0744326136429059,"Bifidobacterium (RSV16)",27,126,21.4,1.2,4.8,8,28,28.6,2.6,6.4,0.456680346787801,0.935746985084807,-7.2,FALSE,40,0,28,"ns",0.0558678859794188,-0.0153477632571466,0.400955959485398,0.502996828816746,10.3321187720663,0.0477049998148198,0.46540178661644,0.448545074529902,0.911449533825811,0.48327894728191,0.914273734888091,1.509,2.873,0.583333333333333,0.454545454545455,0.666666666666667
"50","RSV163",0.0119821342811344,0.0261222049169779,"Veillonella (RSV163)",10,126,7.9,0.2,0.9,2,28,7.1,0.3,1.3,1,1,0.800000000000001,TRUE,109,0,28,"ns",-0.693552831314879,-0.686826692916554,-0.717309425174548,-0.0683040946132856,5.64948031892677,-0.00746268037761951,0.492745535902581,0.640440332328137,0.946315466113057,0.556888654974116,0.927756924893555,0.228,0.363,0.583333333333333,0.454545454545455,0.666666666666667
"51","RSV164",0.0083540681179339,0.017345467257414,"Bacteroides (RSV164)",4,126,3.2,0,0.1,2,28,7.1,0.4,2.3,0.299263380339498,0.805913673617302,-3.9,FALSE,152,0,28,"ns",-0.792392270578848,-0.791711397587587,-0.796385242161083,-0.0315005571962068,5.05068633285505,-0.00375414360631847,0.49693251541694,0.547368425641593,0.926508172860693,0.51073864943187,0.928487485073968,0.018,0.436,0.583333333333333,0.454545454545455,0.666666666666667
"52","RSV165",0.0163383406204619,0.0324091427822906,"Veillonella (RSV165)",15,126,11.9,0,0.1,3,28,10.7,0,0.1,1,1,1.2,TRUE,83,0,28,"ns",-0.453819734533187,-0.400964912578809,-0.697550120366778,-0.202120411950409,5.83277286167343,-0.0309992470863856,0.480758505797889,0.63299417036053,0.947935951275122,0.580808234690014,0.937900885812842,0.021,0.02,0.583333333333333,0.454545454545455,0.666666666666667
"53","RSV167",0.0302016223161843,0.059792777024048,"Klebsiella (RSV167)",22,126,17.5,0.1,0.3,6,28,21.4,0,0.1,0.596244834185985,1,-3.9,FALSE,50,0,28,"ns",-0.161051254998311,-0.170741799384876,-0.119366913457728,0.152770074270512,7.19208225508425,0.0167210523117682,0.487451199433128,0.688320318747188,0.953989364843719,0.650948226873676,0.948591471040394,0.082,0.031,0.583333333333333,0.454545454545455,0.666666666666667
"54","RSV17",0.054521794464168,0.102610611468324,"Streptococcus (RSV17)",56,126,44.4,0.9,3.2,11,28,39.3,0.4,1,0.677395765608765,1,5.1,TRUE,28,0,28,"ns",1.61268363970957,1.77248259490379,0.944328735152805,-0.844784613953236,10.7975316248984,-0.0778695697003819,0.453683036926629,0.555019445052347,0.9402909645018,0.544882015840465,0.939467418167338,0.974,0.473,0.583333333333333,0.454545454545455,0.666666666666667
"55","RSV170",0.0304028904160368,0.0684641600111999,"Lactobacillus (RSV170)",24,126,19,0.1,0.4,2,28,7.1,0,0.2,0.167587731089732,0.729896510895418,11.9,TRUE,49,0,28,"ns",-0.24433673608995,-0.105961862532416,-0.74591506432791,-0.832452530413743,6.73490588807979,-0.10773861633566,0.431919644657223,0.178432396701765,0.793451425940392,0.311527069459658,0.863628560365304,0.144,0.032,0.583333333333333,0.454545454545455,0.666666666666667
"56","RSV1712",0.0115989273980739,0.023457685994328,"Anaerococcus (RSV1712)",12,126,9.5,0,0,3,28,10.7,0.1,0.4,0.737350690795861,1,-1.2,FALSE,113,0,28,"ns",-0.505972482696668,-0.479158655757919,-0.579206013631566,-0.133219692961559,5.44918164991905,-0.0195400709695937,0.487451199433128,0.607895199582221,0.938300550752421,0.616888681907973,0.943476886719262,0.002,0.122,0.583333333333333,0.454545454545455,0.666666666666667
"57","RSV1729",0.0102219627906004,0.0275504573918186,"Peptostreptococcus (RSV1729)",7,126,5.6,0,0,0,28,0,0,0,0.351361539193898,0.845739661757448,5.6,TRUE,129,0,28,"ns",-0.769200291504417,-0.707222128713374,-0.980073008228354,-0.263412147903661,4.50407090988878,-0.0530387114150964,0.468191965114497,0.448009639453604,0.905649102929098,0.454832279214339,0.912040916666958,0.001,0,0.583333333333333,0.454545454545455,0.666666666666667
"58","RSV173",0.00931018487138936,0.0198370626700538,"Granulicatella (RSV173)",11,126,8.7,0,0,2,28,7.1,0,0,1,1,1.6,TRUE,142,0,28,"ns",-0.505304654951154,-0.465605304467653,-0.693575640674144,-0.225613262111644,4.84651944192373,-0.0376733252759806,0.477678572008976,0.503191734435975,0.908759353312933,0.506479652430487,0.924345664744308,0.001,0.001,0.583333333333333,0.454545454545455,0.666666666666667
"59","RSV177",0.020501472520463,0.0476044728463341,"Streptococcus (RSV177)",18,126,14.3,0,0.1,1,28,3.6,0,0,0.200712386508288,0.729896510895418,10.7,TRUE,70,0,28,"ns",-0.367162018168663,-0.250727868926361,-0.861036655184147,-0.894977726925294,5.12963557926855,-0.153386930432366,0.420524263128579,0.219679084534516,0.764466664650253,0.300878363967008,0.832478538763283,0.014,0,0.583333333333333,0.454545454545455,0.666666666666667
"60","RSV18",0.0369529938078662,0.0734570449879555,"Haemophilus (RSV18)",19,126,15.1,0,0.3,6,28,21.4,0,0.1,0.404045189225993,0.879640047377422,-6.3,FALSE,41,0,28,"ns",-0.311181027553145,-0.34933623406093,-0.18484383600339,0.129888918212753,6.88660217772163,0.0195274673771015,0.489124372842,0.552421488750859,0.929880753486919,0.565010103300614,0.93622116130433,0.051,0.058,0.583333333333333,0.454545454545455,0.666666666666667
"61","RSV185",0.0177331194568596,0.0351207166805577,"Clostridium_sensu_stricto_1 (RSV185)",10,126,7.9,0.3,1.7,4,28,14.3,0.4,1.3,0.28606461016162,0.805913673617302,-6.4,FALSE,77,0,28,"ns",-0.611151841538057,-0.636098319812924,-0.507217739706853,0.22164838933657,6.42666038157316,0.0297526040026463,0.482700893306598,0.534616079329687,0.925614680378867,0.534133402794327,0.933194320779123,0.298,0.402,0.583333333333333,0.454545454545455,0.666666666666667
"62","RSV1861",0.00453626498346834,0.00980037184335609,"Escherichia/Shigella (RSV1861)",1,126,0.8,0,0.5,2,28,7.1,0.1,0.3,0.085280045032367,0.729896510895418,-6.3,FALSE,200,0,28,"ns",-0.892886636432982,-0.917288050750436,-0.768341747741665,0.285578905336484,4.82868852361546,0.0422361677227963,0.47098214361271,0.468402274752764,0.883195765949222,0.49234110268276,0.918004936331533,0.047,0.071,0.583333333333333,0.454545454545455,0.666666666666667
"63","RSV1873",0.00560649425719452,0.0110782604310562,"Enterococcus (RSV1873)",3,126,2.4,0,0,2,28,7.1,0,0,0.224137609668539,0.729896510895418,-4.7,FALSE,187,0,28,"ns",-0.795717686303002,-0.835350191874994,-0.645434655669312,0.336777621823781,4.77727945705737,0.0650490092780371,0.463469047243147,0.519402569874707,0.902386390708145,0.497418116255147,0.904726690095976,0.002,0.002,0.583333333333333,0.454545454545455,0.666666666666667
"64","RSV19",0.148311010824767,0.270306341000594,"Klebsiella (RSV19)",98,126,77.8,1.2,2.8,24,28,85.7,0.4,0.5,0.445821007816888,0.926398527280726,-7.90000000000001,FALSE,2,1,28,"ns",8.32764200495246,8.05931852855039,9.18036728963784,0.212157639436576,6.80747835896434,0.0291616599243259,0.4854910718054,0.610062566738416,0.946943062831715,0.68363327795542,0.957229351873249,1.246,0.393,0.583333333333333,0.454545454545455,0.666666666666667
"65","RSV190",0.00891102455223474,0.0207753541833234,"Veillonella (RSV190)",7,126,5.6,0,0.1,1,28,3.6,0,0,1,1,2,TRUE,146,0,28,"ns",-0.746222463265035,-0.706995317733675,-0.939044250684587,-0.207799407579937,4.8714068646116,-0.0411790921087008,0.478527607919586,0.500117224823551,0.910701688023822,0.48269171949439,0.911947809698974,0.011,0.001,0.583333333333333,0.454545454545455,0.666666666666667
"66","RSV193",0.0178547556492293,0.0362080269608363,"Salmonella (RSV193)",23,126,18.3,0.1,0.3,4,28,14.3,0,0.1,0.786176215910705,1,4,TRUE,76,0,28,"ns",-0.085132348974394,-0.011583665994868,-0.391320094388483,-0.412327705984154,6.82883722017109,-0.0564904665263598,0.46540178661644,0.51624749353794,0.923449024911548,0.480152690124052,0.91068830509355,0.066,0.04,0.583333333333333,0.454545454545455,0.666666666666667
"67","RSV2",0.193426757657337,0.349661587892598,"Escherichia/Shigella (RSV2)",117,126,92.9,11.7,15,28,28,100,12,11.4,0.365957923751222,0.848691304384899,-7.09999999999999,FALSE,1,1,28,"ns",13.7442124439681,13.3867899236424,14.6740278051798,0.972905545459989,4.36411611915939,0.174398591288564,0.400446182274383,0.000297808296592855,0.0598652845578677,0.0834435365318677,0.811757627449892,12.554,13.591,0.583333333333333,0.454545454545455,0.666666666666667
"68","RSV20",0.0616072576861401,0.113753718824827,"Veillonella (RSV20)",55,126,43.7,0.8,2.1,12,28,42.9,0.5,1.2,1,1,0.800000000000004,TRUE,25,0,28,"ns",1.74947517452665,1.80658018998529,1.47297257566804,-0.645898272204153,10.1489536872013,-0.0661141095100461,0.467373118529216,0.648462069603797,0.95357018828343,0.63384260055965,0.949218757790674,0.906,0.61,0.583333333333333,0.454545454545455,0.666666666666667
"69","RSV2011",0.0158699041201879,0.0308482868086271,"Prevotella (RSV2011)",7,126,5.6,0,0.1,4,28,14.3,0,0,0.115409263171885,0.729896510895418,-8.7,FALSE,86,0,28,"ns",-0.674418237629293,-0.689594603901083,-0.601846256717828,0.143097189683319,5.22601345778648,0.0218219089499572,0.485220301554667,0.544382543059691,0.925918283270339,0.525102155732075,0.927682409103476,0.014,0.003,0.583333333333333,0.454545454545455,0.666666666666667
"70","RSV203",0.00517747717650417,0.0119192395085417,"Flavonifractor (RSV203)",4,126,3.2,0,0,2,28,7.1,0.3,1.4,0.299263380339498,0.805913673617302,-3.9,FALSE,194,0,28,"ns",-0.796633998686737,-0.839122036029275,-0.640881972705492,0.298230203407929,5.07991564117022,0.0468913475698872,0.472656250711708,0.441947516016616,0.883609081785614,0.506061073782737,0.903177923980585,0.002,0.29,0.583333333333333,0.454545454545455,0.666666666666667
"71","RSV207",0.00780776510653475,0.0171836749274607,"Veillonella (RSV207)",6,126,4.8,0,0,2,28,7.1,0,0,0.637512900118173,1,-2.3,FALSE,157,0,28,"ns",-0.712522171115422,-0.69937509362164,-0.764936164973763,0.0740768630982469,4.86295323689364,0.0125389300864956,0.491912995190161,0.512997633220434,0.910342996329722,0.505802284857891,0.919121936644978,0.001,0.001,0.583333333333333,0.454545454545455,0.666666666666667
"72","RSV2082",0.0106458278428185,0.0272844681210556,"Corynebacterium_1 (RSV2082)",8,126,6.3,0,0,0,28,0,0,0,0.352054308961234,0.845739661757448,6.3,TRUE,122,0,28,"ns",-0.717150976905296,-0.663361298505006,-0.975057099173162,-0.442237952718566,4.53061344279851,-0.0845175734206413,0.453987731264238,0.43244392967746,0.882390812616869,0.443981264957899,0.902301287241837,0.001,0,0.583333333333333,0.454545454545455,0.666666666666667
"73","RSV21",0.0745918467864881,0.142682086422383,"Escherichia/Shigella (RSV21)",38,126,30.2,1.1,3.5,12,28,42.9,1.1,2.1,0.264000131950473,0.805913673617302,-12.7,FALSE,17,1,28,"ns",0.645686098784687,0.516176504335194,1.38936584085565,1.0352219047551,11.2960848277486,0.0967991212563357,0.440602344004542,0.296898008243422,0.870651512143075,0.33869295079304,0.892673180415624,1.156,1.158,0.583333333333333,0.454545454545455,0.666666666666667
"74","RSV212",0.0144267770293797,0.0286328523533859,"Staphylococcus (RSV212)",9,126,7.1,0,0,2,28,7.1,0,0,1,1,0,FALSE,96,0,28,"ns",-0.804450484029376,-0.791045993410473,-0.877416480913466,-0.132005860446522,5.33443146042376,-0.0210285103400113,0.488839286004054,0.535508040384871,0.915981123956186,0.519845287966686,0.922003335941788,0.007,0.001,0.583333333333333,0.454545454545455,0.666666666666667
"75","RSV2163",0.00529205757382677,0.0122929958460866,"unassigned Firmicutes (RSV2163)",1,126,0.8,0,0,2,28,7.1,0.1,0.4,0.085280045032367,0.729896510895418,-6.3,FALSE,190,0,28,"ns",-0.883004845771863,-0.924923879903838,-0.68400216312317,0.208889878580406,4.76583330012267,0.0384989074778471,0.47629671004135,0.383230726346951,0.869055115369203,0.457257016959866,0.89135554254921,0.004,0.093,0.583333333333333,0.454545454545455,0.666666666666667
"76","RSV2170",0.0102873223429766,0.0218157061451257,"Enterococcus (RSV2170)",9,126,7.1,0,0,2,28,7.1,0,0,1,1,0,FALSE,128,0,28,"ns",-0.697774781111628,-0.68882395975748,-0.729909033596973,0.0880333545902925,5.20102257501611,0.0140539697336005,0.492470719659798,0.57100338666765,0.920897174838772,0.543324345982771,0.922998480551827,0.003,0.01,0.583333333333333,0.454545454545455,0.666666666666667
"77","RSV22",0.0490659052518799,0.0899394539787685,"Veillonella (RSV22)",33,126,26.2,0.2,0.7,9,28,32.1,0.3,1,0.639214920528416,1,-5.9,FALSE,35,0,28,"ns",0.373023702925815,0.335883208510676,0.542658300312372,0.500179260870242,8.69404836425396,0.0564474711176611,0.464843750916849,0.528504628536675,0.922065267668941,0.564715691837805,0.933137817922478,0.179,0.293,0.583333333333333,0.454545454545455,0.666666666666667
"78","RSV228",0.00962082217312081,0.0202545000492103,"Veillonella (RSV228)",6,126,4.8,0,0.1,2,28,7.1,0,0,0.637512900118173,1,-2.3,FALSE,135,0,28,"ns",-0.71179095880529,-0.719152519063229,-0.687242748934441,0.0774961145345241,5.1534307604304,0.0142943495588183,0.491355270720525,0.545264644691368,0.917080206797327,0.507299523271674,0.917757450434375,0.021,0.009,0.583333333333333,0.454545454545455,0.666666666666667
"79","RSV2292",0.00922550655315659,0.0190603434615177,"Corynebacterium_1 (RSV2292)",9,126,7.1,0,0,2,28,7.1,0,0,1,1,0,FALSE,143,0,28,"ns",-0.682880532184752,-0.671021344367729,-0.74262126401041,-0.123667643914782,4.89384380231112,-0.0244692558681906,0.487451199433128,0.553483014338468,0.927572259797303,0.548001647913851,0.934508056462196,0.001,0.001,0.583333333333333,0.454545454545455,0.666666666666667
"80","RSV23",0.0615166019290067,0.114883692523923,"Staphylococcus (RSV23)",70,126,55.6,0.1,0.3,14,28,50,0.2,0.5,0.676380627909936,1,5.6,TRUE,26,0,28,"ns",4.72284711111541,4.72586371116456,4.28453642217429,-0.320566385804343,8.25602510791022,-0.0341422462156266,0.479910714807881,0.708645068113635,0.962447986298145,0.74111182673649,0.959189832478154,0.125,0.155,0.583333333333333,0.454545454545455,0.666666666666667
"81","RSV234",0.0227188412228441,0.0478708369331963,"Enterobacter (RSV234)",24,126,19,0,0.1,4,28,14.3,0,0,0.786835036197184,1,4.7,TRUE,67,0,28,"ns",-0.0367867624782452,0.0261834722518515,-0.356998839445833,-0.597854074622873,5.90811782606337,-0.088952726405771,0.450083659979542,0.497148033526286,0.919350457433023,0.498960864900531,0.92261251248338,0.027,0.01,0.583333333333333,0.454545454545455,0.666666666666667
"82","RSV236",0.0347186623014827,0.0898647973670239,"Streptococcus (RSV236)",20,126,15.9,0,0.4,3,28,10.7,0,0,0.769254219391707,1,5.2,TRUE,44,0,28,"ns",-0.347830018487089,-0.278982641492227,-0.627650512216915,-0.522645175891697,5.67847781692972,-0.0780180631651075,0.45956497595743,0.463400633242493,0.909206508726275,0.451489978430972,0.912068678356167,0.047,0.008,0.583333333333333,0.454545454545455,0.666666666666667
"83","RSV237",0.0133256437669403,0.0265168499196726,"Salmonella (RSV237)",16,126,12.7,0,0.2,4,28,14.3,0,0,0.762540164528216,1,-1.6,FALSE,101,0,28,"ns",-0.294611363206744,-0.273123025517085,-0.403622652423467,-0.0941115511065309,6.20444295908329,-0.0148748838770641,0.490239821781259,0.629256009484664,0.948399116459057,0.593058502555515,0.931940449423612,0.036,0.013,0.583333333333333,0.454545454545455,0.666666666666667
"84","RSV2374",0.00321782131370008,0.00840234618533368,"unassigned Firmicutes (RSV2374)",2,126,1.6,0,0.1,2,28,7.1,0,0,0.151332797766275,0.729896510895418,-5.5,FALSE,206,0,28,"ns",-0.872132374434571,-0.900367623286883,-0.737730462042746,0.192064086249012,5.03436040069124,0.0309993020831309,0.48437500040587,0.533261676512153,0.917849442295098,0.519846864343526,0.917656200190771,0.007,0.015,0.583333333333333,0.454545454545455,0.666666666666667
"85","RSV238",0.0525825566942472,0.109385984153564,"Klebsiella (RSV238)",24,126,19,0,0.2,4,28,14.3,0,0,0.786835036197184,1,4.7,TRUE,31,0,28,"ns",-0.166599423481932,-0.0856956240955817,-0.50126172004801,-0.477599442445447,6.30381267247139,-0.0723208759303672,0.46149553671945,0.446494530922504,0.891946950598806,0.481110768862728,0.909701246146118,0.043,0.005,0.583333333333333,0.454545454545455,0.666666666666667
"86","RSV239",0.0182205993428866,0.0360874728868229,"Klebsiella (RSV239)",15,126,11.9,0,0.2,4,28,14.3,0,0,0.752286217087389,1,-2.4,FALSE,74,0,28,"ns",-0.44964720557979,-0.449913572867587,-0.445027546518086,-0.148717878871045,6.48776200497445,-0.0215104944654372,0.486607143204941,0.63292272406853,0.946111417208776,0.587577983526821,0.929539576772357,0.042,0.016,0.583333333333333,0.454545454545455,0.666666666666667
"87","RSV24",0.104454275122191,0.194345906666669,"Enterococcus (RSV24)",64,126,50.8,0.5,1.4,14,28,50,0.6,2,1,1,0.799999999999997,TRUE,13,1,28,"ns",4.07340157856486,4.28888906352366,2.79970881133255,-0.468395387060788,8.61232166676538,-0.0536729578637018,0.46569994512086,0.549424671935446,0.940199155866428,0.574049158966406,0.943824595811986,0.566,0.649,0.583333333333333,0.454545454545455,0.666666666666667
"88","RSV25",0.0657469595448928,0.129432845585545,"Enterococcus (RSV25)",48,126,38.1,0.5,3.9,12,28,42.9,0.3,0.5,0.672118403289941,1,-4.8,FALSE,22,0,28,"ns",1.41128801462005,1.36586315028722,1.63107033518494,1.06668598052743,9.17611073549499,0.111937074358215,0.441717792942608,0.454403719897969,0.911039993963057,0.406931616261247,0.911678568514999,0.547,0.315,0.583333333333333,0.454545454545455,0.666666666666667
"89","RSV253",0.0227940690211051,0.0445299854166258,"Clostridioides (RSV253)",26,126,20.6,0.3,1.2,6,28,21.4,0.2,0.8,1,1,-0.799999999999997,FALSE,66,0,28,"ns",0.0593039359012817,0.0648510948535108,0.0288370979152308,0.162093774190927,8.17090598618562,0.0206658386853211,0.487165178904716,0.687432303769196,0.950170549015179,0.578642745739205,0.938891623423716,0.301,0.297,0.583333333333333,0.454545454545455,0.666666666666667
"90","RSV255",0.0139086485166913,0.027049806447942,"Klebsiella (RSV255)",10,126,7.9,0.1,0.5,3,28,10.7,0,0,0.706217431718574,1,-2.8,FALSE,98,0,28,"ns",-0.622687347522417,-0.604853001585072,-0.690994026588132,-0.0240049473792876,5.88835915861884,-0.00459381693419068,0.497767857200783,0.594240887374532,0.943330977861083,0.535961011344919,0.93639545926753,0.05,0.009,0.583333333333333,0.454545454545455,0.666666666666667
"91","RSV26",0.122595189971086,0.227800356183815,"Klebsiella (RSV26)",87,126,69,0.6,1.4,19,28,67.9,0.2,0.3,1,1,1.09999999999999,TRUE,7,1,28,"ns",7.40535924207514,7.27943578960349,8.25864583228865,-0.112764452954135,8.49940682590848,-0.0141159617503795,0.493303571602377,0.750679772112565,0.968222021870872,0.790818783484587,0.965429071359085,0.71,0.247,0.583333333333333,0.454545454545455,0.666666666666667
"92","RSV261",0.00932874309678169,0.0213584821595102,"Bacteroides (RSV261)",0,126,0,0,0,2,28,7.1,0.3,1.7,0.0320855614973262,0.729896510895418,-7.1,FALSE,141,0,28,"ns",-0.901840860330788,-0.934581942229121,-0.76940675365627,0.260847512218135,4.7079824203241,0.0378743936176859,0.467930842998682,0.383051754430137,0.878524500078478,0.48000624891478,0.921487529389746,0,0.354,0.583333333333333,0.454545454545455,0.666666666666667
"93","RSV263",0.0157666688659794,0.0312060068680115,"Acinetobacter (RSV263)",11,126,8.7,0,0,3,28,10.7,0,0,0.720455121197934,1,-2,FALSE,88,0,28,"ns",-0.551262343958399,-0.553258270031559,-0.52248443668606,-0.000563292934961268,5.30745465405735,2.20251425822801e-05,0.5,0.586810012259127,0.933728748974599,0.572805432036066,0.936259436935878,0.005,0.003,0.583333333333333,0.454545454545455,0.666666666666667
"94","RSV264",0.0121176585451863,0.0284320777495609,"Veillonella (RSV264)",10,126,7.9,0,0.2,0,28,0,0,0,0.209692080799096,0.729896510895418,7.9,TRUE,106,0,28,"ns",-0.644653195416232,-0.564603491502139,-0.977246774002253,-0.587276223879813,4.82604063348397,-0.102156394377805,0.443948690818881,0.288453686008438,0.817235210225268,0.392638439646828,0.882085471630731,0.033,0,0.583333333333333,0.454545454545455,0.666666666666667
"95","RSV2659",0.0058615302496861,0.0125355596352117,"Anaerococcus (RSV2659)",2,126,1.6,0,0,2,28,7.1,0,0,0.151332797766275,0.729896510895418,-5.5,FALSE,180,0,28,"ns",-0.865212732153573,-0.877118805123885,-0.810475139740975,0.104948894317809,4.54485872447178,0.0230064272667356,0.491071428803202,0.523021499952779,0.901094369651768,0.517449955467532,0.917765138108649,0,0.001,0.583333333333333,0.454545454545455,0.666666666666667
"96","RSV267",0.00462712916176971,0.0105239897753664,"Citrobacter (RSV267)",6,126,4.8,0,0.1,2,28,7.1,0,0,0.637512900118173,1,-2.3,FALSE,199,0,28,"ns",-0.683896799963895,-0.679348992247411,-0.699222099853708,-0.0615186094821771,5.00803146101442,-0.00917887604924609,0.493861607302174,0.546747777253701,0.92440346274321,0.526100216069952,0.924853635834853,0.013,0.009,0.583333333333333,0.454545454545455,0.666666666666667
"97","RSV278",0.0168940498000094,0.0331954044111783,"Enterococcus (RSV278)",13,126,10.3,0.1,0.6,4,28,14.3,0.1,0.4,0.515017804741792,1,-4,FALSE,80,0,28,"ns",-0.467733641502434,-0.495869068851464,-0.341946140678782,0.232550656522781,6.66868391175597,0.0272943365051533,0.481873954737063,0.55526674652936,0.920412732324361,0.526311814770223,0.922307243671227,0.086,0.141,0.583333333333333,0.454545454545455,0.666666666666667
"98","RSV28",0.0288292447812596,0.0678931484353987,"Bacteroides (RSV28)",19,126,15.1,1,6.2,2,28,7.1,0,0.1,0.369525878942707,0.848691304384899,8,TRUE,52,0,28,"ns",-0.359446452600615,-0.266069408816401,-0.764361613714801,-0.670987883911994,6.21423766503454,-0.0883505295924821,0.444196430037814,0.332031867635897,0.859482398325344,0.413772948340964,0.896287428931751,1.079,0.042,0.583333333333333,0.454545454545455,0.666666666666667
"99","RSV282",0.0100773709873419,0.020566722239186,"Libanicoccus (RSV282)",5,126,4,0,0.1,2,28,7.1,0,0.1,0.611459139814167,1,-3.1,FALSE,130,0,28,"ns",-0.770414620801523,-0.742660381484189,-0.882167461352994,-0.0880199973942286,5.18529086182784,-0.0146402746694964,0.492187500202786,0.595672127042203,0.932065951332577,0.55222467389276,0.931574005591626,0.014,0.021,0.583333333333333,0.454545454545455,0.666666666666667
"100","RSV284",0.0155367179973178,0.0333606441402448,"Haemophilus (RSV284)",10,126,7.9,0,0,1,28,3.6,0,0,0.690062132318286,1,4.3,TRUE,90,0,28,"ns",-0.645395643649481,-0.620609755284029,-0.790863447804616,-0.210667433300632,5.07121316929658,-0.0374334883612989,0.48381696470611,0.537487557767874,0.922476246312833,0.514161198338261,0.925000123754478,0.001,0.003,0.583333333333333,0.454545454545455,0.666666666666667
"101","RSV286",0.00768006262675502,0.0180163885393207,"Raoultella (RSV286)",9,126,7.1,0,0.1,2,28,7.1,0,0.1,1,1,0,FALSE,158,0,28,"ns",-0.615694197115205,-0.621715621077763,-0.59405965352401,0.0557397117413689,5.13568573407295,0.00911957672279589,0.495817066477649,0.557858606541979,0.923334818533099,0.515352023929958,0.914228956713448,0.017,0.016,0.583333333333333,0.454545454545455,0.666666666666667
"102","RSV289",0.0256871443056436,0.065296882289651,"Streptococcus (RSV289)",23,126,18.3,0,0.2,3,28,10.7,0,0.1,0.415128517051496,0.8944521656058,7.6,TRUE,60,0,28,"ns",-0.207821016306774,-0.106632892481022,-0.602639013617081,-0.731107428936053,5.62785048170402,-0.117529920648619,0.435825894550374,0.356627769162291,0.857324821815576,0.391033085284416,0.878059749607869,0.034,0.026,0.583333333333333,0.454545454545455,0.666666666666667
"103","RSV29",0.125677263726601,0.23281027655314,"Klebsiella (RSV29)",84,126,66.7,0.7,2.1,23,28,82.1,0.3,0.5,0.11900346185655,0.729896510895418,-15.4,FALSE,5,1,28,"ns",7.38186535302395,7.1474912255056,8.32785559176071,0.77238924677274,7.68692938400891,0.0965942539752896,0.448102679932848,0.307329173789352,0.876741977353518,0.399640709036016,0.925309367654687,0.796,0.344,0.583333333333333,0.454545454545455,0.666666666666667
"104","RSV291",0.0349696318042452,0.0666376868026506,"Rothia (RSV291)",15,126,11.9,0,0,6,28,21.4,0,0,0.221725103350399,0.729896510895418,-9.5,FALSE,43,0,28,"ns",-0.414789892904194,-0.489585189984857,-0.095649484072883,0.600303481287,5.95774177438016,0.0950057868521065,0.448660715632181,0.416972783232161,0.888372012140542,0.442895326885972,0.910115041955988,0.006,0.006,0.583333333333333,0.454545454545455,0.666666666666667
"105","RSV295",0.007164718279461,0.0144659763897286,"Megamonas (RSV295)",5,126,4,0,0.2,2,28,7.1,0.1,0.4,0.611459139814167,1,-3.1,FALSE,166,0,28,"ns",-0.733252976809975,-0.757642389570863,-0.641512247314216,0.187612629137039,5.12528373747797,0.0269026436963644,0.482431679206655,0.519660940547618,0.909377669095194,0.486619585107391,0.910496234619964,0.029,0.085,0.583333333333333,0.454545454545455,0.666666666666667
"106","RSV298",0.0107986012083429,0.0251512528431986,"Parabacteroides (RSV298)",5,126,4,0.2,2.2,2,28,7.1,0,0,0.611459139814167,1,-3.1,FALSE,119,0,28,"ns",-0.753020791181736,-0.755420627080143,-0.745332190585845,0.0649240979973129,4.98828162344223,0.00907432190112952,0.496093750101374,0.579443494085652,0.923485574289477,0.540861240973313,0.92734646789216,0.304,0.009,0.583333333333333,0.454545454545455,0.666666666666667
"107","RSV3",0.134631998171431,0.247481425922048,"Streptococcus (RSV3)",119,126,94.4,7.4,8.9,27,28,96.4,6.9,12.3,1,1,-2,FALSE,4,1,28,"ns",12.9895345268029,13.0494248398369,12.8777124053443,-0.515721287769926,4.55145448878544,-0.089884154227969,0.438929170597533,0.802488899599679,0.972437030311714,0.462814818075781,0.932605745011906,7.797,7.381,0.583333333333333,0.454545454545455,0.666666666666667
"108","RSV30",0.0917450300107287,0.183825672231491,"Rothia (RSV30)",72,126,57.1,0.3,0.6,12,28,42.9,0.1,0.2,0.2094107987641,0.729896510895418,14.2,TRUE,14,1,28,"ns",5.93827887865374,6.47907829826036,1.34295149518073,-1.56422204053514,9.64135535015213,-0.170151350568903,0.399330733338811,0.16231058945386,0.82114609660026,0.139977316535114,0.838710511946649,0.302,0.107,0.583333333333333,0.454545454545455,0.666666666666667
"109","RSV306",0.0105673293517091,0.0207778463423457,"Enterococcus (RSV306)",8,126,6.3,0.1,0.7,3,28,10.7,0.1,0.6,0.421449313660801,0.898805168929667,-4.4,FALSE,126,0,28,"ns",-0.608206279427408,-0.618307227806765,-0.548139487137171,0.194043697412383,5.73574419049406,0.0276414048281703,0.479352679108148,0.547884777414577,0.931322845423555,0.548604268374665,0.932785914459508,0.086,0.164,0.583333333333333,0.454545454545455,0.666666666666667
"110","RSV31",0.00535798269069331,0.0126159924737195,"Bacteroides (RSV31)",6,126,4.8,0.2,1.9,2,28,7.1,0.1,0.4,0.637512900118173,1,-2.3,FALSE,189,0,28,"ns",-0.742545757913511,-0.751702096362663,-0.674252842076413,0.126079879271163,5.24452570902274,0.0202661590797865,0.48800892390275,0.571770075148843,0.931594496778913,0.519905263581596,0.925359510911355,0.237,0.076,0.583333333333333,0.454545454545455,0.666666666666667
"111","RSV3119",0.00594135010653189,0.0139453293253474,"Dermabacter (RSV3119)",5,126,4,0,0.1,2,28,7.1,0,0,0.611459139814167,1,-3.1,FALSE,179,0,28,"ns",-0.782796395727962,-0.783814737009273,-0.772857428145993,0.0525932546408363,4.84308683792078,0.0101898427904536,0.493586168599077,0.505235626177525,0.913459813555884,0.485105361016414,0.915677190219315,0.008,0.001,0.583333333333333,0.454545454545455,0.666666666666667
"112","RSV314",0.00885951144679041,0.0174405978601578,"Streptococcus (RSV314)",5,126,4,0,0.1,2,28,7.1,0,0.1,0.611459139814167,1,-3.1,FALSE,148,0,28,"ns",-0.81734750225201,-0.827897215889061,-0.775463124026437,0.151791111231393,5.10937203935297,0.0242977010997813,0.4854910718054,0.551147740951778,0.910299166572969,0.526347026937436,0.922905955009663,0.007,0.021,0.583333333333333,0.454545454545455,0.666666666666667
"113","RSV315",0.0107857117784418,0.0231501743283731,"Lactobacillus (RSV315)",7,126,5.6,0.1,0.7,3,28,10.7,0.1,0.3,0.389993883432805,0.857986543552172,-5.1,FALSE,120,0,28,"ns",-0.688768378843292,-0.728745216979098,-0.479690275084975,0.365698712034922,5.65754191539492,0.0518994433819096,0.468191965114497,0.477241150254264,0.905395121232693,0.538845859350357,0.914247502265164,0.099,0.114,0.583333333333333,0.454545454545455,0.666666666666667
"114","RSV322",0.0202492876332286,0.0524462976664002,"Senegalimassilia (RSV322)",10,126,7.9,0.1,0.4,1,28,3.6,0.1,0.6,0.690062132318286,1,4.3,TRUE,71,0,28,"ns",-0.690273611955176,-0.65479829112313,-0.82725636667638,-0.218985822724045,5.25311885565996,-0.0318097197436571,0.479643056858729,0.547487263003685,0.928690108899217,0.464576677987725,0.909446921790581,0.076,0.162,0.583333333333333,0.454545454545455,0.666666666666667
"115","RSV323",0.00707502311197331,0.0162411516230149,"Rothia (RSV323)",5,126,4,0,0,2,28,7.1,0,0,0.611459139814167,1,-3.1,FALSE,167,0,28,"ns",-0.760108472600185,-0.767490274747457,-0.73263962392673,-0.0849153717555069,5.09358420197442,-0.0142525367191571,0.494143893068718,0.538519280262488,0.923085197102383,0.520756997119532,0.91766339548765,0.006,0.006,0.583333333333333,0.454545454545455,0.666666666666667
"116","RSV324",0.0218103737578985,0.0429148594215476,"Enterococcus (RSV324)",11,126,8.7,0.1,0.4,6,28,21.4,0.4,1.1,0.0875131899846018,0.729896510895418,-12.7,FALSE,68,0,28,"ns",-0.548354854170013,-0.651439464326231,-0.0630867510176945,0.961221086771276,6.98116981310238,0.117347084329456,0.425543783345779,0.233540007882652,0.807566064061128,0.341899384443586,0.862612437137844,0.081,0.456,0.583333333333333,0.454545454545455,0.666666666666667
"117","RSV33",0.0537018266018658,0.106306463825048,"unassigned Firmicutes (RSV33)",24,126,19,0.5,2.1,10,28,35.7,1.6,4.9,0.0760215767775694,0.729896510895418,-16.7,FALSE,30,0,28,"ns",0.0439270410446539,-0.0882596060046108,0.860411782931218,1.34491546290669,9.3107043609242,0.142032885967538,0.416620191849467,0.158712908128714,0.804264360379796,0.23240800469628,0.854522781751373,0.564,1.746,0.583333333333333,0.454545454545455,0.666666666666667
"118","RSV3303",0.00687786658501027,0.0158943274178063,"Clostridium_sensu_stricto_1 (RSV3303)",1,126,0.8,0,0,2,28,7.1,0,0.1,0.085280045032367,0.729896510895418,-6.3,FALSE,172,0,28,"ns",-0.868434472850145,-0.895035105558811,-0.7597596590071,0.18107022441254,4.80551987318587,0.0313010214061032,0.478236607708696,0.416724707793403,0.877567769229879,0.497168922225793,0.916951526329576,0.001,0.019,0.583333333333333,0.454545454545455,0.666666666666667
"119","RSV333",0.00659882035515063,0.0141005352009596,"Enterobacter (RSV333)",8,126,6.3,0,0.1,1,28,3.6,0,0,1,1,2.7,TRUE,173,0,28,"ns",-0.679215006276157,-0.633221195866643,-0.939948789983072,-0.25301990685136,4.87478958080176,-0.0487233686991086,0.475446429210142,0.500066264100752,0.908075514387252,0.50831816315237,0.907659466821375,0.017,0.001,0.583333333333333,0.454545454545455,0.666666666666667
"120","RSV338",0.00524100474027551,0.012102100502963,"Morganella (RSV338)",7,126,5.6,0,0.2,1,28,3.6,0,0,1,1,2,TRUE,192,0,28,"ns",-0.71504488658273,-0.679620869800015,-0.822810230508715,-0.211131632381812,5.00213214135088,-0.0304165901174347,0.479085332389155,0.508403980955389,0.910506785927504,0.499655357371286,0.908464690431674,0.029,0.009,0.583333333333333,0.454545454545455,0.666666666666667
"121","RSV34",0.0331745529108994,0.0804711822414876,"Streptococcus (RSV34)",27,126,21.4,0.6,2.4,5,28,17.9,0,0.2,0.8003128345057,1,3.5,TRUE,46,0,28,"ns",0.0693784114679836,0.130234932483505,-0.161397370967268,-0.500278456866187,7.53419887779646,-0.0614983162011439,0.45956497595743,0.528573106668506,0.93219571963961,0.56804278028286,0.934626612532213,0.624,0.049,0.583333333333333,0.454545454545455,0.666666666666667
"122","RSV340",0.0217645298938525,0.0491071451670743,"Klebsiella (RSV340)",15,126,11.9,0.1,0.6,1,28,3.6,0,0.1,0.307210610267863,0.805913673617302,8.3,TRUE,69,0,28,"ns",-0.517826599574375,-0.435634876192905,-0.858915902268818,-0.457467395981821,5.43997432403373,-0.0678678083910662,0.455103180202807,0.398506273974172,0.88542287653693,0.439457243490426,0.899791639393263,0.102,0.03,0.583333333333333,0.454545454545455,0.666666666666667
"123","RSV346",0.0069039428888122,0.0158176917958419,"Haemophilus (RSV346)",2,126,1.6,0,0,2,28,7.1,0,0,0.151332797766275,0.729896510895418,-5.5,FALSE,171,0,28,"ns",-0.826510404328928,-0.794471030939405,-0.927318670517833,0.0209499662096757,4.6264893900246,0.00371497309828039,0.497767857200783,0.516826161485261,0.919771232818236,0.501084001491979,0.917493066811327,0,0.001,0.583333333333333,0.454545454545455,0.666666666666667
"124","RSV35",0.122840787475147,0.236423865367576,"Gemella (RSV35)",76,126,60.3,0,0.1,15,28,53.6,0,0.1,0.530346607444429,1,6.7,TRUE,6,1,28,"ns",4.24538633891579,4.32579246107277,4.01545928981571,-0.523651195260316,6.19561090045597,-0.0735552899081882,0.463469047243147,0.687210314508193,0.95969551961755,0.564982907399202,0.943063413952598,0.048,0.042,0.583333333333333,0.454545454545455,0.666666666666667
"125","RSV350",0.0103116699635123,0.0204045813053452,"Klebsiella (RSV350)",8,126,6.3,0.1,0.4,2,28,7.1,0,0,1,1,-0.8,FALSE,127,0,28,"ns",-0.653420048153768,-0.631610333644138,-0.775856797115932,-0.206001623533849,5.36610546835998,-0.0333973933104507,0.482989403676251,0.57841302660688,0.932885169258707,0.514947198750813,0.923553636775564,0.054,0.011,0.583333333333333,0.454545454545455,0.666666666666667
"126","RSV351",0.00499050386636552,0.0104163080268977,"Megamonas (RSV351)",3,126,2.4,0,0.1,2,28,7.1,0.1,0.3,0.224137609668539,0.729896510895418,-4.7,FALSE,196,0,28,"ns",-0.842968649099385,-0.849227918300105,-0.822186348835039,0.0442915093637577,5.06029569076942,0.00691308404073182,0.495817066477649,0.473360640285029,0.901939667923271,0.516254701896367,0.903647210256777,0.015,0.064,0.583333333333333,0.454545454545455,0.666666666666667
"127","RSV356",0.0193191124204059,0.0415357703641914,"Lactobacillus (RSV356)",15,126,11.9,0,0.2,3,28,10.7,0,0,1,1,1.2,TRUE,73,0,28,"ns",-0.50466938235685,-0.498208780287571,-0.526606156482549,-0.090118215549845,5.8788036260226,-0.0130170245517948,0.492187500202786,0.526001599771979,0.929955569199886,0.53578101611226,0.93211184388863,0.047,0.01,0.583333333333333,0.454545454545455,0.666666666666667
"128","RSV36",0.0353906217480216,0.0701430578703502,"Bacteroides (RSV36)",8,126,6.3,0.2,1.1,5,28,17.9,0,0.1,0.0619357492486308,0.729896510895418,-11.6,FALSE,42,0,28,"ns",-0.605496944344557,-0.68618799733952,-0.269919025922473,0.530470539849922,6.18195594522608,0.0746359462176628,0.460122700426795,0.509165054654014,0.910467100556337,0.481599636464178,0.909149107665851,0.247,0.029,0.583333333333333,0.454545454545455,0.666666666666667
"129","RSV362",0.0196745648949549,0.0485806690426504,"Atopobium (RSV362)",15,126,11.9,0,0,2,28,7.1,0,0,0.73947237444807,1,4.8,TRUE,72,0,28,"ns",-0.468840295348208,-0.386528971581248,-0.828633177373291,-0.49774605567338,5.53032265301999,-0.0788493645787579,0.454545455733518,0.380627943109517,0.868729478672993,0.43182626456823,0.882994780774849,0.014,0.003,0.583333333333333,0.454545454545455,0.666666666666667
"130","RSV365",0.00691081590178191,0.0160095311335106,"Bacteroides (RSV365)",1,126,0.8,0,0,2,28,7.1,0,0.2,0.085280045032367,0.729896510895418,-6.3,FALSE,170,0,28,"ns",-0.88088862866159,-0.899229774142347,-0.759785588981496,0.170688774001022,4.72476434598863,0.0288463960142492,0.48437500040587,0.472117959221323,0.880357762879974,0.452678046841373,0.894376376109832,0.001,0.049,0.583333333333333,0.454545454545455,0.666666666666667
"131","RSV366",0.0118470735431846,0.0234890293071,"Veillonella (RSV366)",6,126,4.8,0,0.1,3,28,10.7,0.2,0.9,0.210318128724907,0.729896510895418,-5.9,FALSE,110,0,28,"ns",-0.778858830133789,-0.820917385050608,-0.567698289254242,0.45301859437032,5.75041269406893,0.0556248615617692,0.459821429620852,0.429887253177328,0.899558654137634,0.533682643083351,0.921991760881345,0.014,0.236,0.583333333333333,0.454545454545455,0.666666666666667
"132","RSV3666",0.0116049305347077,0.0237237825112405,"Corynebacterium_1 (RSV3666)",13,126,10.3,0,0,3,28,10.7,0,0,1,1,-0.399999999999999,FALSE,112,0,28,"ns",-0.4193210369148,-0.436248633170729,-0.360819327121423,0.106223647525141,5.29019758825064,0.0180137782919715,0.491629464502993,0.549352807415758,0.921716126038466,0.544573803672831,0.926842859684075,0.003,0.003,0.583333333333333,0.454545454545455,0.666666666666667
"133","RSV376",0.00309792479493571,0.00680972099674703,"Lachnoclostridium (RSV376)",4,126,3.2,0,0.1,2,28,7.1,0,0.1,0.299263380339498,0.805913673617302,-3.9,FALSE,207,0,28,"ns",-0.783938389950551,-0.806605746859844,-0.637062798653057,0.228714927727587,4.98416483298749,0.0379026083333558,0.477120536309261,0.504243395677754,0.901008569914152,0.480542967170257,0.900122056103248,0.015,0.032,0.583333333333333,0.454545454545455,0.666666666666667
"134","RSV38",0.0616559551072685,0.117988927086923,"Streptococcus (RSV38)",46,126,36.5,0.2,0.5,10,28,35.7,0.3,0.7,1,1,0.799999999999997,TRUE,24,0,28,"ns",0.963788825076167,1.01252231811111,0.757895502002615,-0.246949594885596,9.52055251944313,-0.0267453923853216,0.486893474963509,0.771564118868505,0.966550857692367,0.714560311879081,0.959322969181988,0.199,0.298,0.583333333333333,0.454545454545455,0.666666666666667
"135","RSV387",0.0144460469921591,0.04562117067598,"Senegalimassilia (RSV387)",8,126,6.3,0.1,0.4,0,28,0,0,0,0.352054308961234,0.845739661757448,6.3,TRUE,95,0,28,"ns",-0.741271182286368,-0.674055749071545,-0.984654744011134,-0.511261152765616,4.73244910792478,-0.0882128514421795,0.448660715632181,0.341757525232018,0.844735068758167,0.425687675599714,0.894934536546348,0.077,0,0.583333333333333,0.454545454545455,0.666666666666667
"136","RSV3893",0.0125963393607697,0.0273424535110761,"Eggerthella (RSV3893)",2,126,1.6,0,0,3,28,10.7,0,0.1,0.0421255799128802,0.729896510895418,-9.1,FALSE,105,0,28,"ns",-0.7841642527245,-0.841927836004334,-0.51208486017914,0.392157365852803,5.13395452446235,0.0686119646683626,0.457589286822833,0.328249003429933,0.8456684745946,0.423616252146818,0.8981360822711,0,0.017,0.583333333333333,0.454545454545455,0.666666666666667
"137","RSV39",0.00740871151944719,0.0150447264107453,"Veillonella (RSV39)",10,126,7.9,0.2,1.4,2,28,7.1,1.1,5.7,1,1,0.800000000000001,TRUE,161,0,28,"ns",-0.614348667399648,-0.583014579518778,-0.71415399894923,-0.218097016705009,5.71215174873493,-0.0277717731864701,0.481873954737063,0.645763067979673,0.954876685351232,0.526432390074604,0.927849295384289,0.255,1.533,0.583333333333333,0.454545454545455,0.666666666666667
"138","RSV4",0.116335402621344,0.226546724068776,"Streptococcus (RSV4)",105,126,83.3,0.3,0.7,24,28,85.7,0.1,0.2,1,1,-2.40000000000001,FALSE,10,1,28,"ns",7.08518861565789,7.08147316123005,7.13443299395742,-0.374847873477798,5.47567645834285,-0.0579997953788016,0.465959822316038,0.75195808433365,0.966607176303177,0.615017403636241,0.948870604398999,0.29,0.138,0.583333333333333,0.454545454545455,0.666666666666667
"139","RSV40",0.00954827653023827,0.0204176796820067,"Prevotella_9 (RSV40)",4,126,3.2,0,0.1,2,28,7.1,0,0,0.299263380339498,0.805913673617302,-3.9,FALSE,136,0,28,"ns",-0.816060497787497,-0.818908899432692,-0.79775810682129,0.174094157181356,5.04316462331018,0.0298735854859811,0.485778026024278,0.593132369648978,0.927347588059868,0.552629162002138,0.917491449155843,0.017,0.016,0.583333333333333,0.454545454545455,0.666666666666667
"140","RSV409",0.0155963955334803,0.0325655208847878,"Streptococcus (RSV409)",0,126,0,0,0,3,28,10.7,0,0.2,0.0054883197298058,0.573529411764706,-10.7,FALSE,89,0,28,"ns",-0.92125319689131,-0.978439366540606,-0.627497411955357,0.566103031015352,4.99840862753591,0.0986706408540042,0.440848215842511,0.274935109380351,0.809545421320375,0.392210829483847,0.872017525271009,0,0.042,0.583333333333333,0.454545454545455,0.666666666666667
"141","RSV41",0.0120518872475004,0.0249701830051055,"Dialister (RSV41)",3,126,2.4,0,0.4,2,28,7.1,0,0,0.224137609668539,0.729896510895418,-4.7,FALSE,107,0,28,"ns",-0.828921840364361,-0.84959354863974,-0.737514769270343,0.274417564233138,4.7405774642742,0.0511153146383874,0.472098215012037,0.54886672035245,0.919546194494261,0.522051223066372,0.923400134119814,0.059,0,0.583333333333333,0.454545454545455,0.666666666666667
"142","RSV42",0.0160644080723067,0.0310562427362186,"Bacteroides (RSV42)",12,126,9.5,0.3,2,3,28,10.7,0.1,0.6,0.737350690795861,1,-1.2,FALSE,84,0,28,"ns",-0.577529299723761,-0.54923434383203,-0.693145404330572,-0.0747680552851264,5.74087845864082,-0.0101448718255393,0.492745535902581,0.655179223900313,0.950745290828821,0.537316248019506,0.932066817074327,0.334,0.12,0.583333333333333,0.454545454545455,0.666666666666667
"143","RSV43",0.0323912667513106,0.0594440730382884,"Veillonella (RSV43)",25,126,19.8,0.6,2.4,6,28,21.4,0.9,2.8,0.799770206338596,1,-1.6,FALSE,48,0,28,"ns",-0.0311548174333982,-0.0317661653277117,-0.0298809921163645,0.174948042959026,9.0536713080782,0.0210594969544682,0.490797546250891,0.718486061660067,0.958544565990651,0.626941158253104,0.946353515489675,0.674,1,0.583333333333333,0.454545454545455,0.666666666666667
"144","RSV44",0.0071754465808064,0.0157910449994344,"Streptococcus (RSV44)",12,126,9.5,0.5,2.8,1,28,3.6,0,0,0.464775435947057,0.943088020513931,5.9,TRUE,165,0,28,"ns",-0.560519297103793,-0.480713040986537,-0.896504400803417,-0.624151975274211,5.59120312696269,-0.0959333769359474,0.435825894550374,0.262528582084089,0.812697838356057,0.396925633387905,0.884491898062406,0.5,0.007,0.583333333333333,0.454545454545455,0.666666666666667
"145","RSV444",0.00896093250616725,0.027501770754183,"Senegalimassilia (RSV444)",9,126,7.1,0,0.1,0,28,0,0,0,0.365957923751222,0.848691304384899,7.1,TRUE,145,0,28,"ns",-0.726811518162931,-0.66140842179038,-1.01593840118599,-0.571760898291183,4.6713741322243,-0.104812061913943,0.441964287240898,0.350176688417152,0.831016722291991,0.435555063426511,0.891190371001782,0.022,0,0.583333333333333,0.454545454545455,0.666666666666667
"146","RSV45",0.0516403643060229,0.0976219092005695,"Streptococcus (RSV45)",41,126,32.5,0.2,0.7,10,28,35.7,0.2,0.5,0.825076257951149,1,-3.2,FALSE,33,0,28,"ns",0.658249148368084,0.642655652598601,0.75974046023258,-0.0277895662311263,9.58474631151482,-0.00194129809035899,0.497767857200783,0.726141833456472,0.961394485490029,0.689479491919705,0.953808579177683,0.249,0.233,0.583333333333333,0.454545454545455,0.666666666666667
"147","RSV4602",0.00695624285582041,0.0142610038871523,"Streptococcus (RSV4602)",5,126,4,0,0,2,28,7.1,0,0,0.611459139814167,1,-3.1,FALSE,169,0,28,"ns",-0.740831830901598,-0.735024239290823,-0.771121906807807,-0.0502549074867016,4.73512064586545,-0.00562850051448715,0.495817066477649,0.501389325053672,0.910507423197992,0.514079898352375,0.921730112070681,0.002,0.001,0.583333333333333,0.454545454545455,0.666666666666667
"148","RSV48",0.116345850097945,0.235460920129255,"Staphylococcus (RSV48)",62,126,49.2,0.2,0.3,14,28,50,0.2,0.5,1,1,-0.799999999999997,FALSE,9,1,28,"ns",3.15495906317245,3.10123441223579,3.98942311890709,-0.512319353298956,8.86240813182592,-0.0527305658539918,0.467930842998682,0.65783404452032,0.953032968681835,0.505820398779103,0.933583952233647,0.168,0.17,0.583333333333333,0.454545454545455,0.666666666666667
"149","RSV49",0.0287669005481247,0.0539928969311077,"Veillonella (RSV49)",24,126,19,0.2,0.9,5,28,17.9,0.3,1.2,1,1,1.1,TRUE,53,0,28,"ns",-0.12723692937694,-0.0525940832603631,-0.490773713513168,-0.510048839144684,7.66277507046976,-0.0621362456055647,0.467373118529216,0.610544749706239,0.946088761163441,0.526998459542783,0.927880465377193,0.211,0.359,0.583333333333333,0.454545454545455,0.666666666666667
"150","RSV5",0.0778841770417462,0.14599383250273,"Bifidobacterium (RSV5)",79,126,62.7,6.4,13.5,17,28,60.7,5.6,11,0.832937152488256,1,2,TRUE,16,1,28,"ns",7.57245916554931,7.54781154133279,8.061912280435,-0.0871876985626283,11.9938581698071,-0.00774548315141594,0.496651785801177,0.821391536608649,0.975801575567176,0.838049638234736,0.972236731131006,6.918,6.205,0.583333333333333,0.454545454545455,0.666666666666667
"151","RSV50",0.00704873623037027,0.0174720804112918,"Cutibacterium (RSV50)",7,126,5.6,0,0,1,28,3.6,0,0,1,1,2,TRUE,168,0,28,"ns",-0.727956871588836,-0.699804496579297,-0.849063881837104,-0.259077384042788,4.35271618181964,-0.0469375822584569,0.47656250060955,0.47261597112446,0.895583722174019,0.492334435276589,0.907806390291429,0,0,0.583333333333333,0.454545454545455,0.666666666666667
"152","RSV508",0.0270989312423004,0.0529945483093966,"Finegoldia (RSV508)",23,126,18.3,0,0,7,28,25,0,0,0.433252374305768,0.914643901312176,-6.7,FALSE,57,0,28,"ns",0.236040997560094,0.166580338049355,0.515415646917607,0.699452627050642,5.74823026111513,0.106914780395338,0.452566965527795,0.461076389146874,0.89752279374076,0.478327324223014,0.923748931176039,0.004,0.011,0.583333333333333,0.454545454545455,0.666666666666667
"153","RSV51",0.0543492577034268,0.106777807864896,"Enterobacter (RSV51)",34,126,27,0.4,2.9,4,28,14.3,0,0,0.225718880066768,0.729896510895418,12.7,TRUE,29,0,28,"ns",0.274726739658092,0.415820430052399,-0.351032021923221,-1.19240763192219,6.54077446410232,-0.168300966527962,0.421316966379413,0.165889285173931,0.780129367152494,0.262340094626048,0.851704438338707,0.39,0.004,0.583333333333333,0.454545454545455,0.666666666666667
"154","RSV511",0.00740243508393861,0.0164428564569378,"Veillonella (RSV511)",1,126,0.8,0,0,2,28,7.1,0.1,0.4,0.085280045032367,0.729896510895418,-6.3,FALSE,162,0,28,"ns",-0.872085489355948,-0.893227984853416,-0.748881553381132,0.0616866455683329,4.89158840331843,0.0103224170210599,0.491629464502993,0.453516541075216,0.898353068795005,0.497486696377938,0.910337260407874,0,0.074,0.583333333333333,0.454545454545455,0.666666666666667
"155","RSV516",0.0041252462917469,0.00910078486137305,"unassigned Firmicutes (RSV516)",3,126,2.4,0,0.2,2,28,7.1,0,0.1,0.224137609668539,0.729896510895418,-4.7,FALSE,202,0,28,"ns",-0.784948416219008,-0.798949921820963,-0.728382616096789,0.0832135892813799,4.84431283242863,0.0129600491055492,0.492470719659798,0.55300443330282,0.900574662126268,0.554195024388181,0.919065749766365,0.02,0.033,0.583333333333333,0.454545454545455,0.666666666666667
"156","RSV521",0.0115152729813999,0.0247294946692447,"Corynebacterium_1 (RSV521)",11,126,8.7,0,0,2,28,7.1,0,0,1,1,1.6,TRUE,114,0,28,"ns",-0.431314675602522,-0.478977547821412,-0.136065669835542,0.391528525199487,4.94091411283883,0.0654536392385146,0.45956497595743,0.530692866945323,0.898718599041918,0.462232238435565,0.912339636966244,0.001,0.001,0.583333333333333,0.454545454545455,0.666666666666667
"157","RSV524",0.0146740292231723,0.0474095595932016,"Enterobacter (RSV524)",13,126,10.3,0,0.1,0,28,0,0,0,0.127250656828496,0.729896510895418,10.3,TRUE,93,0,28,"ns",-0.55834725635383,-0.450659537830754,-0.960244386298356,-0.731949687657986,4.81185424094897,-0.135066698190175,0.429687501861443,0.270552647161875,0.795503463472722,0.317656137840658,0.843378030787828,0.011,0,0.583333333333333,0.454545454545455,0.666666666666667
"158","RSV53",0.135357768428001,0.25213044621248,"Klebsiella (RSV53)",34,126,27,0.1,0.5,16,28,57.1,0.1,0.1,0.0033665381367468,0.573529411764706,-30.1,FALSE,3,1,28,"ns",0.666689706999023,0.337115424276025,5.63838402964182,3.05658961098975,7.91006167285883,0.377860742597627,0.365513396619292,0.0788980755429067,0.670272464110962,0.0761024954891797,0.782158281954735,0.153,0.056,0.583333333333333,0.454545454545455,0.666666666666667
"159","RSV531",0.0058109198859236,0.0158635913900747,"unassigned Proteobacteria (RSV531)",8,126,6.3,0,0,1,28,3.6,0,0,1,1,2.7,TRUE,182,0,28,"ns",-0.624570022474279,-0.571598737915293,-0.850969649621605,-0.313623311737608,4.5736909719533,-0.0650484218867547,0.464843750916849,0.46035418786915,0.899003282363117,0.431541494683101,0.904865691302734,0.003,0,0.583333333333333,0.454545454545455,0.666666666666667
"160","RSV54",0.0732231320033107,0.143961974749504,"Klebsiella (RSV54)",50,126,39.7,0.4,1.8,8,28,28.6,0.1,0.6,0.388623829128764,0.857986543552172,11.1,TRUE,18,1,28,"ns",1.10117615444041,1.34999694036386,0.223020589595018,-1.34610892807955,7.76105875638835,-0.172107215642702,0.420524263128579,0.238429023322363,0.850519237338085,0.238636156543008,0.865889022703975,0.448,0.243,0.583333333333333,0.454545454545455,0.666666666666667
"161","RSV563",0.0131813017772962,0.0264762166452038,"Enterococcus (RSV563)",11,126,8.7,0,0.1,3,28,10.7,0.1,0.2,0.720455121197934,1,-2,FALSE,102,0,28,"ns",-0.544500902812289,-0.541553989428797,-0.557280458324193,0.111181072244236,6.00930818921256,0.0167988686138647,0.489124372842,0.585752858756179,0.932829270127254,0.538886001775907,0.924364001522384,0.026,0.062,0.583333333333333,0.454545454545455,0.666666666666667
"162","RSV565",0.00921462926353178,0.0209939317147553,"Lactobacillus (RSV565)",13,126,10.3,0,0.1,2,28,7.1,0,0,1,1,3.2,TRUE,144,0,28,"ns",-0.542565739344555,-0.504997464106227,-0.686971008483708,-0.293001319455829,5.38879691759765,-0.0496537276346272,0.47154017931237,0.540771325790454,0.927645821573223,0.524188100011508,0.924510113550203,0.018,0.009,0.583333333333333,0.454545454545455,0.666666666666667
"163","RSV568",0.0658525287981986,0.119119326239053,"Bifidobacterium (RSV568)",9,126,7.1,0,0.1,7,28,25,0.1,0.3,0.0112679321677878,0.729896510895418,-17.9,FALSE,21,0,28,"ns",-0.511764981009888,-0.6350550736247,0.162615576297345,1.09155998086878,8.35614286990946,0.135200490550401,0.41406250229799,0.127393002835953,0.722781091375612,0.249275267018486,0.820764114764891,0.04,0.159,0.583333333333333,0.454545454545455,0.666666666666667
"164","RSV569",0.00601169945921511,0.0127512322068779,"Streptococcus (RSV569)",4,126,3.2,0,0,2,28,7.1,0,0,0.299263380339498,0.805913673617302,-3.9,FALSE,178,0,28,"ns",-0.819295027644712,-0.823277533428071,-0.812648360927207,0.10481423440668,5.07464395607632,0.0175441737570681,0.489397321703838,0.562373749696448,0.922597495985138,0.549101620678541,0.926842838976683,0.006,0.007,0.583333333333333,0.454545454545455,0.666666666666667
"165","RSV57",0.00572834543390272,0.0178214805150266,"Klebsiella (RSV57)",8,126,6.3,0,0,0,28,0,0,0,0.352054308961234,0.845739661757448,6.3,TRUE,184,0,28,"ns",-0.563306109998601,-0.451221521673881,-1.0657110031905,-0.637203909645654,4.59064038857955,-0.125947266616719,0.433351925908331,0.299317295894884,0.812090928897601,0.325540526759325,0.845369515534832,0.005,0,0.583333333333333,0.454545454545455,0.666666666666667
"166","RSV579",0.00541868123033845,0.0114949255761761,"Senegalimassilia (RSV579)",3,126,2.4,0,0,2,28,7.1,0,0.1,0.224137609668539,0.729896510895418,-4.7,FALSE,188,0,28,"ns",-0.817905248994109,-0.8050883097696,-0.881030286940753,-0.00417835559388369,4.87558730492921,-0.00049774354134696,0.499163413295528,0.537781868147069,0.913713919294285,0.542087496391965,0.923568453810516,0.004,0.021,0.583333333333333,0.454545454545455,0.666666666666667
"167","RSV58",0.0134190317333606,0.0307712165612429,"Megasphaera (RSV58)",8,126,6.3,0.5,3.6,2,28,7.1,0.4,2.3,1,1,-0.8,FALSE,100,0,28,"ns",-0.655669101651529,-0.62126944696848,-0.838038178174228,-0.347976097293705,5.19083344040374,-0.049375865677856,0.460680424896168,0.610472550980456,0.939817475879605,0.555102415880445,0.930308419234809,0.726,0.928,0.583333333333333,0.454545454545455,0.666666666666667
"168","RSV580",0.0120433910486243,0.0310588232028406,"Actinomyces (RSV580)",7,126,5.6,0.2,1.6,1,28,3.6,0,0,1,1,2,TRUE,108,0,28,"ns",-0.745634709807854,-0.716312190831216,-0.883982872158729,-0.208257461211167,4.74959555283156,-0.0377990641494062,0.47796988345002,0.472897787147061,0.9053427796806,0.478629360201368,0.918910429189748,0.177,0,0.583333333333333,0.454545454545455,0.666666666666667
"169","RSV59",0.0149246416311089,0.0388433174906454,"Bacteroides (RSV59)",10,126,7.9,0.3,2.3,1,28,3.6,0,0,0.690062132318286,1,4.3,TRUE,92,0,28,"ns",-0.650236864593603,-0.582587895898282,-0.975377919906466,-0.530717086769281,5.11016371720045,-0.0906821075390104,0.453125001227207,0.355364697604774,0.866588399299445,0.396069778817371,0.88889109872152,0.408,0.005,0.583333333333333,0.454545454545455,0.666666666666667
"170","RSV6",0.0432860054804053,0.0829271500538984,"Bifidobacterium (RSV6)",42,126,33.3,2.6,9.4,8,28,28.6,1.4,4.2,0.823744658530708,1,4.7,TRUE,37,0,28,"ns",0.686009667575716,0.785520972193311,0.257544547261789,-0.399558102203562,11.4538121740195,-0.0363239940777636,0.478527607919586,0.674141780260088,0.956441726432904,0.603761552978884,0.940629266355345,2.917,1.452,0.583333333333333,0.454545454545455,0.666666666666667
"171","RSV60",0.0106281360044117,0.0300340431616382,"Veillonella (RSV60)",16,126,12.7,0.5,2.7,0,28,0,0,0,0.0447082050704563,0.729896510895418,12.7,TRUE,123,0,28,"ns",-0.486810656896321,-0.345687420583952,-1.04563893251022,-1.08267534681031,5.34052138780158,-0.16991107150115,0.408812049293899,0.0648256879729941,0.57895105320863,0.248258519037533,0.834591883957676,0.556,0,0.583333333333333,0.454545454545455,0.666666666666667
"172","RSV611",0.0246455532733511,0.0495578235695705,"Eggerthella (RSV611)",5,126,4,0,0.3,5,28,17.9,0,0.1,0.0183718346711035,0.729896510895418,-13.9,FALSE,63,0,28,"ns",-0.656943451883071,-0.744368137570374,-0.190812047212084,0.71558212878969,6.27322064529237,0.100993393947338,0.442833241880721,0.219690457356963,0.798219307655364,0.339768626073648,0.869370790338964,0.035,0.055,0.583333333333333,0.454545454545455,0.666666666666667
"173","RSV6403",0.00630382095767503,0.0136340895602523,"Lactobacillus (RSV6403)",1,126,0.8,0,0,2,28,7.1,0,0,0.085280045032367,0.729896510895418,-6.3,FALSE,174,0,28,"ns",-0.85220408753532,-0.874172369527775,-0.730220833725348,0.176523414518089,4.5551053647048,0.0335563839073106,0.4815848219071,0.491945256648088,0.890664235944618,0.503766693256058,0.900885463919884,0,0.001,0.583333333333333,0.454545454545455,0.666666666666667
"174","RSV6416",0.00518095244986728,0.0122196707209986,"unassigned Proteobacteria (RSV6416)",11,126,8.7,0,0,1,28,3.6,0,0,0.695697366276136,1,5.1,TRUE,193,0,28,"ns",-0.497722427020667,-0.424428545748762,-0.835231029333652,-0.618673141425296,4.7677707955337,-0.106084373969243,0.443948690818881,0.360589480833485,0.858253614515642,0.39723174038642,0.893731505730963,0.006,0,0.583333333333333,0.454545454545455,0.666666666666667
"175","RSV646",0.0141603579131085,0.0404474985951251,"Klebsiella (RSV646)",9,126,7.1,0,0.3,0,28,0,0,0,0.365957923751222,0.848691304384899,7.1,TRUE,97,0,28,"ns",-0.695041935694242,-0.626048014411737,-1.03461172985501,-0.589781383835037,4.75848932228263,-0.106653694093927,0.440848215842511,0.329490035991982,0.840976439648026,0.408010755406752,0.882977461591043,0.041,0,0.583333333333333,0.454545454545455,0.666666666666667
"176","RSV65",0.0050838552087781,0.0108950646052077,"Parabacteroides (RSV65)",5,126,4,0.1,0.8,2,28,7.1,0.1,0.3,0.611459139814167,1,-3.1,FALSE,195,0,28,"ns",-0.764584450645817,-0.761363206310083,-0.781738322135514,0.0158091604067163,5.2466385881856,0.00221141107418754,0.498047964356233,0.565192148693382,0.92813451838113,0.514870479456812,0.916028801944379,0.143,0.077,0.583333333333333,0.454545454545455,0.666666666666667
"177","RSV664",0.00717566578174089,0.021856280705889,"Citrobacter (RSV664)",10,126,7.9,0,0.2,1,28,3.6,0,0.1,0.690062132318286,1,4.3,TRUE,164,0,28,"ns",-0.63719933296086,-0.532870481696989,-0.981757525684396,-0.406663614238814,5.22013201483286,-0.0591281936818087,0.462353598304333,0.476732498250201,0.912922700760672,0.435647210860789,0.900908574098489,0.047,0.016,0.583333333333333,0.454545454545455,0.666666666666667
"178","RSV6653",0.00525217076887484,0.0112214190318058,"Varibaculum (RSV6653)",0,126,0,0,0,2,28,7.1,0,0.1,0.0320855614973262,0.729896510895418,-7.1,FALSE,191,0,28,"ns",-0.892742877752205,-0.923064910804795,-0.743015972126869,0.170620400900784,4.56203591436118,0.029851694900165,0.482142857606847,0.460313187562155,0.892447117259527,0.495233718515252,0.91355656600044,0,0.034,0.583333333333333,0.454545454545455,0.666666666666667
"179","RSV671",0.0672228378505974,0.121860913245495,"Dolosigranulum (RSV671)",57,126,45.2,0,0,14,28,50,0,0,0.679576783810083,1,-4.8,FALSE,20,1,28,"ns",2.12336031702042,2.04682756547139,2.52210381378832,0.109579183242285,6.98511036165768,0.0137740253232434,0.493586168599077,0.694997763437654,0.957901207668086,0.7499137943102,0.961697897285841,0.021,0.02,0.583333333333333,0.454545454545455,0.666666666666667
"180","RSV685",0.0106218366394128,0.0236948518868309,"Proteus (RSV685)",7,126,5.6,0,0.1,3,28,10.7,0,0,0.389993883432805,0.857986543552172,-5.1,FALSE,124,0,28,"ns",-0.66842631146106,-0.69750774566714,-0.509135034931132,0.31324648524793,5.51505623511168,0.046838878052465,0.474888393510445,0.539572690330936,0.925755620104191,0.540830944866636,0.930232000550451,0.02,0.012,0.583333333333333,0.454545454545455,0.666666666666667
"181","RSV7",0.114463403240361,0.209594171847063,"Staphylococcus (RSV7)",97,126,77,0.5,1.4,18,28,64.3,0.1,0.4,0.228124536687503,0.729896510895418,12.7,TRUE,11,1,28,"ns",7.58662507029768,7.73087244904746,5.99079638643334,-1.51852120005602,7.74467651985862,-0.182476890763718,0.402343752634717,0.156288768490934,0.833033929594727,0.102335735828982,0.828331050057075,0.523,0.152,0.583333333333333,0.454545454545455,0.666666666666667
"182","RSV712",0.00571903565750232,0.0131975718759774,"Enterococcus (RSV712)",2,126,1.6,0,0,2,28,7.1,0,0.1,0.151332797766275,0.729896510895418,-5.5,FALSE,186,0,28,"ns",-0.838381031601314,-0.858273553769497,-0.739844825089085,0.115243972625636,4.79636198926123,0.0221762174696574,0.489124372842,0.463396022278054,0.899283324613479,0.469567682799524,0.908355344233319,0,0.026,0.583333333333333,0.454545454545455,0.666666666666667
"183","RSV74",0.0274476605712702,0.0581832460484817,"Escherichia/Shigella (RSV74)",21,126,16.7,0.4,1.6,5,28,17.9,0.2,0.8,1,1,-1.2,FALSE,55,0,28,"ns",-0.200550438367337,-0.177458147687959,-0.320935354240488,-0.333747753251748,8.15497199051178,-0.0379235716809563,0.477120536309261,0.666984978769323,0.955120422761917,0.561023343615756,0.93648990234125,0.47,0.271,0.583333333333333,0.454545454545455,0.666666666666667
"184","RSV747",0.00379052006275508,0.00857300826486029,"Tyzzerella_4 (RSV747)",2,126,1.6,0,0.3,2,28,7.1,0,0,0.151332797766275,0.729896510895418,-5.5,FALSE,204,0,28,"ns",-0.902585716145248,-0.917747855822347,-0.835494253210495,0.195365087415151,4.83920359468181,0.0382774741190786,0.479085332389155,0.490040664740984,0.89523953693037,0.488865294235182,0.910127770903969,0.028,0.005,0.583333333333333,0.454545454545455,0.666666666666667
"185","RSV75",0.00294482075324641,0.00723312307515501,"Bacteroides (RSV75)",7,126,5.6,0,0.4,1,28,3.6,0,0.1,1,1,2,TRUE,208,0,28,"ns",-0.756628448419153,-0.721168103349994,-0.929580853827796,-0.260933525710648,4.87717799841927,-0.0472571607349425,0.473772322111066,0.548037818164958,0.929533532773488,0.48822148177757,0.907441781464015,0.051,0.026,0.583333333333333,0.454545454545455,0.666666666666667
"186","RSV759",0.0112868066753626,0.02321256974318,"unassigned Patescibacteria (RSV759)",4,126,3.2,0,0,2,28,7.1,0,0,0.299263380339498,0.805913673617302,-3.9,FALSE,115,0,28,"ns",-0.786162158366123,-0.78845687377782,-0.770774093256207,0.027548523687404,4.79919465946832,0.00543220021009258,0.495817066477649,0.549479139085672,0.915739805020268,0.522744779288073,0.918601318108293,0.002,0.016,0.583333333333333,0.454545454545455,0.666666666666667
"187","RSV763",0.00470229858669611,0.0103681595805175,"Escherichia/Shigella (RSV763)",0,126,0,0,0,2,28,7.1,0,0.1,0.0320855614973262,0.729896510895418,-7.1,FALSE,198,0,28,"ns",-0.905968413608401,-0.929245295995552,-0.80231253043994,0.23944056134706,4.8444070696098,0.0428190814046739,0.476004464909844,0.440502661067869,0.869824365068633,0.447812168462883,0.903364009954144,0,0.017,0.583333333333333,0.454545454545455,0.666666666666667
"188","RSV768",0.00817898043514069,0.016122289897899,"Streptococcus (RSV768)",5,126,4,0,0,3,28,10.7,0,0,0.159483037149014,0.729896510895418,-6.7,FALSE,155,0,28,"ns",-0.761679064783719,-0.815035711315865,-0.457660198074025,0.421726208299805,4.88689656293245,0.0723574738108614,0.459263393921335,0.505488170651009,0.898589865926362,0.48906975449341,0.901016674111498,0.005,0.005,0.583333333333333,0.454545454545455,0.666666666666667
"189","RSV78",0.0112515439250352,0.0316064610016866,"Clostridium_sensu_stricto_1 (RSV78)",11,126,8.7,0.1,0.9,2,28,7.1,0.6,2.9,1,1,1.6,TRUE,116,0,28,"ns",-0.62230135840271,-0.605486467721777,-0.70505009880231,-0.251760974004593,5.51535501341048,-0.0357152844586878,0.477678572008976,0.632388527096794,0.94780196781586,0.564123764825586,0.931969379649462,0.156,0.614,0.583333333333333,0.454545454545455,0.666666666666667
"190","RSV79",0.0432322251848933,0.0836032642213059,"Lactobacillus (RSV79)",20,126,15.9,0.2,1,7,28,25,0.1,0.4,0.274696148255836,0.805913673617302,-9.1,FALSE,38,0,28,"ns",-0.198343075194208,-0.25195636331491,0.0593170042082996,0.510212859727607,8.04939963720884,0.0580363074852383,0.463469047243147,0.460596155619727,0.901154235209585,0.494758208533738,0.914026649233799,0.24,0.142,0.583333333333333,0.454545454545455,0.666666666666667
"191","RSV792",0.0491787041352873,0.0925823306371651,"Corynebacterium_1 (RSV792)",42,126,33.3,0,0,9,28,32.1,0,0,1,1,1.2,TRUE,34,0,28,"ns",0.790775944037101,0.900664919642951,0.309415343960945,-0.358103995681559,6.78723090573127,-0.0510881738831327,0.474330357810753,0.58045648737583,0.94009357203363,0.557019924713281,0.933822976483132,0.013,0.01,0.583333333333333,0.454545454545455,0.666666666666667
"192","RSV8",0.118471601295772,0.220463179637255,"Staphylococcus (RSV8)",102,126,81,0.7,1.2,21,28,75,0.5,1,0.44768541270504,0.926398527280726,6,TRUE,8,1,28,"ns",8.58966865852136,8.61336054577119,8.55134309434584,-0.784039992693907,7.68115514529587,-0.0982584802984106,0.447295037633627,0.494341574057355,0.936738901367957,0.469929932737779,0.933357184381601,0.697,0.539,0.583333333333333,0.454545454545455,0.666666666666667
"193","RSV807",0.0153989794732055,0.0315381686395151,"Corynebacterium_1 (RSV807)",6,126,4.8,0,0,3,28,10.7,0,0,0.210318128724907,0.729896510895418,-5.9,FALSE,91,0,28,"ns",-0.737460123062487,-0.765545166369501,-0.640644651139716,0.16290843184251,5.13418134705471,0.0291736543305915,0.486049107505169,0.516775905211286,0.908451843506338,0.519996865887082,0.916891529253476,0.001,0.002,0.583333333333333,0.454545454545455,0.666666666666667
"194","RSV815",0.00799192004101196,0.0180140569159925,"Enterococcus (RSV815)",4,126,3.2,0,0,3,28,10.7,0,0.1,0.113479379896449,0.729896510895418,-7.5,FALSE,156,0,28,"ns",-0.756560708129134,-0.822842740407285,-0.514951673422201,0.478505142589254,5.37229262394394,0.0810454077924483,0.456218629141411,0.416778388608115,0.868061307946078,0.464525204931363,0.904212260766084,0.004,0.028,0.583333333333333,0.454545454545455,0.666666666666667
"195","RSV818",0.0297485650220309,0.0563128869551736,"Rothia (RSV818)",12,126,9.5,0,0,6,28,21.4,0,0.1,0.100603714496719,0.729896510895418,-11.9,FALSE,51,0,28,"ns",-0.49196984261151,-0.56260431224702,-0.107605886732015,0.702094982411033,6.23894475102172,0.0982151720883368,0.443638394338568,0.351461682910473,0.862941489069028,0.418058746418752,0.895062242525923,0.005,0.024,0.583333333333333,0.454545454545455,0.666666666666667
"196","RSV84",0.0575033774061349,0.109655315194386,"Streptococcus (RSV84)",39,126,31,0.1,0.7,9,28,32.1,0,0.1,1,1,-1.1,FALSE,27,0,28,"ns",0.541111303369259,0.559659946572909,0.480216894334767,0.036302828840336,8.02351143564215,0.00469712986704999,0.49720982150098,0.699614537938182,0.958190190861166,0.675659883920124,0.954488160891561,0.115,0.045,0.583333333333333,0.454545454545455,0.666666666666667
"197","RSV844",0.00410250409909821,0.00965769632043293,"Flavonifractor (RSV844)",1,126,0.8,0,0,2,28,7.1,0.1,0.8,0.085280045032367,0.729896510895418,-6.3,FALSE,203,0,28,"ns",-0.85629314100132,-0.880983476070625,-0.743172551650465,0.144201282135251,4.76000818749729,0.0222387104390457,0.48800892390275,0.482454000616261,0.89952165862418,0.509089941771182,0.914093753954227,0.001,0.16,0.583333333333333,0.454545454545455,0.666666666666667
"198","RSV85",0.0112404279777459,0.0247813000346021,"Parabacteroides (RSV85)",10,126,7.9,0.1,0.7,1,28,3.6,0,0,0.690062132318286,1,4.3,TRUE,117,0,28,"ns",-0.664741467328467,-0.615341642176098,-0.931394779132132,-0.421717619198375,5.28482078098922,-0.0642124798076226,0.458147322522325,0.475229192191194,0.904348598289014,0.495614325869407,0.911188231659703,0.162,0.008,0.583333333333333,0.454545454545455,0.666666666666667
"199","RSV853",0.0095446599715998,0.0205817681743181,"Bifidobacterium (RSV853)",5,126,4,0,0.1,2,28,7.1,0,0,0.611459139814167,1,-3.1,FALSE,137,0,28,"ns",-0.730822555564242,-0.730475533097318,-0.73191796473359,0.138031794852102,5.03081781906743,0.0240906763393827,0.489682097311628,0.552901070758355,0.921460434247795,0.520806233466144,0.921333885038433,0.009,0.003,0.583333333333333,0.454545454545455,0.666666666666667
"200","RSV855",0.0167344717601298,0.0347444128317412,"Corynebacterium_1 (RSV855)",13,126,10.3,0,0,3,28,10.7,0,0,1,1,-0.399999999999999,FALSE,81,0,28,"ns",-0.530724078127198,-0.512908498638785,-0.626370124086643,-0.117063394852552,5.51039694533357,-0.0206579994403171,0.488566648372374,0.573210147895973,0.932098007296132,0.553599763669701,0.929550782164327,0.003,0.004,0.583333333333333,0.454545454545455,0.666666666666667
"201","RSV862",0.00952292066472579,0.0235972556591627,"Peptoniphilus (RSV862)",7,126,5.6,0,0,2,28,7.1,0.3,1.8,0.667616708926852,1,-1.5,FALSE,138,0,28,"ns",-0.684483241020132,-0.666318578046287,-0.772504431555074,-0.0774962178080996,4.82309817231141,-0.0136025724262474,0.493586168599077,0.573910252890892,0.928710164348167,0.520639217645563,0.918388280809193,0.002,0.429,0.583333333333333,0.454545454545455,0.666666666666667
"202","RSV88",0.00765938065291611,0.0164005931262739,"Bacteroides (RSV88)",6,126,4.8,0,0.3,2,28,7.1,0,0.2,0.637512900118173,1,-2.3,FALSE,159,0,28,"ns",-0.740030964384657,-0.742907788678798,-0.724128505740342,0.127246566099647,4.97561552079667,0.0186720166486353,0.488281250304272,0.56413591941345,0.923305561422725,0.554165590158722,0.925175584979128,0.042,0.051,0.583333333333333,0.454545454545455,0.666666666666667
"203","RSV881",0.0117417784412014,0.0236697936816592,"Lactobacillus (RSV881)",4,126,3.2,0,0.1,3,28,10.7,0,0.1,0.113479379896449,0.729896510895418,-7.5,FALSE,111,0,28,"ns",-0.779068452449142,-0.803069365460031,-0.65585139153521,0.161177759073652,5.26285629020008,0.0238035222856451,0.487723214604493,0.469509446200137,0.892745583331524,0.511472461336076,0.92076289991838,0.017,0.018,0.583333333333333,0.454545454545455,0.666666666666667
"204","RSV89",0.00841543460568211,0.0162174803103765,"Prevotella_9 (RSV89)",2,126,1.6,0,0.1,2,28,7.1,0,0,0.151332797766275,0.729896510895418,-5.5,FALSE,151,0,28,"ns",-0.847916548852016,-0.874898003447612,-0.713747181665925,0.263750533268688,4.82177710350418,0.0447437525653516,0.474330357810753,0.519811734746225,0.908733920533946,0.50407963771737,0.917729948325439,0.01,0.002,0.583333333333333,0.454545454545455,0.666666666666667
"205","RSV904",0.0418590567242563,0.0818894231775206,"Klebsiella (RSV904)",8,126,6.3,0,0,6,28,21.4,0,0,0.0224198743269422,0.729896510895418,-15.1,FALSE,39,0,28,"ns",-0.588639921332351,-0.678434995652843,-0.141886735561313,0.895962361381162,5.93917232115481,0.147949143660184,0.426101507814436,0.294719810537982,0.836851081574446,0.375267271800652,0.875993933421872,0.006,0.014,0.583333333333333,0.454545454545455,0.666666666666667
"206","RSV908",0.0145203402884533,0.0309953279834606,"Bifidobacterium (RSV908)",14,126,11.1,0.1,0.2,2,28,7.1,0,0.1,0.737980545254384,1,4,TRUE,94,0,28,"ns",-0.581877248638909,-0.554948624220344,-0.692692784133211,-0.21091528791832,6.14467404303467,-0.0330002175754692,0.477120536309261,0.526757989080257,0.920392246804831,0.501902744039057,0.91687293581514,0.066,0.035,0.583333333333333,0.454545454545455,0.666666666666667
"207","RSV915",0.00819556371499555,0.0158195028218073,"Cutibacterium (RSV915)",8,126,6.3,0,0.3,2,28,7.1,0,0.2,1,1,-0.8,FALSE,154,0,28,"ns",-0.714829798827466,-0.707720440269862,-0.758457834754582,-0.0778113211149716,5.29719632575911,-0.0115742802813489,0.492187500202786,0.571231892545811,0.937852215043048,0.559478427707159,0.922934672432759,0.042,0.046,0.583333333333333,0.454545454545455,0.666666666666667
"208","RSV94",0.0159915243285194,0.0343844732896355,"Clostridium_sensu_stricto_1 (RSV94)",15,126,11.9,0,0.1,1,28,3.6,0,0,0.307210610267863,0.805913673617302,8.3,TRUE,85,0,28,"ns",-0.501327077312419,-0.435609591931543,-0.788033568432137,-0.36968411765764,5.15550590145856,-0.0634897922256429,0.4712771898156,0.432160037299295,0.877933266248306,0.476641904769435,0.904806558571011,0.028,0.001,0.583333333333333,0.454545454545455,0.666666666666667
"209","RSV99",0.0258763851914231,0.049549712893799,"Staphylococcus (RSV99)",24,126,19,0.1,0.2,6,28,21.4,0,0.1,0.793822786724891,1,-2.4,FALSE,59,0,28,"ns",-0.133847374270418,-0.143440162143239,-0.0820343842791011,0.120627459176283,7.56448313014398,0.014739452209279,0.491629464502993,0.705747062652683,0.955782847607274,0.647959604930224,0.945651427506597,0.05,0.045,0.583333333333333,0.454545454545455,0.666666666666667
