"","mean","sd","tax_id","taxonomy","nonresponder_present","nonresponder_present_strict","nonresponder_n","nonresponder_prev","nonresponder_prev_strict","nonresponder_mean","nonresponder_sd","responder_present","responder_present_strict","responder_n","responder_prev","responder_prev_strict","responder_mean","responder_sd","fisher_p","fisher_p_strict","fisher_padj","fisher_signif","fisher_padj_strict","fisher_signif_strict","prev_diff","prev_diff_strict","enriched_nonresponder","enriched_nonresponder_strict","rf_rank","rf_top20","rf_n","fisher_col","fisher_col_strict","crossval_mean","crossval_sd"
"GCA-900066575",0.116983634067765,0.210040738669978,"GCA-900066575","GCA-900066575",26,4,27,0.962962962962963,0.148148148148148,0.00057037037037037,0.000595221235414463,34,1,42,0.80952380952381,0.0238095238095238,0.000271428571428571,0.000242673839411039,0.0793200287599111,0.0727703033310546,0.536926602636273,0,0.68785217008296,0,0.153439153439153,0.124338624338624,TRUE,TRUE,1,1,27,"ns","ns",0.528287878787879,0.141449073312507
"Alistipes",0.108287974777418,0.19157973157849,"Alistipes","Alistipes",25,17,27,0.925925925925926,0.62962962962963,0.00402962962962963,0.00655469384456752,32,14,42,0.761904761904762,0.333333333333333,0.0046247619047619,0.0152705064426527,0.108136934164148,0.0251119823065076,0.536926602636273,0,0.68785217008296,0,0.164021164021164,0.296296296296296,TRUE,TRUE,2,1,27,"ns","ns",0.528287878787879,0.141449073312507
"Ruminococcaceae_UCG-013",0.0992373723284939,0.18406528319638,"Ruminococcaceae_UCG-013","Ruminococcaceae_UCG-013",27,20,27,1,0.740740740740741,0.00282222222222222,0.0026804668556247,35,22,42,0.833333333333333,0.523809523809524,0.00180571428571429,0.00245808684565183,0.0373518220337513,0.083044411647017,0.536926602636273,0,0.68785217008296,0,0.166666666666667,0.216931216931217,TRUE,TRUE,3,1,27,"ns","ns",0.528287878787879,0.141449073312507
"Barnesiella",0.0783387270828193,0.155752461507975,"Barnesiella","Barnesiella",18,8,27,0.666666666666667,0.296296296296296,0.00164148148148148,0.00369482767757193,15,6,42,0.357142857142857,0.142857142857143,0.000683809523809524,0.00203191721597855,0.01487336970714,0.138199213893104,0.482142299430538,0,0.68785217008296,0,0.309523809523809,0.153439153439153,TRUE,TRUE,4,1,27,"ns","ns",0.528287878787879,0.141449073312507
"Ruminiclostridium_9",0.0741994709829972,0.141821793518689,"Ruminiclostridium_9","Ruminiclostridium_9",27,3,27,1,0.111111111111111,0.000456296296296296,0.000338550622826962,36,10,42,0.857142857142857,0.238095238095238,0.000635238095238095,0.000531850144377467,0.0745132162947179,0.223863773900374,0.536926602636273,0,0.740998720204355,0,0.142857142857143,-0.126984126984127,TRUE,FALSE,5,1,27,"ns","ns",0.528287878787879,0.141449073312507
"Prevotellaceae_NK3B31_group",0.0720967396528124,0.134306130347189,"Prevotellaceae_NK3B31_group","Prevotellaceae_NK3B31_group",3,3,27,0.111111111111111,0.111111111111111,0.000327407407407407,0.00103727673257575,19,13,42,0.452380952380952,0.30952380952381,0.00185047619047619,0.00343056061150002,0.00347785642457308,0.0802664853888152,0.468452236175695,0,0.68785217008296,0,-0.341269841269841,-0.198412698412698,FALSE,FALSE,6,1,27,"ns","ns",0.528287878787879,0.141449073312507
"Haemophilus",0.0646846640332966,0.123550333231895,"Haemophilus","Haemophilus",27,12,27,1,0.444444444444444,0.00151259259259259,0.00196974147579866,32,14,42,0.761904761904762,0.333333333333333,0.00149047619047619,0.00216231239409646,0.00493107617027047,0.446875485382137,0.468452236175695,0,0.852477903437937,0,0.238095238095238,0.111111111111111,TRUE,TRUE,7,1,27,"ns","ns",0.528287878787879,0.141449073312507
"Odoribacter",0.0639531663589608,0.119276902316797,"Odoribacter","Odoribacter",23,10,27,0.851851851851852,0.37037037037037,0.000837037037037037,0.000887931107925414,28,9,42,0.666666666666667,0.214285714285714,0.000879047619047619,0.00179752649768292,0.101236042526757,0.177546989041415,0.536926602636273,0,0.740998720204355,0,0.185185185185185,0.156084656084656,TRUE,TRUE,8,1,27,"ns","ns",0.528287878787879,0.141449073312507
"Family_XIII_UCG-001",0.0630729491056828,0.113195689905531,"Family_XIII_UCG-001","Family_XIII_UCG-001",27,1,27,1,0.037037037037037,0.00042962962962963,0.000380055476532263,33,1,42,0.785714285714286,0.0238095238095238,0.000319047619047619,0.000404895707883506,0.00959593920065121,1,0.482142299430538,0,NA,NA,0.214285714285714,0.0132275132275132,TRUE,TRUE,9,1,27,"ns","ns",0.528287878787879,0.141449073312507
"Succinivibrio",0.0618389777130076,0.113492888252594,"Succinivibrio","Succinivibrio",19,15,27,0.703703703703704,0.555555555555556,0.0940962962962963,0.126771060157464,33,29,42,0.785714285714286,0.69047619047619,0.0482580952380952,0.0624151396282983,0.568500396065969,0.30908584357782,0.931164441832191,0,0.757238034764377,0,-0.082010582010582,-0.134920634920635,FALSE,FALSE,10,1,27,"ns","ns",0.528287878787879,0.141449073312507
"unassigned_Ruminococcaceae",0.0614973296352708,0.109684154458709,"unassigned_Ruminococcaceae","unassigned_Ruminococcaceae",27,27,27,1,1,0.0201837037037037,0.01504837434311,39,36,42,0.928571428571429,0.857142857142857,0.01804,0.0229494341287376,0.274936061381074,0.0745132162947179,0.637046971492733,0,0.68785217008296,0,0.0714285714285714,0.142857142857143,TRUE,TRUE,11,1,27,"ns","ns",0.528287878787879,0.141449073312507
"Faecalibacterium",0.0599023400670052,0.117392614586139,"Faecalibacterium","Faecalibacterium",27,27,27,1,1,0.0636311111111111,0.0494036053911152,39,38,42,0.928571428571429,0.904761904761905,0.0494133333333333,0.0353532392462593,0.274936061381074,0.149774262840645,0.637046971492733,0,0.68785217008296,0,0.0714285714285714,0.0952380952380952,TRUE,TRUE,12,1,27,"ns","ns",0.528287878787879,0.141449073312507
"Lachnospiraceae_UCG-001",0.0581516815432244,0.108986312104401,"Lachnospiraceae_UCG-001","Lachnospiraceae_UCG-001",23,14,27,0.851851851851852,0.518518518518518,0.00149481481481481,0.00190536564302452,33,14,42,0.785714285714286,0.333333333333333,0.000954285714285714,0.00125970407453524,0.546854043449133,0.140979899502732,0.931164441832191,0,0.68785217008296,0,0.0661375661375662,0.185185185185185,TRUE,TRUE,13,1,27,"ns","ns",0.528287878787879,0.141449073312507
"Coprococcus_1",0.0578824685152666,0.107089611681235,"Coprococcus_1","Coprococcus_1",27,2,27,1,0.0740740740740741,0.000471111111111111,0.00032331615074619,37,4,42,0.880952380952381,0.0952380952380952,0.000432380952380952,0.000410138641186359,0.148462523467295,1,0.536926602636273,0,1,0,0.119047619047619,-0.0211640211640212,TRUE,FALSE,14,1,27,"ns","ns",0.528287878787879,0.141449073312507
"Phascolarctobacterium",0.056676634475331,0.108388811652198,"Phascolarctobacterium","Phascolarctobacterium",26,23,27,0.962962962962963,0.851851851851852,0.0261659259259259,0.0296254125916429,36,31,42,0.857142857142857,0.738095238095238,0.0211304761904762,0.0270705370352616,0.233056049096531,0.372717643911019,0.637046971492733,0,0.8253033543744,0,0.105820105820106,0.113756613756614,TRUE,TRUE,15,1,27,"ns","ns",0.528287878787879,0.141449073312507
"Coprococcus_2",0.0565133369501715,0.107513241985377,"Coprococcus_2","Coprococcus_2",26,20,27,0.962962962962963,0.740740740740741,0.00319259259259259,0.00527497473022937,37,24,42,0.880952380952381,0.571428571428571,0.00364761904761905,0.00547495397442457,0.392159103922378,0.202194305819075,0.79266201856651,0,0.740998720204355,0,0.082010582010582,0.169312169312169,TRUE,TRUE,16,1,27,"ns","ns",0.528287878787879,0.141449073312507
"Prevotella_9",0.0544361829575346,0.104151422598383,"Prevotella_9","Prevotella_9",25,25,27,0.925925925925926,0.925925925925926,0.220497777777778,0.136016761108931,39,38,42,0.928571428571429,0.904761904761905,0.251278095238095,0.141708254320716,1,1,1,0,1,0,-0.00264550264550267,0.0211640211640212,FALSE,TRUE,17,1,27,"ns","ns",0.528287878787879,0.141449073312507
"Ruminococcaceae_UCG-014",0.051638611650586,0.10265663065223,"Ruminococcaceae_UCG-014","Ruminococcaceae_UCG-014",25,24,27,0.925925925925926,0.888888888888889,0.0114622222222222,0.0143317327669254,36,30,42,0.857142857142857,0.714285714285714,0.0122866666666667,0.020695072898553,0.467487882530482,0.134539696894329,0.845930454102776,0,0.68785217008296,0,0.0687830687830688,0.174603174603175,TRUE,TRUE,18,1,27,"ns","ns",0.528287878787879,0.141449073312507
"unassigned_Muribaculaceae",0.0510436129284397,0.092842818342249,"unassigned_Muribaculaceae","unassigned_Muribaculaceae",25,22,27,0.925925925925926,0.814814814814815,0.02624,0.040462755524252,33,32,42,0.785714285714286,0.761904761904762,0.0154828571428571,0.0189255452975169,0.180832350902753,0.76716593769623,0.613538333420053,0,1,0,0.14021164021164,0.0529100529100529,TRUE,TRUE,19,1,27,"ns","ns",0.528287878787879,0.141449073312507
"Blautia",0.0510428957318064,0.093971964097189,"Blautia","Blautia",27,27,27,1,1,0.00472740740740741,0.00367008760385131,38,37,42,0.904761904761905,0.880952380952381,0.0058647619047619,0.00663066609540529,0.149774262840645,0.148462523467295,0.536926602636273,0,0.68785217008296,0,0.0952380952380952,0.119047619047619,TRUE,TRUE,20,1,27,"ns","ns",0.528287878787879,0.141449073312507
"Anaerostipes",0.0506995756234315,0.0989181702676044,"Anaerostipes","Anaerostipes",22,9,27,0.814814814814815,0.333333333333333,0.00114518518518519,0.00194547674673325,35,19,42,0.833333333333333,0.452380952380952,0.00207047619047619,0.00388506894962261,1,0.45173505913038,1,0,0.852477903437937,0,-0.0185185185185186,-0.119047619047619,FALSE,FALSE,21,0,27,"ns","ns",0.528287878787879,0.141449073312507
"Agathobacter",0.0505603153442797,0.0929627116849782,"Agathobacter","Agathobacter",27,27,27,1,1,0.0270740740740741,0.0279979882875207,38,36,42,0.904761904761905,0.857142857142857,0.0259009523809524,0.0275740482275674,0.149774262840645,0.0745132162947179,0.536926602636273,0,0.68785217008296,0,0.0952380952380952,0.142857142857143,TRUE,TRUE,22,0,27,"ns","ns",0.528287878787879,0.141449073312507
"Christensenellaceae_R-7_group",0.0500566930958006,0.093299491492842,"Christensenellaceae_R-7_group","Christensenellaceae_R-7_group",27,25,27,1,0.925925925925926,0.0124888888888889,0.0168490431897558,38,34,42,0.904761904761905,0.80952380952381,0.00646095238095238,0.00774137688941822,0.149774262840645,0.295215554240146,0.536926602636273,0,0.757238034764377,0,0.0952380952380952,0.116402116402116,TRUE,TRUE,23,0,27,"ns","ns",0.528287878787879,0.141449073312507
"Collinsella",0.0499840813287409,0.0931281846741275,"Collinsella","Collinsella",27,19,27,1,0.703703703703704,0.00295111111111111,0.00257226229870387,40,32,42,0.952380952380952,0.761904761904762,0.0136819047619048,0.0369683138705261,0.516624040920716,0.5894370632391,NA,NA,0.991679634783738,0,0.0476190476190477,-0.0582010582010581,TRUE,FALSE,24,0,27,"ns","ns",0.528287878787879,0.141449073312507
"Rikenellaceae_RC9_gut_group",0.049791667767557,0.0935232223282789,"Rikenellaceae_RC9_gut_group","Rikenellaceae_RC9_gut_group",13,11,27,0.481481481481481,0.407407407407407,0.00318222222222222,0.00501127753812364,27,25,42,0.642857142857143,0.595238095238095,0.00576952380952381,0.00686262018949562,0.217740703692194,0.146026195386253,0.637046971492733,0,0.68785217008296,0,-0.161375661375661,-0.187830687830688,FALSE,FALSE,25,0,27,"ns","ns",0.528287878787879,0.141449073312507
"Oscillibacter",0.0493046397871899,0.0932313271660854,"Oscillibacter","Oscillibacter",27,12,27,1,0.444444444444444,0.00109185185185185,0.000896887940161968,36,15,42,0.857142857142857,0.357142857142857,0.001,0.00116923155919792,0.0745132162947179,0.613836620678666,0.536926602636273,0,0.991679634783738,0,0.142857142857143,0.0873015873015873,TRUE,TRUE,26,0,27,"ns","ns",0.528287878787879,0.141449073312507
"Ruminococcaceae_UCG-002",0.0489963143736617,0.0876660807816011,"Ruminococcaceae_UCG-002","Ruminococcaceae_UCG-002",27,27,27,1,1,0.038357037037037,0.0285175399217899,38,38,42,0.904761904761905,0.904761904761905,0.0308419047619048,0.0262519915377486,0.149774262840645,0.149774262840645,0.536926602636273,0,0.68785217008296,0,0.0952380952380952,0.0952380952380952,TRUE,TRUE,27,0,27,"ns","ns",0.528287878787879,0.141449073312507
"Anaeroplasma",0.0478482811655247,0.0995039317241518,"Anaeroplasma","Anaeroplasma",18,5,27,0.666666666666667,0.185185185185185,0.000602962962962963,0.00105363405855388,22,4,42,0.523809523809524,0.0952380952380952,0.000291428571428571,0.00060767678920572,0.319258606292588,0.298727977464343,0.705338781344091,0,0.757238034764377,0,0.142857142857143,0.0899470899470899,TRUE,TRUE,28,0,27,"ns","ns",0.528287878787879,0.141449073312507
"Catenibacterium",0.0470545529850215,0.0947193951200415,"Catenibacterium","Catenibacterium",17,6,27,0.62962962962963,0.222222222222222,0.00062962962962963,0.000993430271183491,32,14,42,0.761904761904762,0.333333333333333,0.00104380952380952,0.00139397475636057,0.282891009082267,0.418209739080876,0.647581828019646,0,0.852477903437937,0,-0.132275132275132,-0.111111111111111,FALSE,FALSE,29,0,27,"ns","ns",0.528287878787879,0.141449073312507
"Ruminococcaceae_UCG-005",0.046833834683273,0.084699017173195,"Ruminococcaceae_UCG-005","Ruminococcaceae_UCG-005",27,27,27,1,1,0.0177451851851852,0.00981430759749426,38,37,42,0.904761904761905,0.880952380952381,0.0157942857142857,0.0136649484203568,0.149774262840645,0.148462523467295,0.536926602636273,0,0.68785217008296,0,0.0952380952380952,0.119047619047619,TRUE,TRUE,30,0,27,"ns","ns",0.528287878787879,0.141449073312507
"Ruminiclostridium_6",0.0464661429729613,0.0855422720716489,"Ruminiclostridium_6","Ruminiclostridium_6",26,17,27,0.962962962962963,0.62962962962963,0.00304740740740741,0.00426454487840649,37,21,42,0.880952380952381,0.5,0.0018552380952381,0.00227853529984938,0.392159103922378,0.329764950623197,0.79266201856651,0,0.757238034764377,0,0.082010582010582,0.12962962962963,TRUE,TRUE,31,0,27,"ns","ns",0.528287878787879,0.141449073312507
"Ruminococcaceae_NK4A214_group",0.0453174673043204,0.0815989006789387,"Ruminococcaceae_NK4A214_group","Ruminococcaceae_NK4A214_group",27,25,27,1,0.925925925925926,0.00581037037037037,0.00455222809476641,37,32,42,0.880952380952381,0.761904761904762,0.00624952380952381,0.00642810177662417,0.148462523467295,0.108136934164148,0.536926602636273,0,0.68785217008296,0,0.119047619047619,0.164021164021164,TRUE,TRUE,32,0,27,"ns","ns",0.528287878787879,0.141449073312507
"Lachnospiraceae_NK4A136_group",0.0452593278722539,0.0826663836387206,"Lachnospiraceae_NK4A136_group","Lachnospiraceae_NK4A136_group",27,27,27,1,1,0.0233111111111111,0.0206485025222232,39,37,42,0.928571428571429,0.880952380952381,0.0243780952380952,0.0247109655957357,0.274936061381074,0.148462523467295,0.637046971492733,0,0.68785217008296,0,0.0714285714285714,0.119047619047619,TRUE,TRUE,33,0,27,"ns","ns",0.528287878787879,0.141449073312507
"Ruminococcus_1",0.045254952495528,0.0814862438216521,"Ruminococcus_1","Ruminococcus_1",27,26,27,1,0.962962962962963,0.00951555555555555,0.00856686520771627,38,36,42,0.904761904761905,0.857142857142857,0.00958095238095238,0.010483731371086,0.149774262840645,0.233056049096531,0.536926602636273,0,0.740998720204355,0,0.0952380952380952,0.105820105820106,TRUE,TRUE,34,0,27,"ns","ns",0.528287878787879,0.141449073312507
"Lachnospira",0.0443579251024989,0.0861523120464847,"Lachnospira","Lachnospira",27,26,27,1,0.962962962962963,0.00958814814814815,0.00915355376008392,38,36,42,0.904761904761905,0.857142857142857,0.00676761904761905,0.0060448098315924,0.149774262840645,0.233056049096531,0.536926602636273,0,0.740998720204355,0,0.0952380952380952,0.105820105820106,TRUE,TRUE,35,0,27,"ns","ns",0.528287878787879,0.141449073312507
"Sarcina",0.0442908402096676,0.0849756871118622,"Sarcina","Sarcina",13,4,27,0.481481481481481,0.148148148148148,0.000718518518518519,0.00232729572961955,8,1,42,0.19047619047619,0.0238095238095238,8.47619047619048e-05,0.000259410571039453,0.0156322465336622,0.0727703033310546,0.482142299430538,0,0.68785217008296,0,0.291005291005291,0.124338624338624,TRUE,TRUE,36,0,27,"ns","ns",0.528287878787879,0.141449073312507
"Clostridium_sensu_stricto_1",0.0438512699440426,0.0799494530384746,"Clostridium_sensu_stricto_1","Clostridium_sensu_stricto_1",27,19,27,1,0.703703703703704,0.00308888888888889,0.00487614391575756,38,24,42,0.904761904761905,0.571428571428571,0.00299047619047619,0.00380579080746052,0.149774262840645,0.316037466761854,0.536926602636273,0,0.757238034764377,0,0.0952380952380952,0.132275132275132,TRUE,TRUE,37,0,27,"ns","ns",0.528287878787879,0.141449073312507
"Streptococcus",0.0434165674807553,0.0810515616589676,"Streptococcus","Streptococcus",23,10,27,0.851851851851852,0.37037037037037,0.00135555555555556,0.00217460400167538,37,19,42,0.880952380952381,0.452380952380952,0.0127066666666667,0.0479970606146072,0.72925070980154,0.618958772065666,0.974919299013637,0,0.991679634783738,0,-0.0291005291005291,-0.082010582010582,FALSE,FALSE,38,0,27,"ns","ns",0.528287878787879,0.141449073312507
"Ruminococcus_2",0.0421628856153535,0.0777923440612392,"Ruminococcus_2","Ruminococcus_2",27,24,27,1,0.888888888888889,0.0347051851851852,0.0500182602325906,39,36,42,0.928571428571429,0.857142857142857,0.0207304761904762,0.0243183986307247,0.274936061381074,1,0.637046971492733,0,1,0,0.0714285714285714,0.0317460317460317,TRUE,TRUE,39,0,27,"ns","ns",0.528287878787879,0.141449073312507
"unassigned_Peptococcaceae",0.0416430013884951,0.0765681217940221,"unassigned_Peptococcaceae","unassigned_Peptococcaceae",23,0,27,0.851851851851852,0,0.000146666666666667,0.000139449466998457,27,0,42,0.642857142857143,0,0.000162857142857143,0.000177438216169717,0.0962184002734797,1,0.536926602636273,0,NA,NA,0.208994708994709,0,TRUE,FALSE,40,0,27,"ns","ns",0.528287878787879,0.141449073312507
"Holdemanella",0.0415679152294656,0.0792920154035663,"Holdemanella","Holdemanella",22,15,27,0.814814814814815,0.555555555555556,0.00187703703703704,0.00211590099887425,34,22,42,0.80952380952381,0.523809523809524,0.00190761904761905,0.00296956251152796,1,0.810335996874904,1,0,1,0,0.00529100529100524,0.0317460317460317,TRUE,TRUE,41,0,27,"ns","ns",0.528287878787879,0.141449073312507
"Dorea",0.0415577804323886,0.0806161020843701,"Dorea","Dorea",27,23,27,1,0.851851851851852,0.00333925925925926,0.00333232873750697,39,36,42,0.928571428571429,0.857142857142857,0.00263714285714286,0.00220616241769286,0.274936061381074,1,0.637046971492733,0,1,0,0.0714285714285714,-0.00529100529100524,TRUE,FALSE,42,0,27,"ns","ns",0.528287878787879,0.141449073312507
"Subdoligranulum",0.0414294623870829,0.0736971674692806,"Subdoligranulum","Subdoligranulum",27,26,27,1,0.962962962962963,0.0126296296296296,0.0139518009539109,39,38,42,0.928571428571429,0.904761904761905,0.0109247619047619,0.0111681994614271,0.274936061381074,0.641457904617808,0.637046971492733,0,1,0,0.0714285714285714,0.0582010582010581,TRUE,TRUE,43,0,27,"ns","ns",0.528287878787879,0.141449073312507
"Turicibacter",0.0412123494268515,0.0764343593391756,"Turicibacter","Turicibacter",23,2,27,0.851851851851852,0.0740740740740741,0.000340740740740741,0.000442978779887027,26,7,42,0.619047619047619,0.166666666666667,0.00058952380952381,0.00151830610426506,0.0563718817618491,0.465818967986821,0.536926602636273,0,0.852477903437937,0,0.232804232804233,-0.0925925925925926,TRUE,FALSE,44,0,27,"ns","ns",0.528287878787879,0.141449073312507
"Ruminococcaceae_UCG-010",0.0409074736365717,0.0738963501187652,"Ruminococcaceae_UCG-010","Ruminococcaceae_UCG-010",27,24,27,1,0.888888888888889,0.00696592592592593,0.00667887326935825,37,32,42,0.880952380952381,0.761904761904762,0.00584857142857143,0.00605239262159958,0.148462523467295,0.223863773900374,0.536926602636273,0,0.740998720204355,0,0.119047619047619,0.126984126984127,TRUE,TRUE,45,0,27,"ns","ns",0.528287878787879,0.141449073312507
"unassigned_Lachnospiraceae",0.0405645019119577,0.0756069873935143,"unassigned_Lachnospiraceae","unassigned_Lachnospiraceae",27,27,27,1,1,0.0123955555555556,0.00671241635577929,40,39,42,0.952380952380952,0.928571428571429,0.0110457142857143,0.00696212230848665,0.516624040920716,0.274936061381074,NA,NA,0.741131991548983,0,0.0476190476190477,0.0714285714285714,TRUE,TRUE,46,0,27,"ns","ns",0.528287878787879,0.141449073312507
"Oxalobacter",0.0398965313494436,0.0744655482564663,"Oxalobacter","Oxalobacter",16,0,27,0.592592592592593,0,0.000158518518518519,0.000173109651859599,16,1,42,0.380952380952381,0.0238095238095238,0.000114285714285714,0.000220256423257218,0.137198527094535,1,0.536926602636273,0,NA,NA,0.211640211640212,-0.0238095238095238,TRUE,FALSE,47,0,27,"ns","ns",0.528287878787879,0.141449073312507
"Fournierella",0.0393798400032464,0.0740311053191468,"Fournierella","Fournierella",23,14,27,0.851851851851852,0.518518518518518,0.0015037037037037,0.00177536160595774,36,24,42,0.857142857142857,0.571428571428571,0.00168761904761905,0.0019201674336596,1,0.804804130117089,1,0,1,0,-0.00529100529100524,-0.0529100529100529,FALSE,FALSE,48,0,27,"ns","ns",0.528287878787879,0.141449073312507
"Bacteroides",0.0384873021564873,0.0710204755760514,"Bacteroides","Bacteroides",27,25,27,1,0.925925925925926,0.0388074074074074,0.0575758967058393,42,36,42,1,0.857142857142857,0.02998,0.0476404806348755,1,0.467487882530482,NA,NA,0.852477903437937,0,0,0.0687830687830688,FALSE,TRUE,49,0,27,"ns","ns",0.528287878787879,0.141449073312507
"Dialister",0.038442674076094,0.0736869259492751,"Dialister","Dialister",22,20,27,0.814814814814815,0.740740740740741,0.0314607407407407,0.0334621979513882,32,29,42,0.761904761904762,0.69047619047619,0.0370066666666667,0.0456551732257849,0.76716593769623,0.787689578795285,0.974919299013637,0,1,0,0.0529100529100529,0.0502645502645502,TRUE,TRUE,50,0,27,"ns","ns",0.528287878787879,0.141449073312507
"Ruminococcaceae_UCG-009",0.0381333048897873,0.071778674200786,"Ruminococcaceae_UCG-009","Ruminococcaceae_UCG-009",24,5,27,0.888888888888889,0.185185185185185,0.000518518518518519,0.000602505689112647,32,9,42,0.761904761904762,0.214285714285714,0.000753333333333333,0.00112656323189032,0.223863773900374,1,0.637046971492733,0,1,0,0.126984126984127,-0.0291005291005291,TRUE,FALSE,51,0,27,"ns","ns",0.528287878787879,0.141449073312507
"Lachnospiraceae_UCG-004",0.037727896091856,0.0683007986177756,"Lachnospiraceae_UCG-004","Lachnospiraceae_UCG-004",27,15,27,1,0.555555555555556,0.00128740740740741,0.00101442136819505,39,16,42,0.928571428571429,0.380952380952381,0.00111714285714286,0.00103482362280419,0.274936061381074,0.215640978798797,0.637046971492733,0,0.740998720204355,0,0.0714285714285714,0.174603174603175,TRUE,TRUE,52,0,27,"ns","ns",0.528287878787879,0.141449073312507
"Erysipelatoclostridium",0.0375534450360333,0.0736363342465092,"Erysipelatoclostridium","Erysipelatoclostridium",16,1,27,0.592592592592593,0.037037037037037,0.000232592592592593,0.000492783246098452,22,1,42,0.523809523809524,0.0238095238095238,0.00010952380952381,0.000252991394637729,0.626500210512507,1,0.937515399056797,0,NA,NA,0.0687830687830687,0.0132275132275132,TRUE,TRUE,53,0,27,"ns","ns",0.528287878787879,0.141449073312507
"Lachnospiraceae_ND3007_group",0.0371793847143142,0.0734183775922121,"Lachnospiraceae_ND3007_group","Lachnospiraceae_ND3007_group",22,1,27,0.814814814814815,0.037037037037037,0.000274074074074074,0.000358750601814121,34,3,42,0.80952380952381,0.0714285714285714,0.00032952380952381,0.000429889108678905,1,1,1,0,1,0,0.00529100529100524,-0.0343915343915344,TRUE,FALSE,54,0,27,"ns","ns",0.528287878787879,0.141449073312507
"Bilophila",0.0370654129029223,0.0673645132852298,"Bilophila","Bilophila",25,6,27,0.925925925925926,0.222222222222222,0.000736296296296296,0.00101437418429048,33,8,42,0.785714285714286,0.19047619047619,0.000597142857142857,0.000793062251775759,0.180832350902753,0.76716593769623,0.613538333420053,0,1,0,0.14021164021164,0.0317460317460317,TRUE,TRUE,55,0,27,"ns","ns",0.528287878787879,0.141449073312507
"Veillonella",0.0367554106867488,0.0674020015378012,"Veillonella","Veillonella",26,10,27,0.962962962962963,0.37037037037037,0.00178074074074074,0.0023083359406323,36,14,42,0.857142857142857,0.333333333333333,0.00656190476190476,0.0245399361159738,0.233056049096531,0.799421173264472,0.637046971492733,0,1,0,0.105820105820106,0.037037037037037,TRUE,TRUE,56,0,27,"ns","ns",0.528287878787879,0.141449073312507
"Sutterella",0.0366155724759268,0.066137323918349,"Sutterella","Sutterella",25,14,27,0.925925925925926,0.518518518518518,0.00279555555555556,0.00339315751899583,37,23,42,0.880952380952381,0.547619047619048,0.00374095238095238,0.00553343178900136,0.696546403647885,1,0.974919299013637,0,1,0,0.044973544973545,-0.0291005291005292,TRUE,FALSE,57,0,27,"ns","ns",0.528287878787879,0.141449073312507
"Defluviitaleaceae_UCG-011",0.03653523116753,0.0691541269654236,"Defluviitaleaceae_UCG-011","Defluviitaleaceae_UCG-011",18,0,27,0.666666666666667,0,9.62962962962963e-05,0.000167977749170907,24,0,42,0.571428571428571,0,0.000102857142857143,0.000159301611681491,0.460482291877219,1,0.845930454102776,0,NA,NA,0.0952380952380952,0,TRUE,FALSE,58,0,27,"ns","ns",0.528287878787879,0.141449073312507
"Ruminococcaceae_UCG-003",0.0363796104874755,0.0653818517645657,"Ruminococcaceae_UCG-003","Ruminococcaceae_UCG-003",27,25,27,1,0.925925925925926,0.00489333333333333,0.00520967147938111,38,36,42,0.904761904761905,0.857142857142857,0.00383047619047619,0.00344950258158983,0.149774262840645,0.467487882530482,0.536926602636273,0,0.852477903437937,0,0.0952380952380952,0.0687830687830688,TRUE,TRUE,59,0,27,"ns","ns",0.528287878787879,0.141449073312507
"unassigned_Prevotellaceae",0.0362011725675635,0.0689227107507364,"unassigned_Prevotellaceae","unassigned_Prevotellaceae",22,18,27,0.814814814814815,0.666666666666667,0.0115762962962963,0.0245060300504163,31,29,42,0.738095238095238,0.69047619047619,0.0106542857142857,0.0149420443213685,0.565376417032963,1,0.931164441832191,0,1,0,0.0767195767195766,-0.0238095238095238,TRUE,FALSE,60,0,27,"ns","ns",0.528287878787879,0.141449073312507
"Escherichia/Shigella",0.0361088815562495,0.0659225276304203,"Escherichia/Shigella","Escherichia/Shigella",26,18,27,0.962962962962963,0.666666666666667,0.0145851851851852,0.0273761246864673,42,35,42,1,0.833333333333333,0.0264590476190476,0.076686444625597,0.391304347826087,0.146355705687924,NA,NA,0.68785217008296,0,-0.0370370370370371,-0.166666666666667,FALSE,FALSE,61,0,27,"ns","ns",0.528287878787879,0.141449073312507
"Lachnospiraceae_UCG-010",0.0359727120994891,0.0651063132647691,"Lachnospiraceae_UCG-010","Lachnospiraceae_UCG-010",24,10,27,0.888888888888889,0.37037037037037,0.00139407407407407,0.00157549322987403,37,14,42,0.880952380952381,0.333333333333333,0.000983809523809524,0.0010593347023554,1,0.799421173264472,1,0,1,0,0.00793650793650791,0.037037037037037,TRUE,TRUE,62,0,27,"ns","ns",0.528287878787879,0.141449073312507
"Lachnospiraceae_AC2044_group",0.0359299640669687,0.0699638514813492,"Lachnospiraceae_AC2044_group","Lachnospiraceae_AC2044_group",24,17,27,0.888888888888889,0.62962962962963,0.00414518518518518,0.00459744608900534,36,26,42,0.857142857142857,0.619047619047619,0.00426952380952381,0.00721123816450913,1,1,1,0,1,0,0.0317460317460317,0.0105820105820106,TRUE,TRUE,63,0,27,"ns","ns",0.528287878787879,0.141449073312507
"Roseburia",0.035903728088048,0.0669711714537045,"Roseburia","Roseburia",27,27,27,1,1,0.0141688888888889,0.00963580715286371,38,38,42,0.904761904761905,0.904761904761905,0.0141057142857143,0.0124070627295469,0.149774262840645,0.149774262840645,0.536926602636273,0,0.68785217008296,0,0.0952380952380952,0.0952380952380952,TRUE,TRUE,64,0,27,"ns","ns",0.528287878787879,0.141449073312507
"Romboutsia",0.0356697523822178,0.0688505721039842,"Romboutsia","Romboutsia",26,13,27,0.962962962962963,0.481481481481481,0.00194518518518519,0.00238601433094279,37,16,42,0.880952380952381,0.380952380952381,0.0021152380952381,0.0037309641976796,0.392159103922378,0.460061185386787,0.79266201856651,0,0.852477903437937,0,0.082010582010582,0.100529100529101,TRUE,TRUE,65,0,27,"ns","ns",0.528287878787879,0.141449073312507
"Oribacterium",0.0356521273255015,0.0684182577309357,"Oribacterium","Oribacterium",6,3,27,0.222222222222222,0.111111111111111,0.000266666666666667,0.000639422816656974,16,10,42,0.380952380952381,0.238095238095238,0.000906666666666667,0.00208942828761977,0.195342930219309,0.223863773900374,0.637046971492733,0,0.740998720204355,0,-0.158730158730159,-0.126984126984127,FALSE,FALSE,66,0,27,"ns","ns",0.528287878787879,0.141449073312507
"Slackia",0.0353825785778306,0.0654509476861825,"Slackia","Slackia",20,10,27,0.740740740740741,0.37037037037037,0.00112,0.00213258961395259,38,12,42,0.904761904761905,0.285714285714286,0.00210095238095238,0.00792963315656387,0.0950185928229016,0.597473995380778,0.536926602636273,0,0.991679634783738,0,-0.164021164021164,0.0846560846560847,FALSE,TRUE,67,0,27,"ns","ns",0.528287878787879,0.141449073312507
"Prevotella_7",0.0343346014727285,0.0700744873130216,"Prevotella_7","Prevotella_7",14,13,27,0.518518518518518,0.481481481481481,0.00568888888888889,0.0108757985854738,22,21,42,0.523809523809524,0.5,0.0116219047619048,0.020227680049522,1,1,1,0,1,0,-0.00529100529100535,-0.0185185185185185,FALSE,FALSE,68,0,27,"ns","ns",0.528287878787879,0.141449073312507
"Terrisporobacter",0.0341045186642296,0.0646310048552061,"Terrisporobacter","Terrisporobacter",21,4,27,0.777777777777778,0.148148148148148,0.000586666666666667,0.00099401284622561,30,2,42,0.714285714285714,0.0476190476190476,0.000284761904761905,0.000383076366934324,0.779399019053845,0.20056317170252,0.974919299013637,0,0.740998720204355,0,0.0634920634920635,0.100529100529101,TRUE,TRUE,69,0,27,"ns","ns",0.528287878787879,0.141449073312507
"Family_XIII_AD3011_group",0.0340314702936301,0.0637982201486461,"Family_XIII_AD3011_group","Family_XIII_AD3011_group",24,4,27,0.888888888888889,0.148148148148148,0.000564444444444444,0.000767119152981983,31,7,42,0.738095238095238,0.166666666666667,0.000577142857142857,0.000922399537035522,0.219184974694416,1,0.637046971492733,0,1,0,0.150793650793651,-0.0185185185185185,TRUE,FALSE,70,0,27,"ns","ns",0.528287878787879,0.141449073312507
"Intestinimonas",0.033985931567546,0.063152492651853,"Intestinimonas","Intestinimonas",26,3,27,0.962962962962963,0.111111111111111,0.000577777777777778,0.000506369683541833,38,12,42,0.904761904761905,0.285714285714286,0.00066,0.000582425542189834,0.641457904617808,0.134539696894328,0.937515399056797,0,0.68785217008296,0,0.0582010582010581,-0.174603174603175,TRUE,FALSE,71,0,27,"ns","ns",0.528287878787879,0.141449073312507
"Fusicatenibacter",0.0339043873784098,0.0630098534483266,"Fusicatenibacter","Fusicatenibacter",24,3,27,0.888888888888889,0.111111111111111,0.000377777777777778,0.0004763106075575,34,3,42,0.80952380952381,0.0714285714285714,0.000492380952380952,0.000982321316275295,0.508193420080181,0.672270115939716,0.902399530983499,0,1,0,0.0793650793650793,0.0396825396825397,TRUE,TRUE,72,0,27,"ns","ns",0.528287878787879,0.141449073312507
"Coprococcus_3",0.0337739340495515,0.0627641387232596,"Coprococcus_3","Coprococcus_3",27,12,27,1,0.444444444444444,0.00118814814814815,0.00115328639793831,39,22,42,0.928571428571429,0.523809523809524,0.00123619047619048,0.00111786589444167,0.274936061381074,0.62379847994461,0.637046971492733,0,0.991679634783738,0,0.0714285714285714,-0.0793650793650794,TRUE,FALSE,73,0,27,"ns","ns",0.528287878787879,0.141449073312507
"CAG-56",0.0337032966557651,0.0637456890732969,"CAG-56","CAG-56",21,6,27,0.777777777777778,0.222222222222222,0.000531851851851852,0.000788050354878013,24,6,42,0.571428571428571,0.142857142857143,0.000576190476190476,0.00104251326804671,0.119910889760184,0.517941027488846,0.536926602636273,0,0.917495534408813,0,0.206349206349206,0.0793650793650794,TRUE,TRUE,74,0,27,"ns","ns",0.528287878787879,0.141449073312507
"Prevotella_2",0.0332837475705717,0.0612805490014069,"Prevotella_2","Prevotella_2",22,21,27,0.814814814814815,0.777777777777778,0.0248014814814815,0.034374241664777,32,30,42,0.761904761904762,0.714285714285714,0.0254438095238095,0.0334655099447965,0.76716593769623,0.779399019053845,0.974919299013637,0,1,0,0.0529100529100529,0.0634920634920635,TRUE,TRUE,75,0,27,"ns","ns",0.528287878787879,0.141449073312507
"Caproiciproducens",0.0331939396115188,0.0657885028307444,"Caproiciproducens","Caproiciproducens",15,4,27,0.555555555555556,0.148148148148148,0.000634074074074074,0.00156251094583061,16,3,42,0.380952380952381,0.0714285714285714,0.000283809523809524,0.00080417493661987,0.215640978798797,0.419796723774756,0.637046971492733,0,0.852477903437937,0,0.174603174603175,0.0767195767195767,TRUE,TRUE,76,0,27,"ns","ns",0.528287878787879,0.141449073312507
"Parabacteroides",0.033180824642368,0.0613495657708875,"Parabacteroides","Parabacteroides",26,21,27,0.962962962962963,0.777777777777778,0.00763259259259259,0.0121650548048317,40,33,42,0.952380952380952,0.785714285714286,0.00792,0.0141563203156063,1,1,NA,NA,1,0,0.0105820105820106,-0.00793650793650791,TRUE,FALSE,77,0,27,"ns","ns",0.528287878787879,0.141449073312507
"Rothia",0.0330584432354237,0.0622274338686271,"Rothia","Rothia",12,0,27,0.444444444444444,0,5.33333333333333e-05,8.30199234660433e-05,23,3,42,0.547619047619048,0.0714285714285714,0.000546666666666667,0.00221904249474766,0.464568999363026,0.274936061381074,0.845930454102776,0,0.741131991548983,0,-0.103174603174603,-0.0714285714285714,FALSE,FALSE,78,0,27,"ns","ns",0.528287878787879,0.141449073312507
"Intestinibacter",0.032963447400494,0.0649441247757638,"Intestinibacter","Intestinibacter",24,9,27,0.888888888888889,0.333333333333333,8e-04,0.000903327183250897,35,10,42,0.833333333333333,0.238095238095238,0.00104380952380952,0.00256681728746402,0.729250709801539,0.418912172236227,0.974919299013637,0,0.852477903437937,0,0.0555555555555555,0.0952380952380952,TRUE,TRUE,79,0,27,"ns","ns",0.528287878787879,0.141449073312507
"Butyricicoccus",0.032167558965192,0.0588130799726443,"Butyricicoccus","Butyricicoccus",27,21,27,1,0.777777777777778,0.00339111111111111,0.00307878764018133,38,34,42,0.904761904761905,0.80952380952381,0.00351238095238095,0.0033633344441258,0.149774262840645,0.76716593769623,0.536926602636273,0,1,0,0.0952380952380952,-0.0317460317460317,TRUE,FALSE,80,0,27,"ns","ns",0.528287878787879,0.141449073312507
"Butyrivibrio",0.0316603790853816,0.057551729143361,"Butyrivibrio","Butyrivibrio",21,14,27,0.777777777777778,0.518518518518518,0.00343555555555556,0.00610550655199143,30,21,42,0.714285714285714,0.5,0.00403238095238095,0.0104831618320847,0.779399019053845,1,0.974919299013637,0,1,0,0.0634920634920635,0.0185185185185185,TRUE,TRUE,81,0,27,"ns","ns",0.528287878787879,0.141449073312507
"Senegalimassilia",0.0311606043875568,0.0578078380297303,"Senegalimassilia","Senegalimassilia",24,9,27,0.888888888888889,0.333333333333333,0.00116296296296296,0.00158212810629523,36,16,42,0.857142857142857,0.380952380952381,0.00127428571428571,0.00197939771925969,1,0.799421173264472,1,0,1,0,0.0317460317460317,-0.0476190476190476,TRUE,FALSE,82,0,27,"ns","ns",0.528287878787879,0.141449073312507
"Marvinbryantia",0.0300974609063033,0.0551565674683152,"Marvinbryantia","Marvinbryantia",24,4,27,0.888888888888889,0.148148148148148,0.000517037037037037,0.000638548924785509,37,3,42,0.880952380952381,0.0714285714285714,0.000547619047619048,0.001015258730748,1,0.419796723774756,1,0,0.852477903437937,0,0.00793650793650791,0.0767195767195767,TRUE,TRUE,83,0,27,"ns","ns",0.528287878787879,0.141449073312507
"Alloprevotella",0.0300783837571834,0.0551131053189835,"Alloprevotella","Alloprevotella",20,18,27,0.740740740740741,0.666666666666667,0.0179496296296296,0.0218357324446883,30,29,42,0.714285714285714,0.69047619047619,0.0194038095238095,0.0257193025122948,1,1,1,0,1,0,0.0264550264550264,-0.0238095238095238,TRUE,FALSE,84,0,27,"ns","ns",0.528287878787879,0.141449073312507
"Lachnoclostridium",0.0300312009776305,0.0552602875784026,"Lachnoclostridium","Lachnoclostridium",27,23,27,1,0.851851851851852,0.00376,0.00343638450432114,39,37,42,0.928571428571429,0.880952380952381,0.00398380952380952,0.00454024010989692,0.274936061381074,0.72925070980154,0.637046971492733,0,1,0,0.0714285714285714,-0.0291005291005291,TRUE,FALSE,85,0,27,"ns","ns",0.528287878787879,0.141449073312507
"Lachnospiraceae_NK4B4_group",0.02965337845279,0.0554304757420554,"Lachnospiraceae_NK4B4_group","Lachnospiraceae_NK4B4_group",19,8,27,0.703703703703704,0.296296296296296,0.00122222222222222,0.00233944985862609,27,18,42,0.642857142857143,0.428571428571429,0.00103428571428571,0.00155041637657971,0.794048526119771,0.316037466761854,0.974919299013637,0,0.757238034764377,0,0.0608465608465608,-0.132275132275132,TRUE,FALSE,86,0,27,"ns","ns",0.528287878787879,0.141449073312507
"Anaerovibrio",0.0295524708412765,0.056115958720098,"Anaerovibrio","Anaerovibrio",5,2,27,0.185185185185185,0.0740740740740741,0.00088,0.00307896086366813,14,11,42,0.333333333333333,0.261904761904762,0.00169619047619048,0.00455049981300953,0.269809759495012,0.0636465146044568,0.637046971492733,0,0.68785217008296,0,-0.148148148148148,-0.187830687830688,FALSE,FALSE,87,0,27,"ns","ns",0.528287878787879,0.141449073312507
"Olsenella",0.0292890089900124,0.0548165479386202,"Olsenella","Olsenella",16,2,27,0.592592592592593,0.0740740740740741,0.000281481481481481,0.000550522155661917,22,5,42,0.523809523809524,0.119047619047619,0.000341904761904762,0.000543104167770734,0.626500210512507,0.696546403647885,0.937515399056797,0,1,0,0.0687830687830687,-0.044973544973545,TRUE,FALSE,88,0,27,"ns","ns",0.528287878787879,0.141449073312507
"unassigned_Clostridiales_vadinBB60_group",0.0289607581211305,0.0555278008787826,"unassigned_Clostridiales_vadinBB60_group","unassigned_Clostridiales_vadinBB60_group",24,16,27,0.888888888888889,0.592592592592593,0.00231407407407407,0.00261615581054937,36,19,42,0.857142857142857,0.452380952380952,0.00210857142857143,0.00286809580020678,1,0.326108581465996,1,0,0.757238034764377,0,0.0317460317460317,0.14021164021164,TRUE,TRUE,89,0,27,"ns","ns",0.528287878787879,0.141449073312507
"Klebsiella",0.0286804193601806,0.0530721487261005,"Klebsiella","Klebsiella",14,6,27,0.518518518518518,0.222222222222222,0.00564296296296296,0.0170472029771669,27,5,42,0.642857142857143,0.119047619047619,0.01368,0.0832843535798863,0.32693044124084,0.318898365492274,0.713986021100685,0,0.757238034764377,0,-0.124338624338624,0.103174603174603,FALSE,TRUE,90,0,27,"ns","ns",0.528287878787879,0.141449073312507
"unassigned_Erysipelotrichaceae",0.0280725051741945,0.052910947754795,"unassigned_Erysipelotrichaceae","unassigned_Erysipelotrichaceae",15,7,27,0.555555555555556,0.259259259259259,0.00320296296296296,0.0115750337480202,24,6,42,0.571428571428571,0.142857142857143,0.000728571428571429,0.00213891307184744,1,0.344389641445855,1,0,0.776442100714291,0,-0.0158730158730158,0.116402116402116,FALSE,TRUE,91,0,27,"ns","ns",0.528287878787879,0.141449073312507
"Enterorhabdus",0.0280318539690361,0.0534190003518525,"Enterorhabdus","Enterorhabdus",18,4,27,0.666666666666667,0.148148148148148,0.000601481481481481,0.000981018715824383,28,6,42,0.666666666666667,0.142857142857143,0.000465714285714286,0.000725981733483644,1,1,1,0,1,0,0,0.00529100529100529,FALSE,TRUE,92,0,27,"ns","ns",0.528287878787879,0.141449073312507
"GCA-900066225",0.0278693770790578,0.0510026819763847,"GCA-900066225","GCA-900066225",21,2,27,0.777777777777778,0.0740740740740741,0.000256296296296296,0.000285281886886909,31,4,42,0.738095238095238,0.0952380952380952,0.00038952380952381,0.000868800553555478,0.780930970310415,1,0.974919299013637,0,1,0,0.0396825396825397,-0.0211640211640212,TRUE,FALSE,93,0,27,"ns","ns",0.528287878787879,0.141449073312507
"Erysipelotrichaceae_UCG-003",0.0272012007800856,0.0520023408192425,"Erysipelotrichaceae_UCG-003","Erysipelotrichaceae_UCG-003",20,1,27,0.740740740740741,0.037037037037037,0.000260740740740741,0.000308119930770296,28,5,42,0.666666666666667,0.119047619047619,0.000465714285714286,0.00107388772374284,0.597932279257005,0.392159103922379,0.937515399056797,0,0.852477903437937,0,0.0740740740740741,-0.082010582010582,TRUE,FALSE,94,0,27,"ns","ns",0.528287878787879,0.141449073312507
"unassigned_Eggerthellaceae",0.0261997456031866,0.048991130152177,"unassigned_Eggerthellaceae","unassigned_Eggerthellaceae",15,1,27,0.555555555555556,0.037037037037037,0.000217777777777778,0.000575962961772138,19,3,42,0.452380952380952,0.0714285714285714,0.000268571428571429,0.00078260531568561,0.464568999363026,1,0.845930454102776,0,1,0,0.103174603174603,-0.0343915343915344,TRUE,FALSE,95,0,27,"ns","ns",0.528287878787879,0.141449073312507
"Desulfovibrio",0.0258562349698248,0.0479196451148012,"Desulfovibrio","Desulfovibrio",18,12,27,0.666666666666667,0.444444444444444,0.00131851851851852,0.00150553773604114,32,20,42,0.761904761904762,0.476190476190476,0.00142190476190476,0.00188949759498132,0.418912172236227,0.810335996874904,0.813891607318404,0,1,0,-0.0952380952380952,-0.0317460317460317,FALSE,FALSE,96,0,27,"ns","ns",0.528287878787879,0.141449073312507
"Butyricimonas",0.0246531143341208,0.0475013905062516,"Butyricimonas","Butyricimonas",16,4,27,0.592592592592593,0.148148148148148,0.000641481481481481,0.00135567100531208,17,4,42,0.404761904761905,0.0952380952380952,0.000272380952380952,0.00054547276216369,0.146026195386253,0.702419699061152,0.536926602636273,0,1,0,0.187830687830688,0.0529100529100529,TRUE,TRUE,97,0,27,"ns","ns",0.528287878787879,0.141449073312507
"Enterobacter",0.0245467741168335,0.0473988745392941,"Enterobacter","Enterobacter",10,4,27,0.37037037037037,0.148148148148148,0.000826666666666667,0.00202965703809971,14,1,42,0.333333333333333,0.0238095238095238,0.000543809523809524,0.00314703805954103,0.799421173264472,0.0727703033310546,0.974919299013637,0,0.68785217008296,0,0.037037037037037,0.124338624338624,TRUE,TRUE,98,0,27,"ns","ns",0.528287878787879,0.141449073312507
"Ruminococcaceae_UCG-008",0.0235725162158951,0.0493428184418947,"Ruminococcaceae_UCG-008","Ruminococcaceae_UCG-008",6,2,27,0.222222222222222,0.0740740740740741,0.000162962962962963,0.000467257257545931,16,5,42,0.380952380952381,0.119047619047619,0.000242857142857143,0.000541822965031513,0.195342930219309,0.696546403647885,0.637046971492733,0,1,0,-0.158730158730159,-0.044973544973545,FALSE,FALSE,99,0,27,"ns","ns",0.528287878787879,0.141449073312507
"Solobacterium",0.0234361980863496,0.0422378629716469,"Solobacterium","Solobacterium",20,4,27,0.740740740740741,0.148148148148148,0.000727407407407407,0.00126345251225056,32,7,42,0.761904761904762,0.166666666666667,0.000586666666666667,0.00107344593662736,1,1,1,0,1,0,-0.0211640211640212,-0.0185185185185185,FALSE,FALSE,100,0,27,"ns","ns",0.528287878787879,0.141449073312507
"Mitsuokella",0.0234330398486805,0.0461257349163838,"Mitsuokella","Mitsuokella",14,14,27,0.518518518518518,0.518518518518518,0.00818814814814815,0.0137665226705492,23,18,42,0.547619047619048,0.428571428571429,0.00653904761904762,0.0103747921071205,1,0.621304207093559,1,0,0.991679634783738,0,-0.0291005291005292,0.0899470899470899,FALSE,TRUE,101,0,27,"ns","ns",0.528287878787879,0.141449073312507
"Anaerosporobacter",0.0226353245346016,0.0405186420186532,"Anaerosporobacter","Anaerosporobacter",14,3,27,0.518518518518518,0.111111111111111,0.000306666666666667,0.000540768683663144,23,0,42,0.547619047619048,0,0.000155238095238095,0.000213898062058498,1,0.0558270030919571,1,0,0.68785217008296,0,-0.0291005291005292,0.111111111111111,FALSE,TRUE,102,0,27,"ns","ns",0.528287878787879,0.141449073312507
"Erysipelotrichaceae_UCG-006",0.022430368764225,0.0422572066133476,"Erysipelotrichaceae_UCG-006","Erysipelotrichaceae_UCG-006",11,2,27,0.407407407407407,0.0740740740740741,0.000223703703703704,0.000361919542144045,22,3,42,0.523809523809524,0.0714285714285714,0.000266666666666667,0.000365290840802208,0.459682161084307,1,0.845930454102776,0,1,0,-0.116402116402116,0.00264550264550265,FALSE,TRUE,103,0,27,"ns","ns",0.528287878787879,0.141449073312507
"Bifidobacterium",0.0223369321370898,0.0433940653011255,"Bifidobacterium","Bifidobacterium",19,5,27,0.703703703703704,0.185185185185185,0.00148296296296296,0.00478053651222636,23,5,42,0.547619047619048,0.119047619047619,0.0173238095238095,0.0727571944964017,0.217483610385242,0.49717988963143,0.637046971492733,0,0.893482700207208,0,0.156084656084656,0.0661375661375661,TRUE,TRUE,104,0,27,"ns","ns",0.528287878787879,0.141449073312507
"Ruminiclostridium_5",0.0221064200020137,0.0420402308668034,"Ruminiclostridium_5","Ruminiclostridium_5",17,0,27,0.62962962962963,0,0.000118518518518519,0.000151497745697971,24,0,42,0.571428571428571,0,8.38095238095238e-05,0.000120748728841512,0.802105259524603,1,0.974919299013637,0,NA,NA,0.0582010582010583,0,TRUE,FALSE,105,0,27,"ns","ns",0.528287878787879,0.141449073312507
"Lachnospiraceae_UCG-003",0.0218969921605319,0.0403624060201766,"Lachnospiraceae_UCG-003","Lachnospiraceae_UCG-003",16,5,27,0.592592592592593,0.185185185185185,0.000712592592592593,0.00141425868755601,23,8,42,0.547619047619048,0.19047619047619,0.000846666666666667,0.00190989038973785,0.805591210237585,1,0.974919299013637,0,1,0,0.0449735449735449,-0.00529100529100529,TRUE,FALSE,106,0,27,"ns","ns",0.528287878787879,0.141449073312507
"Lactococcus",0.0212572070596961,0.0410840929269223,"Lactococcus","Lactococcus",7,0,27,0.259259259259259,0,5.03703703703704e-05,0.000164023485219964,3,0,42,0.0714285714285714,0,6.66666666666667e-06,2.78205632552146e-05,0.0405337634988622,1,0.536926602636273,0,NA,NA,0.187830687830688,0,TRUE,FALSE,107,0,27,"ns","ns",0.528287878787879,0.141449073312507
"Flavonifractor",0.0212535561246128,0.0399031380049486,"Flavonifractor","Flavonifractor",17,0,27,0.62962962962963,0,0.000143703703703704,0.000165765082807154,26,2,42,0.619047619047619,0.0476190476190476,0.00019047619047619,0.000319366387810587,1,0.516624040920716,1,0,NA,NA,0.0105820105820106,-0.0476190476190476,TRUE,FALSE,108,0,27,"ns","ns",0.528287878787879,0.141449073312507
"Candidatus_Soleaferrea",0.0209534584877703,0.0403603492217117,"Candidatus_Soleaferrea","Candidatus_Soleaferrea",12,4,27,0.444444444444444,0.148148148148148,0.000321481481481482,0.00056823413175383,22,8,42,0.523809523809524,0.19047619047619,0.000696190476190476,0.00134682454428103,0.62379847994461,0.752927991804868,0.937515399056797,0,1,0,-0.0793650793650794,-0.0423280423280423,FALSE,FALSE,109,0,27,"ns","ns",0.528287878787879,0.141449073312507
"unassigned_vadinBE97",0.0197537409609431,0.0371005737542011,"unassigned_vadinBE97","unassigned_vadinBE97",12,3,27,0.444444444444444,0.111111111111111,0.000531851851851852,0.00193563552878245,21,3,42,0.5,0.0714285714285714,0.00026952380952381,0.000715599535034247,0.805466245443314,0.672270115939716,0.974919299013637,0,1,0,-0.0555555555555556,0.0396825396825397,FALSE,TRUE,110,0,27,"ns","ns",0.528287878787879,0.141449073312507
"Elusimicrobium",0.0193568650096816,0.0373889569521612,"Elusimicrobium","Elusimicrobium",8,2,27,0.296296296296296,0.0740740740740741,0.000685925925925926,0.00234704930835303,14,9,42,0.333333333333333,0.214285714285714,0.00178190476190476,0.00499681227071393,0.796827481539444,0.180832350902753,0.974919299013637,0,0.740998720204355,0,-0.037037037037037,-0.14021164021164,FALSE,FALSE,111,0,27,"ns","ns",0.528287878787879,0.141449073312507
"Lachnoclostridium_12",0.0186520384394843,0.0392911358966369,"Lachnoclostridium_12","Lachnoclostridium_12",9,2,27,0.333333333333333,0.0740740740740741,0.000368888888888889,0.00111462078178163,8,3,42,0.19047619047619,0.0714285714285714,0.000105714285714286,0.000357205569406933,0.252872014447091,1,0.637046971492733,0,1,0,0.142857142857143,0.00264550264550265,TRUE,TRUE,112,0,27,"ns","ns",0.528287878787879,0.141449073312507
"Lachnospiraceae_FCS020_group",0.018559701975631,0.0342302607261368,"Lachnospiraceae_FCS020_group","Lachnospiraceae_FCS020_group",17,0,27,0.62962962962963,0,0.000157037037037037,0.000251010493418637,26,0,42,0.619047619047619,0,0.000125714285714286,0.00016541364053145,1,1,1,0,NA,NA,0.0105820105820106,0,TRUE,FALSE,113,0,27,"ns","ns",0.528287878787879,0.141449073312507
"Pseudomonas",0.0176144886097413,0.0385779616520194,"Pseudomonas","Pseudomonas",0,0,27,0,0,0,0,8,0,42,0.19047619047619,0,6.0952380952381e-05,0.000173399433478827,0.0188421207818898,1,0.482142299430538,0,NA,NA,-0.19047619047619,0,FALSE,FALSE,114,0,27,"ns","ns",0.528287878787879,0.141449073312507
"Prevotella_6",0.0171744834509601,0.0336152323779615,"Prevotella_6","Prevotella_6",6,1,27,0.222222222222222,0.037037037037037,0.00013037037037037,0.000489469740413671,3,0,42,0.0714285714285714,0,6.66666666666667e-06,2.78205632552146e-05,0.139282449523855,0.391304347826087,0.536926602636273,0,NA,NA,0.150793650793651,0.037037037037037,TRUE,TRUE,115,0,27,"ns","ns",0.528287878787879,0.141449073312507
"Parasutterella",0.0169847636345788,0.0339216340225321,"Parasutterella","Parasutterella",12,2,27,0.444444444444444,0.0740740740740741,0.000441481481481481,0.00182850864768091,14,4,42,0.333333333333333,0.0952380952380952,0.000568571428571429,0.00188669354786463,0.446875485382137,1,0.845930454102776,0,1,0,0.111111111111111,-0.0211640211640212,TRUE,FALSE,116,0,27,"ns","ns",0.528287878787879,0.141449073312507
"CAG-352",0.0168323438664231,0.0324414585921909,"CAG-352","CAG-352",7,2,27,0.259259259259259,0.0740740740740741,0.000700740740740741,0.0030056842634811,8,5,42,0.19047619047619,0.119047619047619,0.00119142857142857,0.00422178818397883,0.557615281622837,0.696546403647885,0.931164441832191,0,1,0,0.0687830687830688,-0.044973544973545,TRUE,FALSE,117,0,27,"ns","ns",0.528287878787879,0.141449073312507
"Treponema_2",0.0150650746109393,0.0288612357474543,"Treponema_2","Treponema_2",5,4,27,0.185185185185185,0.148148148148148,0.0154266666666667,0.0425972220112641,10,9,42,0.238095238095238,0.214285714285714,0.0121285714285714,0.0333765678408706,0.76716593769623,0.546854043449133,0.974919299013637,0,0.955069033629472,0,-0.0529100529100529,-0.0661375661375661,FALSE,FALSE,118,0,27,"ns","ns",0.528287878787879,0.141449073312507
"unassigned_Desulfovibrionaceae",0.0144726203969476,0.0278123041991572,"unassigned_Desulfovibrionaceae","unassigned_Desulfovibrionaceae",10,1,27,0.37037037037037,0.037037037037037,0.000121481481481481,0.000452749750063251,13,0,42,0.30952380952381,0,6.85714285714286e-05,0.000144434497409074,0.611944065004621,0.391304347826087,0.937515399056797,0,NA,NA,0.0608465608465608,0.037037037037037,TRUE,TRUE,119,0,27,"ns","ns",0.528287878787879,0.141449073312507
"Allisonella",0.0144214734731686,0.0296304876462582,"Allisonella","Allisonella",1,0,27,0.037037037037037,0,7.40740740740741e-06,3.84900179459751e-05,9,1,42,0.214285714285714,0.0238095238095238,0.000156190476190476,0.000550356657667364,0.0759394399094301,1,0.536926602636273,0,NA,NA,-0.177248677248677,-0.0238095238095238,FALSE,FALSE,120,0,27,"ns","ns",0.528287878787879,0.141449073312507
"Megamonas",0.0143049719215311,0.0281577001951331,"Megamonas","Megamonas",6,5,27,0.222222222222222,0.185185185185185,0.00124740740740741,0.00328908754308803,4,2,42,0.0952380952380952,0.0476190476190476,0.0100152380952381,0.0633993976749912,0.173378373650839,0.101777354797739,0.6100350184011,0,0.68785217008296,0,0.126984126984127,0.137566137566138,TRUE,TRUE,121,0,27,"ns","ns",0.528287878787879,0.141449073312507
"Libanicoccus",0.0142185248811091,0.0290885159377483,"Libanicoccus","Libanicoccus",4,0,27,0.148148148148148,0,2.07407407407407e-05,6.78190990756306e-05,12,4,42,0.285714285714286,0.0952380952380952,0.00039047619047619,0.00145100966089294,0.247792416186537,0.149774262840644,0.637046971492733,0,0.68785217008296,0,-0.137566137566138,-0.0952380952380952,FALSE,FALSE,122,0,27,"ns","ns",0.528287878787879,0.141449073312507
"Akkermansia",0.0135322033809686,0.028162081293242,"Akkermansia","Akkermansia",8,4,27,0.296296296296296,0.148148148148148,0.00186518518518519,0.00633000326307509,10,4,42,0.238095238095238,0.0952380952380952,0.00145047619047619,0.00464063123985276,0.5894370632391,0.702419699061152,0.937515399056797,0,1,0,0.0582010582010582,0.0529100529100529,TRUE,TRUE,123,0,27,"ns","ns",0.528287878787879,0.141449073312507
"Prevotellaceae_UCG-003",0.01353166812374,0.0329099423050784,"Prevotellaceae_UCG-003","Prevotellaceae_UCG-003",1,1,27,0.037037037037037,0.037037037037037,0.000373333333333333,0.00193989690447714,9,8,42,0.214285714285714,0.19047619047619,0.000799047619047619,0.00229632135246239,0.0759394399094301,0.0793200287599112,0.536926602636273,0,0.68785217008296,0,-0.177248677248677,-0.153439153439153,FALSE,FALSE,124,0,27,"ns","ns",0.528287878787879,0.141449073312507
"unassigned_Atopobiaceae",0.0132448630590405,0.0240861794986986,"unassigned_Atopobiaceae","unassigned_Atopobiaceae",9,0,27,0.333333333333333,0,0.000103703703703704,0.000193830777665391,15,1,42,0.357142857142857,0.0238095238095238,0.000164761904761905,0.000528094772052758,1,1,1,0,NA,NA,-0.0238095238095238,-0.0238095238095238,FALSE,FALSE,125,0,27,"ns","ns",0.528287878787879,0.141449073312507
"Ruminobacter",0.0129558165595569,0.0259378086894751,"Ruminobacter","Ruminobacter",4,3,27,0.148148148148148,0.111111111111111,0.00761481481481481,0.0311256335580091,11,10,42,0.261904761904762,0.238095238095238,0.00638666666666667,0.0223896241939144,0.372717643911019,0.223863773900374,0.786848359367707,0,0.740998720204355,0,-0.113756613756614,-0.126984126984127,FALSE,FALSE,126,0,27,"ns","ns",0.528287878787879,0.141449073312507
"Megasphaera",0.0128715226773928,0.023901252986813,"Megasphaera","Megasphaera",6,2,27,0.222222222222222,0.0740740740740741,0.00115259259259259,0.0057444344922131,7,6,42,0.166666666666667,0.142857142857143,0.00169904761904762,0.00564443166553954,0.753469816384243,0.467487882530482,0.974919299013637,0,0.852477903437937,0,0.0555555555555556,-0.0687830687830688,TRUE,FALSE,127,0,27,"ns","ns",0.528287878787879,0.141449073312507
"Granulicatella",0.0123780570680606,0.0224228781803669,"Granulicatella","Granulicatella",6,0,27,0.222222222222222,0,2.51851851851852e-05,5.67294775071445e-05,11,0,42,0.261904761904762,0,2.57142857142857e-05,6.23578522895094e-05,0.780930970310415,1,0.974919299013637,0,NA,NA,-0.0396825396825397,0,FALSE,FALSE,128,0,27,"ns","ns",0.528287878787879,0.141449073312507
"Lactobacillus",0.0122860664945821,0.0238909517167,"Lactobacillus","Lactobacillus",8,0,27,0.296296296296296,0,4e-05,7.9227035012823e-05,15,3,42,0.357142857142857,0.0714285714285714,0.00170952380952381,0.0095086838237684,0.794048526119771,0.274936061381074,0.974919299013637,0,0.741131991548983,0,-0.0608465608465609,-0.0714285714285714,FALSE,FALSE,129,0,27,"ns","ns",0.528287878787879,0.141449073312507
"Campylobacter",0.0118456988554269,0.0230960278034948,"Campylobacter","Campylobacter",6,4,27,0.222222222222222,0.148148148148148,0.000878518518518518,0.00211047151804757,6,5,42,0.142857142857143,0.119047619047619,0.000598095238095238,0.00269882651833613,0.517941027488846,0.72925070980154,0.911192548360007,0,1,0,0.0793650793650794,0.0291005291005291,TRUE,TRUE,130,0,27,"ns","ns",0.528287878787879,0.141449073312507
"Shuttleworthia",0.0116614410994069,0.0219021241941221,"Shuttleworthia","Shuttleworthia",9,1,27,0.333333333333333,0.037037037037037,8.59259259259259e-05,0.00024171278663958,10,0,42,0.238095238095238,0,6.66666666666667e-05,0.000168474745399417,0.418912172236227,0.391304347826087,0.813891607318404,0,NA,NA,0.0952380952380952,0.037037037037037,TRUE,TRUE,131,0,27,"ns","ns",0.528287878787879,0.141449073312507
"Lachnospiraceae_NK3A20_group",0.0114967996857095,0.0215185119199196,"Lachnospiraceae_NK3A20_group","Lachnospiraceae_NK3A20_group",6,3,27,0.222222222222222,0.111111111111111,0.00166814814814815,0.00642090638044496,11,5,42,0.261904761904762,0.119047619047619,0.00104666666666667,0.00342385224968051,0.780930970310415,1,0.974919299013637,0,1,0,-0.0396825396825397,-0.00793650793650794,FALSE,FALSE,132,0,27,"ns","ns",0.528287878787879,0.141449073312507
"Mogibacterium",0.0114473353484269,0.02428298473648,"Mogibacterium","Mogibacterium",1,0,27,0.037037037037037,0,2.96296296296296e-06,1.539600717839e-05,8,0,42,0.19047619047619,0,3.04761904761905e-05,9.13036312411313e-05,0.0793200287599112,1,0.536926602636273,0,NA,NA,-0.153439153439153,0,FALSE,FALSE,133,0,27,"ns","ns",0.528287878787879,0.141449073312507
"Lachnospiraceae_NC2004_group",0.0111323553998797,0.0208631338070664,"Lachnospiraceae_NC2004_group","Lachnospiraceae_NC2004_group",7,0,27,0.259259259259259,0,8.44444444444444e-05,0.000208240492133741,8,1,42,0.19047619047619,0.0238095238095238,9.61904761904762e-05,0.00025004343408991,0.557615281622837,1,0.931164441832191,0,NA,NA,0.0687830687830688,-0.0238095238095238,TRUE,FALSE,134,0,27,"ns","ns",0.528287878787879,0.141449073312507
"Coriobacteriaceae_UCG-003",0.0107354262064824,0.0201635312139845,"Coriobacteriaceae_UCG-003","Coriobacteriaceae_UCG-003",5,2,27,0.185185185185185,0.0740740740740741,0.000272592592592593,0.000922540774969585,12,4,42,0.285714285714286,0.0952380952380952,0.000303809523809524,0.000731563485669987,0.402539009937495,1,0.805078019874991,0,1,0,-0.100529100529101,-0.0211640211640212,FALSE,FALSE,135,0,27,"ns","ns",0.528287878787879,0.141449073312507
"Weissella",0.0106346708574694,0.0196873185064743,"Weissella","Weissella",8,1,27,0.296296296296296,0.037037037037037,7.55555555555556e-05,0.000240853184347346,9,0,42,0.214285714285714,0,3.80952380952381e-05,0.000108183180137099,0.568500396065969,0.391304347826087,0.931164441832191,0,NA,NA,0.082010582010582,0.037037037037037,TRUE,TRUE,136,0,27,"ns","ns",0.528287878787879,0.141449073312507
"unassigned_Christensenellaceae",0.0105886456695539,0.0193253296332573,"unassigned_Christensenellaceae","unassigned_Christensenellaceae",8,1,27,0.296296296296296,0.037037037037037,0.000106666666666667,0.00040701540322393,12,0,42,0.285714285714286,0,4.0952380952381e-05,9.1593202533214e-05,1,0.391304347826087,1,0,NA,NA,0.0105820105820106,0.037037037037037,TRUE,TRUE,137,0,27,"ns","ns",0.528287878787879,0.141449073312507
"Howardella",0.0104519981173244,0.0193102957628366,"Howardella","Howardella",9,0,27,0.333333333333333,0,4.59259259259259e-05,8.92386282028851e-05,16,0,42,0.380952380952381,0,5.04761904761905e-05,0.000101138696870415,0.799421173264472,1,0.974919299013637,0,NA,NA,-0.0476190476190476,0,FALSE,FALSE,138,0,27,"ns","ns",0.528287878787879,0.141449073312507
"Prevotella",0.00951966710044735,0.0181118711004681,"Prevotella","Prevotella",7,1,27,0.259259259259259,0.037037037037037,0.00033037037037037,0.00143128097946044,13,0,42,0.30952380952381,0,4.95238095238095e-05,0.000112725705964228,0.787689578795285,0.391304347826087,0.974919299013637,0,NA,NA,-0.0502645502645503,0.037037037037037,FALSE,TRUE,139,0,27,"ns","ns",0.528287878787879,0.141449073312507
"FD2005",0.00944808375007378,0.0174650842603957,"FD2005","FD2005",5,0,27,0.185185185185185,0,5.18518518518519e-05,0.000128812237743906,7,0,42,0.166666666666667,0,4.95238095238095e-05,0.000160683788563392,1,1,1,0,NA,NA,0.0185185185185185,0,TRUE,FALSE,140,0,27,"ns","ns",0.528287878787879,0.141449073312507
"Ezakiella",0.00909040984568075,0.0178086824717998,"Ezakiella","Ezakiella",8,1,27,0.296296296296296,0.037037037037037,0.000105185185185185,0.000355553418796998,10,0,42,0.238095238095238,0,3.52380952380952e-05,0.000121198045851551,0.5894370632391,0.391304347826087,0.937515399056797,0,NA,NA,0.0582010582010582,0.037037037037037,TRUE,TRUE,141,0,27,"ns","ns",0.528287878787879,0.141449073312507
"Allorhizobium-Neorhizobium-Pararhizobium-Rhizobium",0.00893925738008657,0.0198725552552442,"Allorhizobium-Neorhizobium-Pararhizobium-Rhizobium","Allorhizobium-Neorhizobium-Pararhizobium-Rhizobium",0,0,27,0,0,0,0,6,0,42,0.142857142857143,0,1.9047619047619e-05,7.61195953685439e-05,0.074513216294718,1,0.536926602636273,0,NA,NA,-0.142857142857143,0,FALSE,FALSE,142,0,27,"ns","ns",0.528287878787879,0.141449073312507
"Citrobacter",0.0089237010157384,0.0173093487391982,"Citrobacter","Citrobacter",5,2,27,0.185185185185185,0.0740740740740741,0.000232592592592593,0.000833826179048186,5,1,42,0.119047619047619,0.0238095238095238,5.33333333333333e-05,0.00024027084987741,0.49717988963143,0.556304156964538,0.891171500282753,0,0.958079381438926,0,0.0661375661375661,0.0502645502645503,TRUE,TRUE,143,0,27,"ns","ns",0.528287878787879,0.141449073312507
"Coprobacillus",0.00884912438065964,0.0172872131321404,"Coprobacillus","Coprobacillus",4,1,27,0.148148148148148,0.037037037037037,0.000167407407407407,0.000775869698579465,0,0,42,0,0,0,0,0.0203007283970753,0.391304347826087,0.482142299430538,0,NA,NA,0.148148148148148,0.037037037037037,TRUE,TRUE,144,0,27,"ns","ns",0.528287878787879,0.141449073312507
"Erysipelotrichaceae_UCG-004",0.00875665855518222,0.0185340002284974,"Erysipelotrichaceae_UCG-004","Erysipelotrichaceae_UCG-004",3,1,27,0.111111111111111,0.037037037037037,0.000111111111111111,0.00046400707333247,7,2,42,0.166666666666667,0.0476190476190476,6.85714285714286e-05,0.000269168289262036,0.729250709801539,1,0.974919299013637,0,NA,NA,-0.0555555555555556,-0.0105820105820106,FALSE,FALSE,145,0,27,"ns","ns",0.528287878787879,0.141449073312507
"Asteroleplasma",0.00859275989121883,0.0207613058713527,"Asteroleplasma","Asteroleplasma",2,1,27,0.0740740740740741,0.037037037037037,0.00507259259259259,0.0261985343971453,6,6,42,0.142857142857143,0.142857142857143,0.00318857142857143,0.0107374931378333,0.467487882530482,0.233056049096531,0.845930454102776,0,0.740998720204355,0,-0.0687830687830688,-0.105820105820106,FALSE,FALSE,146,0,27,"ns","ns",0.528287878787879,0.141449073312507
"Sneathia",0.00856268100390519,0.0173218207553073,"Sneathia","Sneathia",5,1,27,0.185185185185185,0.037037037037037,0.000235555555555556,0.000991181631004644,2,1,42,0.0476190476190476,0.0238095238095238,5.04761904761905e-05,0.000302839830329358,0.101777354797739,1,0.536926602636273,0,NA,NA,0.137566137566138,0.0132275132275132,TRUE,TRUE,147,0,27,"ns","ns",0.528287878787879,0.141449073312507
"DNF00809",0.00849511875095981,0.0156488002943466,"DNF00809","DNF00809",7,0,27,0.259259259259259,0,4.14814814814815e-05,0.000104943343824682,8,1,42,0.19047619047619,0.0238095238095238,7.14285714285714e-05,0.000316509711087264,0.557615281622837,1,0.931164441832191,0,NA,NA,0.0687830687830688,-0.0238095238095238,TRUE,FALSE,148,0,27,"ns","ns",0.528287878787879,0.141449073312507
"Coprobacter",0.00767310098310076,0.0155265173651385,"Coprobacter","Coprobacter",5,0,27,0.185185185185185,0,2.22222222222222e-05,6.21000020644948e-05,2,0,42,0.0476190476190476,0,6.66666666666667e-06,3.04972343141638e-05,0.101777354797739,1,0.536926602636273,0,NA,NA,0.137566137566138,0,TRUE,FALSE,149,0,27,"ns","ns",0.528287878787879,0.141449073312507
"Peptococcus",0.00766491715266472,0.0156508320181775,"Peptococcus","Peptococcus",5,0,27,0.185185185185185,0,1.48148148148148e-05,3.86672561110392e-05,6,0,42,0.142857142857143,0,3.61904761904762e-05,0.000112031188622445,0.740395353708014,1,0.974919299013637,0,NA,NA,0.0423280423280423,0,TRUE,FALSE,150,0,27,"ns","ns",0.528287878787879,0.141449073312507
"Paraprevotella",0.00759581787021932,0.014736249615941,"Paraprevotella","Paraprevotella",4,0,27,0.148148148148148,0,7.25925925925926e-05,0.000189586444512839,2,0,42,0.0476190476190476,0,1.80952380952381e-05,8.75475646396413e-05,0.20056317170252,1,0.637046971492733,0,NA,NA,0.100529100529101,0,TRUE,FALSE,151,0,27,"ns","ns",0.528287878787879,0.141449073312507
"Sphingomonas",0.00758154083876275,0.0173074822690937,"Sphingomonas","Sphingomonas",0,0,27,0,0,0,0,5,0,42,0.119047619047619,0,1.04761904761905e-05,3.64893824151082e-05,0.148462523467295,1,0.536926602636273,0,NA,NA,-0.119047619047619,0,FALSE,FALSE,152,0,27,"ns","ns",0.528287878787879,0.141449073312507
"Ruminococcaceae_UCG-004",0.00726865661036219,0.0142852599020074,"Ruminococcaceae_UCG-004","Ruminococcaceae_UCG-004",4,0,27,0.148148148148148,0,2.81481481481481e-05,7.98574228059482e-05,0,0,42,0,0,0,0,0.0203007283970753,1,0.482142299430538,0,NA,NA,0.148148148148148,0,TRUE,FALSE,153,0,27,"ns","ns",0.528287878787879,0.141449073312507
"Lachnospiraceae_UCG-008",0.00725609097468706,0.0137778430904152,"Lachnospiraceae_UCG-008","Lachnospiraceae_UCG-008",4,0,27,0.148148148148148,0,2.66666666666667e-05,9.47872110815345e-05,4,1,42,0.0952380952380952,0.0238095238095238,3.04761904761905e-05,0.000156500641017192,0.702419699061152,1,0.974919299013637,0,NA,NA,0.0529100529100529,-0.0238095238095238,TRUE,FALSE,154,0,27,"ns","ns",0.528287878787879,0.141449073312507
"unassigned_Coriobacteriales_Incertae_Sedis",0.00715652781003244,0.0157984206371136,"unassigned_Coriobacteriales_Incertae_Sedis","unassigned_Coriobacteriales_Incertae_Sedis",3,0,27,0.111111111111111,0,1.18518518518519e-05,3.81330703475481e-05,6,0,42,0.142857142857143,0,2.0952380952381e-05,7.56051851302743e-05,1,1,1,0,NA,NA,-0.0317460317460317,0,FALSE,FALSE,155,0,27,"ns","ns",0.528287878787879,0.141449073312507
"Stenotrophomonas",0.00701178044068145,0.0155737438586139,"Stenotrophomonas","Stenotrophomonas",0,0,27,0,0,0,0,6,2,42,0.142857142857143,0.0476190476190476,8.47619047619048e-05,0.000265947345744376,0.074513216294718,0.516624040920716,0.536926602636273,0,NA,NA,-0.142857142857143,-0.0476190476190476,FALSE,FALSE,156,0,27,"ns","ns",0.528287878787879,0.141449073312507
"Holdemania",0.00699963578597608,0.0131753453148077,"Holdemania","Holdemania",4,0,27,0.148148148148148,0,1.18518518518519e-05,3.97140778214474e-05,5,0,42,0.119047619047619,0,2.28571428571429e-05,7.29278197874769e-05,0.72925070980154,1,0.974919299013637,0,NA,NA,0.0291005291005291,0,TRUE,FALSE,157,0,27,"ns","ns",0.528287878787879,0.141449073312507
"Porphyromonas",0.00693265966083714,0.0131615292191148,"Porphyromonas","Porphyromonas",5,1,27,0.185185185185185,0.037037037037037,0.000114074074074074,0.000472857591664025,7,1,42,0.166666666666667,0.0238095238095238,8.66666666666667e-05,0.000487095256205484,1,1,1,0,NA,NA,0.0185185185185185,0.0132275132275132,TRUE,TRUE,158,0,27,"ns","ns",0.528287878787879,0.141449073312507
"unassigned_Enterobacteriaceae",0.00668768024167331,0.0131236652263514,"unassigned_Enterobacteriaceae","unassigned_Enterobacteriaceae",5,0,27,0.185185185185185,0,5.18518518518518e-05,0.000134879919159942,7,3,42,0.166666666666667,0.0714285714285714,0.000362857142857143,0.00161795758893176,1,0.274936061381074,1,0,0.741131991548983,0,0.0185185185185185,-0.0714285714285714,TRUE,FALSE,159,0,27,"ns","ns",0.528287878787879,0.141449073312507
"unassigned_Victivallaceae",0.00667017843492657,0.0134525494552929,"unassigned_Victivallaceae","unassigned_Victivallaceae",3,1,27,0.111111111111111,0.037037037037037,9.18518518518518e-05,0.000408496653192551,0,0,42,0,0,0,0,0.0558270030919571,0.391304347826087,0.536926602636273,0,NA,NA,0.111111111111111,0.037037037037037,TRUE,TRUE,160,0,27,"ns","ns",0.528287878787879,0.141449073312507
"Victivallis",0.00662675582795962,0.0126140839215686,"Victivallis","Victivallis",5,1,27,0.185185185185185,0.037037037037037,6.66666666666667e-05,0.000231915103830293,3,1,42,0.0714285714285714,0.0238095238095238,0.000105714285714286,0.000629785650167416,0.247278459835734,1,0.637046971492733,0,NA,NA,0.113756613756614,0.0132275132275132,TRUE,TRUE,161,0,27,"ns","ns",0.528287878787879,0.141449073312507
"Actinomyces",0.00661955310322899,0.0128872922167003,"Actinomyces","Actinomyces",4,0,27,0.148148148148148,0,1.18518518518519e-05,3.29378245319919e-05,7,0,42,0.166666666666667,0,1.52380952380952e-05,4.41305212251166e-05,1,1,1,0,NA,NA,-0.0185185185185185,0,FALSE,FALSE,162,0,27,"ns","ns",0.528287878787879,0.141449073312507
"Oscillospira",0.00655233540955628,0.0147859532828675,"Oscillospira","Oscillospira",1,0,27,0.037037037037037,0,1.48148148148148e-06,7.69800358919501e-06,4,0,42,0.0952380952380952,0,5.71428571428571e-06,2.08528944172005e-05,0.641457904617808,1,0.937515399056797,0,NA,NA,-0.0582010582010582,0,FALSE,FALSE,163,0,27,"ns","ns",0.528287878787879,0.141449073312507
"Prevotella_1",0.0064668691216152,0.013582781350927,"Prevotella_1","Prevotella_1",1,0,27,0.037037037037037,0,2.96296296296296e-06,1.539600717839e-05,5,4,42,0.119047619047619,0.0952380952380952,0.00126,0.00429123440083699,0.392159103922379,0.149774262840644,0.79266201856651,0,0.68785217008296,0,-0.082010582010582,-0.0952380952380952,FALSE,FALSE,164,0,27,"ns","ns",0.528287878787879,0.141449073312507
"UBA1819",0.00617409599912826,0.0115238351811974,"UBA1819","UBA1819",5,0,27,0.185185185185185,0,4.2962962962963e-05,0.000128386879715923,7,2,42,0.166666666666667,0.0476190476190476,0.000267619047619048,0.00127769573370229,1,0.516624040920716,1,0,NA,NA,0.0185185185185185,-0.0476190476190476,TRUE,FALSE,165,0,27,"ns","ns",0.528287878787879,0.141449073312507
"Cloacibacillus",0.00589885420143873,0.0113986888355927,"Cloacibacillus","Cloacibacillus",3,0,27,0.111111111111111,0,2.22222222222222e-05,7.04563876742383e-05,1,1,42,0.0238095238095238,0.0238095238095238,2.95238095238095e-05,0.000191336153952994,0.291879361620171,1,0.652436220092148,0,NA,NA,0.0873015873015873,-0.0238095238095238,TRUE,FALSE,166,0,27,"ns","ns",0.528287878787879,0.141449073312507
"Enterococcus",0.0055054051267063,0.0108992197542423,"Enterococcus","Enterococcus",4,1,27,0.148148148148148,0.037037037037037,9.18518518518519e-05,0.000338651591292438,7,2,42,0.166666666666667,0.0476190476190476,0.000180952380952381,0.000716317852611397,1,1,1,0,NA,NA,-0.0185185185185185,-0.0105820105820106,FALSE,FALSE,167,0,27,"ns","ns",0.528287878787879,0.141449073312507
"Gordonibacter",0.00548278077517226,0.0121670217536227,"Gordonibacter","Gordonibacter",1,0,27,0.037037037037037,0,1.18518518518519e-05,6.15840287135601e-05,4,0,42,0.0952380952380952,0,1.04761904761905e-05,4.14936010907107e-05,0.641457904617808,1,0.937515399056797,0,NA,NA,-0.0582010582010582,0,FALSE,FALSE,168,0,27,"ns","ns",0.528287878787879,0.141449073312507
"Gardnerella",0.00545687668223443,0.0106219636894181,"Gardnerella","Gardnerella",3,0,27,0.111111111111111,0,2.66666666666667e-05,9.86056637474589e-05,2,0,42,0.0476190476190476,0,2.85714285714286e-06,1.36660009469315e-05,0.372551333081165,1,0.786848359367707,0,NA,NA,0.0634920634920635,0,TRUE,FALSE,169,0,27,"ns","ns",0.528287878787879,0.141449073312507
"Brachyspira",0.00540928142435903,0.0128367967326826,"Brachyspira","Brachyspira",0,0,27,0,0,0,0,4,1,42,0.0952380952380952,0.0238095238095238,0.00012,0.000632146941855737,0.149774262840644,1,0.536926602636273,0,NA,NA,-0.0952380952380952,-0.0238095238095238,FALSE,FALSE,170,0,27,"ns","ns",0.528287878787879,0.141449073312507
"Fusobacterium",0.00526548889814517,0.0100847453632399,"Fusobacterium","Fusobacterium",4,1,27,0.148148148148148,0.037037037037037,0.000801481481481481,0.00413268370963405,5,0,42,0.119047619047619,0,3.80952380952381e-05,0.000132503807496847,0.72925070980154,0.391304347826087,0.974919299013637,0,NA,NA,0.0291005291005291,0.037037037037037,TRUE,TRUE,171,0,27,"ns","ns",0.528287878787879,0.141449073312507
"Acinetobacter",0.00498437452113839,0.0119819580489211,"Acinetobacter","Acinetobacter",0,0,27,0,0,0,0,7,1,42,0.166666666666667,0.0238095238095238,0.00464571428571429,0.0298677926824406,0.0373518220337513,1,0.536926602636273,0,NA,NA,-0.166666666666667,-0.0238095238095238,FALSE,FALSE,172,0,27,"ns","ns",0.528287878787879,0.141449073312507
"Gemella",0.00497966595417786,0.010292587571311,"Gemella","Gemella",4,0,27,0.148148148148148,0,1.33333333333333e-05,4.15099617330217e-05,5,0,42,0.119047619047619,0,2.76190476190476e-05,0.000115014517086037,0.72925070980154,1,0.974919299013637,0,NA,NA,0.0291005291005291,0,TRUE,FALSE,173,0,27,"ns","ns",0.528287878787879,0.141449073312507
"Parvimonas",0.00481430135063481,0.00922596570731727,"Parvimonas","Parvimonas",4,1,27,0.148148148148148,0.037037037037037,8.14814814814815e-05,0.000304930051294286,3,1,42,0.0714285714285714,0.0238095238095238,3.33333333333333e-05,0.000162640808287235,0.419796723774756,1,0.813891607318404,0,NA,NA,0.0767195767195767,0.0132275132275132,TRUE,TRUE,174,0,27,"ns","ns",0.528287878787879,0.141449073312507
"Adlercreutzia",0.0047642982246673,0.00894611085685696,"Adlercreutzia","Adlercreutzia",3,0,27,0.111111111111111,0,1.33333333333333e-05,4e-05,4,0,42,0.0952380952380952,0,1.80952380952381e-05,9.31622789581365e-05,1,1,1,0,NA,NA,0.0158730158730159,0,TRUE,FALSE,175,0,27,"ns","ns",0.528287878787879,0.141449073312507
"Comamonas",0.00458256811322991,0.008527182314532,"Comamonas","Comamonas",3,1,27,0.111111111111111,0.037037037037037,8.2962962962963e-05,0.000288641577244097,6,2,42,0.142857142857143,0.0476190476190476,0.00102571428571429,0.00635956017149872,1,1,1,0,NA,NA,-0.0317460317460317,-0.0105820105820106,FALSE,FALSE,176,0,27,"ns","ns",0.528287878787879,0.141449073312507
"Prevotellaceae_UCG-004",0.00441730326005388,0.00950336370188024,"Prevotellaceae_UCG-004","Prevotellaceae_UCG-004",0,0,27,0,0,0,0,3,2,42,0.0714285714285714,0.0476190476190476,0.000391428571428571,0.00221694645130284,0.274936061381074,0.516624040920716,0.637046971492733,0,NA,NA,-0.0714285714285714,-0.0476190476190476,FALSE,FALSE,177,0,27,"ns","ns",0.528287878787879,0.141449073312507
"Hungatella",0.0042019409776126,0.00894649044612922,"Hungatella","Hungatella",2,0,27,0.0740740740740741,0,2.96296296296296e-06,1.06752102536725e-05,2,1,42,0.0476190476190476,0.0238095238095238,3.33333333333333e-05,0.000203753397896751,0.641457904617808,1,0.937515399056797,0,NA,NA,0.0264550264550265,-0.0238095238095238,TRUE,FALSE,178,0,27,"ns","ns",0.528287878787879,0.141449073312507
"Tyzzerella_3",0.00416942584867983,0.00883338413517441,"Tyzzerella_3","Tyzzerella_3",3,0,27,0.111111111111111,0,4.44444444444444e-05,0.000144364211773644,1,1,42,0.0238095238095238,0.0238095238095238,0.00044952380952381,0.0029132472472843,0.291879361620171,1,0.652436220092148,0,NA,NA,0.0873015873015873,-0.0238095238095238,TRUE,FALSE,179,0,27,"ns","ns",0.528287878787879,0.141449073312507
"Sphingobium",0.00375566044901697,0.00856067875597193,"Sphingobium","Sphingobium",0,0,27,0,0,0,0,5,0,42,0.119047619047619,0,2.38095238095238e-05,7.44722040453851e-05,0.148462523467295,1,0.536926602636273,0,NA,NA,-0.119047619047619,0,FALSE,FALSE,180,0,27,"ns","ns",0.528287878787879,0.141449073312507
"Peptoniphilus",0.00372525891042873,0.00728100122505082,"Peptoniphilus","Peptoniphilus",3,0,27,0.111111111111111,0,3.40740740740741e-05,0.000154004476939402,4,0,42,0.0952380952380952,0,1.71428571428571e-05,6.96431921728741e-05,1,1,1,0,NA,NA,0.0158730158730159,0,TRUE,FALSE,181,0,27,"ns","ns",0.528287878787879,0.141449073312507
"Brevundimonas",0.00354283554743497,0.00908861475534049,"Brevundimonas","Brevundimonas",0,0,27,0,0,0,0,4,0,42,0.0952380952380952,0,1.80952380952381e-05,9.31622789581365e-05,0.149774262840644,1,0.536926602636273,0,NA,NA,-0.0952380952380952,0,FALSE,FALSE,182,0,27,"ns","ns",0.528287878787879,0.141449073312507
"DTU089",0.00301587433233826,0.00654252620872225,"DTU089","DTU089",2,0,27,0.0740740740740741,0,5.92592592592593e-06,2.40607019622741e-05,3,0,42,0.0714285714285714,0,7.61904761904762e-06,3.77287833325404e-05,1,1,1,0,NA,NA,0.00264550264550265,0,TRUE,FALSE,183,0,27,"ns","ns",0.528287878787879,0.141449073312507
"Chryseobacterium",0.00298859500455392,0.00842958102714064,"Chryseobacterium","Chryseobacterium",0,0,27,0,0,0,0,4,3,42,0.0952380952380952,0.0714285714285714,0.000483809523809524,0.00241356830498619,0.149774262840644,0.274936061381074,0.536926602636273,0,0.741131991548983,0,-0.0952380952380952,-0.0714285714285714,FALSE,FALSE,184,0,27,"ns","ns",0.528287878787879,0.141449073312507
"Cronobacter",0.00294188881457211,0.00590553961786976,"Cronobacter","Cronobacter",2,0,27,0.0740740740740741,0,3.55555555555556e-05,0.000135570967317812,1,1,42,0.0238095238095238,0.0238095238095238,0.000147619047619048,0.00095668076976497,0.556304156964538,1,0.931164441832191,0,NA,NA,0.0502645502645503,-0.0238095238095238,TRUE,FALSE,185,0,27,"ns","ns",0.528287878787879,0.141449073312507
"Eggerthella",0.00276776356445484,0.00769663200107939,"Eggerthella","Eggerthella",0,0,27,0,0,0,0,3,0,42,0.0714285714285714,0,5.71428571428571e-06,2.58648322445425e-05,0.274936061381074,1,0.637046971492733,0,NA,NA,-0.0714285714285714,0,FALSE,FALSE,186,0,27,"ns","ns",0.528287878787879,0.141449073312507
"Mycoplasma",0.00276158572928912,0.00555230122137002,"Mycoplasma","Mycoplasma",2,0,27,0.0740740740740741,0,4.44444444444444e-06,1.69463709147265e-05,0,0,42,0,0,0,0,0.149616368286445,1,0.536926602636273,0,NA,NA,0.0740740740740741,0,TRUE,FALSE,187,0,27,"ns","ns",0.528287878787879,0.141449073312507
"Corynebacterium_1",0.00272447755108229,0.00561269737341925,"Corynebacterium_1","Corynebacterium_1",0,0,27,0,0,0,0,5,1,42,0.119047619047619,0.0238095238095238,9.42857142857143e-05,0.000501690521926557,0.148462523467295,1,0.536926602636273,0,NA,NA,-0.119047619047619,-0.0238095238095238,FALSE,FALSE,188,0,27,"ns","ns",0.528287878787879,0.141449073312507
"Peptostreptococcus",0.00265995635736403,0.00527874002821008,"Peptostreptococcus","Peptostreptococcus",3,0,27,0.111111111111111,0,2.66666666666667e-05,0.000115824801382884,2,0,42,0.0476190476190476,0,2.85714285714286e-06,1.36660009469315e-05,0.372551333081165,1,0.786848359367707,0,NA,NA,0.0634920634920635,0,TRUE,FALSE,189,0,27,"ns","ns",0.528287878787879,0.141449073312507
"unassigned_Saccharimonadaceae",0.00265959221010666,0.00487353529457343,"unassigned_Saccharimonadaceae","unassigned_Saccharimonadaceae",2,0,27,0.0740740740740741,0,2.96296296296296e-06,1.06752102536725e-05,2,0,42,0.0476190476190476,0,3.80952380952381e-06,1.72432214963617e-05,0.641457904617808,1,0.937515399056797,0,NA,NA,0.0264550264550265,0,TRUE,FALSE,190,0,27,"ns","ns",0.528287878787879,0.141449073312507
"Leuconostoc",0.00260919291330128,0.00537207636536578,"Leuconostoc","Leuconostoc",0,0,27,0,0,0,0,2,0,42,0.0476190476190476,0,2.85714285714286e-06,1.36660009469315e-05,0.516624040920716,1,NA,NA,NA,NA,-0.0476190476190476,0,FALSE,FALSE,191,0,27,"ns","ns",0.528287878787879,0.141449073312507
"Anaerococcus",0.00229578183935302,0.00440505484274182,"Anaerococcus","Anaerococcus",2,0,27,0.0740740740740741,0,5.92592592592593e-06,2.1350420507345e-05,2,0,42,0.0476190476190476,0,1.9047619047619e-06,8.62161074818085e-06,0.641457904617808,1,0.937515399056797,0,NA,NA,0.0264550264550265,0,TRUE,FALSE,192,0,27,"ns","ns",0.528287878787879,0.141449073312507
"Atopobium",0.00227406872264584,0.00529473620015057,"Atopobium","Atopobium",1,0,27,0.037037037037037,0,7.40740740740741e-06,3.84900179459751e-05,3,0,42,0.0714285714285714,0,1.23809523809524e-05,6.81393666456897e-05,1,1,1,0,NA,NA,-0.0343915343915344,0,FALSE,FALSE,193,0,27,"ns","ns",0.528287878787879,0.141449073312507
"Neisseria",0.00209516736512374,0.00461920479253107,"Neisseria","Neisseria",0,0,27,0,0,0,0,2,0,42,0.0476190476190476,0,4.76190476190476e-06,2.53018938111307e-05,0.516624040920716,1,NA,NA,NA,NA,-0.0476190476190476,0,FALSE,FALSE,194,0,27,"ns","ns",0.528287878787879,0.141449073312507
"Shewanella",0.00199643068622871,0.00495790170923916,"Shewanella","Shewanella",0,0,27,0,0,0,0,4,3,42,0.0952380952380952,0.0714285714285714,0.000286666666666667,0.00142487768694868,0.149774262840644,0.274936061381074,0.536926602636273,0,0.741131991548983,0,-0.0952380952380952,-0.0714285714285714,FALSE,FALSE,195,0,27,"ns","ns",0.528287878787879,0.141449073312507
"Prevotellaceae_UCG-001",0.00182665319826547,0.00474972471626147,"Prevotellaceae_UCG-001","Prevotellaceae_UCG-001",0,0,27,0,0,0,0,2,0,42,0.0476190476190476,0,3.9047619047619e-05,0.00017942740258687,0.516624040920716,1,NA,NA,NA,NA,-0.0476190476190476,0,FALSE,FALSE,196,0,27,"ns","ns",0.528287878787879,0.141449073312507
"Negativibacillus",0.00179127405257603,0.00367787529511944,"Negativibacillus","Negativibacillus",1,0,27,0.037037037037037,0,1.18518518518519e-05,6.15840287135601e-05,1,0,42,0.0238095238095238,0,9.52380952380952e-07,6.17213399848368e-06,1,1,NA,NA,NA,NA,0.0132275132275132,0,TRUE,FALSE,197,0,27,"ns","ns",0.528287878787879,0.141449073312507
"Tyzzerella_4",0.00179055049963232,0.00384071276702661,"Tyzzerella_4","Tyzzerella_4",1,1,27,0.037037037037037,0.037037037037037,0.000112592592592593,0.000585048272778821,2,1,42,0.0476190476190476,0.0238095238095238,9.33333333333333e-05,0.000508324203569886,1,1,NA,NA,NA,NA,-0.0105820105820106,0.0132275132275132,FALSE,TRUE,198,0,27,"ns","ns",0.528287878787879,0.141449073312507
"Vagococcus",0.00159148835976288,0.00341417482904194,"Vagococcus","Vagococcus",1,0,27,0.037037037037037,0,8.88888888888889e-06,4.61880215351701e-05,0,0,42,0,0,0,0,0.391304347826087,1,NA,NA,NA,NA,0.037037037037037,0,TRUE,FALSE,199,0,27,"ns","ns",0.528287878787879,0.141449073312507
"Moryella",0.00150812078427684,0.0030042871864929,"Moryella","Moryella",2,0,27,0.0740740740740741,0,8.88888888888889e-06,3.38927418294529e-05,2,0,42,0.0476190476190476,0,3.80952380952381e-06,1.72432214963617e-05,0.641457904617808,1,0.937515399056797,0,NA,NA,0.0264550264550265,0,TRUE,FALSE,200,0,27,"ns","ns",0.528287878787879,0.141449073312507
"Acidaminococcus",0.00141948592786581,0.00313682393952681,"Acidaminococcus","Acidaminococcus",1,1,27,0.037037037037037,0.037037037037037,0.000460740740740741,0.00239407911623965,1,0,42,0.0238095238095238,0,3.80952380952381e-06,2.46885359939347e-05,1,0.391304347826087,NA,NA,NA,NA,0.0132275132275132,0.037037037037037,TRUE,TRUE,201,0,27,"ns","ns",0.528287878787879,0.141449073312507
"Anaerotruncus",0.00127337919425682,0.00369807695661742,"Anaerotruncus","Anaerotruncus",0,0,27,0,0,0,0,1,0,42,0.0238095238095238,0,6.66666666666667e-06,4.32049379893857e-05,1,1,NA,NA,NA,NA,-0.0238095238095238,0,FALSE,FALSE,202,0,27,"ns","ns",0.528287878787879,0.141449073312507
"Lelliottia",0.00125991065702651,0.0026543442607702,"Lelliottia","Lelliottia",1,0,27,0.037037037037037,0,5.92592592592593e-06,3.079201435678e-05,1,1,42,0.0238095238095238,0.0238095238095238,4.66666666666667e-05,0.0003024345659257,1,1,NA,NA,NA,NA,0.0132275132275132,-0.0238095238095238,TRUE,FALSE,203,0,27,"ns","ns",0.528287878787879,0.141449073312507
"Mailhella",0.00117436819967391,0.0024621173078746,"Mailhella","Mailhella",1,0,27,0.037037037037037,0,2.37037037037037e-05,0.00012316805742712,1,1,42,0.0238095238095238,0.0238095238095238,3.14285714285714e-05,0.000203680421949961,1,1,NA,NA,NA,NA,0.0132275132275132,-0.0238095238095238,TRUE,FALSE,204,0,27,"ns","ns",0.528287878787879,0.141449073312507
"Bradyrhizobium",0.00115648550497839,0.00245702549557931,"Bradyrhizobium","Bradyrhizobium",0,0,27,0,0,0,0,2,0,42,0.0476190476190476,0,1.9047619047619e-06,8.62161074818085e-06,0.516624040920716,1,NA,NA,NA,NA,-0.0476190476190476,0,FALSE,FALSE,205,0,27,"ns","ns",0.528287878787879,0.141449073312507
"Scardovia",0.00110609403059113,0.00233950880760198,"Scardovia","Scardovia",1,0,27,0.037037037037037,0,1.48148148148148e-06,7.69800358919501e-06,0,0,42,0,0,0,0,0.391304347826087,1,NA,NA,NA,NA,0.037037037037037,0,TRUE,FALSE,206,0,27,"ns","ns",0.528287878787879,0.141449073312507
"unassigned_Bacteroidales_RF16_group",0.00107516281633638,0.00257835248507322,"unassigned_Bacteroidales_RF16_group","unassigned_Bacteroidales_RF16_group",0,0,27,0,0,0,0,1,1,42,0.0238095238095238,0.0238095238095238,0.000160952380952381,0.00104309064574374,1,1,NA,NA,NA,NA,-0.0238095238095238,-0.0238095238095238,FALSE,FALSE,207,0,27,"ns","ns",0.528287878787879,0.141449073312507
"Leptotrichia",0.00104154149798004,0.00257845498855682,"Leptotrichia","Leptotrichia",0,0,27,0,0,0,0,1,0,42,0.0238095238095238,0,1.9047619047619e-06,1.23442679969674e-05,1,1,NA,NA,NA,NA,-0.0238095238095238,0,FALSE,FALSE,208,0,27,"ns","ns",0.528287878787879,0.141449073312507
"dgA-11_gut_group",0.00102001699855873,0.00202032493043807,"dgA-11_gut_group","dgA-11_gut_group",1,1,27,0.037037037037037,0.037037037037037,4.59259259259259e-05,0.000238638111265045,1,0,42,0.0238095238095238,0,4.76190476190476e-06,3.08606699924184e-05,1,0.391304347826087,NA,NA,NA,NA,0.0132275132275132,0.037037037037037,TRUE,TRUE,209,0,27,"ns","ns",0.528287878787879,0.141449073312507
"Negativicoccus",0.000955449465710249,0.00281361896935332,"Negativicoccus","Negativicoccus",0,0,27,0,0,0,0,2,0,42,0.0476190476190476,0,1.9047619047619e-06,8.62161074818085e-06,0.516624040920716,1,NA,NA,NA,NA,-0.0476190476190476,0,FALSE,FALSE,210,0,27,"ns","ns",0.528287878787879,0.141449073312507
"Epulopiscium",0.000871283996661612,0.00182101637208749,"Epulopiscium","Epulopiscium",1,0,27,0.037037037037037,0,2.96296296296296e-06,1.539600717839e-05,1,0,42,0.0238095238095238,0,1.9047619047619e-06,1.23442679969674e-05,1,1,NA,NA,NA,NA,0.0132275132275132,0,TRUE,FALSE,211,0,27,"ns","ns",0.528287878787879,0.141449073312507
"Raoultella",0.000869436732431603,0.00204648246566303,"Raoultella","Raoultella",1,0,27,0.037037037037037,0,1.18518518518519e-05,6.15840287135601e-05,1,0,42,0.0238095238095238,0,4.76190476190476e-06,3.08606699924184e-05,1,1,NA,NA,NA,NA,0.0132275132275132,0,TRUE,FALSE,212,0,27,"ns","ns",0.528287878787879,0.141449073312507
"Staphylococcus",0.000865258412071332,0.00189116113642703,"Staphylococcus","Staphylococcus",0,0,27,0,0,0,0,3,3,42,0.0714285714285714,0.0714285714285714,0.00159619047619048,0.00708357252858414,0.274936061381074,0.274936061381074,0.637046971492733,0,0.741131991548983,0,-0.0714285714285714,-0.0714285714285714,FALSE,FALSE,213,0,27,"ns","ns",0.528287878787879,0.141449073312507
"Kocuria",0.000864830742088914,0.00226294871141911,"Kocuria","Kocuria",0,0,27,0,0,0,0,2,0,42,0.0476190476190476,0,2.85714285714286e-06,1.36660009469315e-05,0.516624040920716,1,NA,NA,NA,NA,-0.0476190476190476,0,FALSE,FALSE,214,0,27,"ns","ns",0.528287878787879,0.141449073312507
"Cutibacterium",0.000831669107190522,0.00207520362377701,"Cutibacterium","Cutibacterium",0,0,27,0,0,0,0,2,0,42,0.0476190476190476,0,2.85714285714286e-06,1.36660009469315e-05,0.516624040920716,1,NA,NA,NA,NA,-0.0476190476190476,0,FALSE,FALSE,215,0,27,"ns","ns",0.528287878787879,0.141449073312507
"Cetobacterium",0.000825010933420163,0.0017790989144719,"Cetobacterium","Cetobacterium",1,1,27,0.037037037037037,0.037037037037037,6.96296296296296e-05,0.000361806168692165,0,0,42,0,0,0,0,0.391304347826087,0.391304347826087,NA,NA,NA,NA,0.037037037037037,0.037037037037037,TRUE,TRUE,216,0,27,"ns","ns",0.528287878787879,0.141449073312507
"Empedobacter",0.000782402674752789,0.00203168172057768,"Empedobacter","Empedobacter",0,0,27,0,0,0,0,2,0,42,0.0476190476190476,0,3.80952380952381e-06,1.72432214963617e-05,0.516624040920716,1,NA,NA,NA,NA,-0.0476190476190476,0,FALSE,FALSE,217,0,27,"ns","ns",0.528287878787879,0.141449073312507
"Finegoldia",0.000780630998731055,0.00149581844782885,"Finegoldia","Finegoldia",1,0,27,0.037037037037037,0,1.62962962962963e-05,8.46780394811451e-05,2,0,42,0.0476190476190476,0,1.9047619047619e-06,8.62161074818085e-06,1,1,NA,NA,NA,NA,-0.0105820105820106,0,FALSE,FALSE,218,0,27,"ns","ns",0.528287878787879,0.141449073312507
"Bacillus",0.000771265091311847,0.00179989409203782,"Bacillus","Bacillus",0,0,27,0,0,0,0,2,0,42,0.0476190476190476,0,4.76190476190476e-06,2.53018938111307e-05,0.516624040920716,1,NA,NA,NA,NA,-0.0476190476190476,0,FALSE,FALSE,219,0,27,"ns","ns",0.528287878787879,0.141449073312507
"Succiniclasticum",0.000738170035511123,0.00217011307517092,"Succiniclasticum","Succiniclasticum",0,0,27,0,0,0,0,1,0,42,0.0238095238095238,0,1.23809523809524e-05,8.02377419802878e-05,1,1,NA,NA,NA,NA,-0.0238095238095238,0,FALSE,FALSE,220,0,27,"ns","ns",0.528287878787879,0.141449073312507
"Aggregatibacter",0.000715288562015936,0.00182915074624473,"Aggregatibacter","Aggregatibacter",0,0,27,0,0,0,0,1,0,42,0.0238095238095238,0,9.52380952380952e-07,6.17213399848368e-06,1,1,NA,NA,NA,NA,-0.0238095238095238,0,FALSE,FALSE,221,0,27,"ns","ns",0.528287878787879,0.141449073312507
"unassigned_Puniceicoccaceae",0.000713656752955515,0.00154815038121579,"unassigned_Puniceicoccaceae","unassigned_Puniceicoccaceae",0,0,27,0,0,0,0,1,0,42,0.0238095238095238,0,1.71428571428571e-05,0.000111098411972706,1,1,NA,NA,NA,NA,-0.0238095238095238,0,FALSE,FALSE,222,0,27,"ns","ns",0.528287878787879,0.141449073312507
"CAG-873",0.000689345661118426,0.0015714779961949,"CAG-873","CAG-873",1,1,27,0.037037037037037,0.037037037037037,0.00030962962962963,0.00160888275014176,0,0,42,0,0,0,0,0.391304347826087,0.391304347826087,NA,NA,NA,NA,0.037037037037037,0.037037037037037,TRUE,TRUE,223,0,27,"ns","ns",0.528287878787879,0.141449073312507
"Eisenbergiella",0.000687587344840915,0.00159245460295924,"Eisenbergiella","Eisenbergiella",1,0,27,0.037037037037037,0,1.48148148148148e-05,7.69800358919501e-05,0,0,42,0,0,0,0,0.391304347826087,1,NA,NA,NA,NA,0.037037037037037,0,TRUE,FALSE,224,0,27,"ns","ns",0.528287878787879,0.141449073312507
"Helicobacter",0.000685278608882453,0.00195776171965436,"Helicobacter","Helicobacter",0,0,27,0,0,0,0,1,1,42,0.0238095238095238,0.0238095238095238,7.52380952380952e-05,0.00048759858588021,1,1,NA,NA,NA,NA,-0.0238095238095238,-0.0238095238095238,FALSE,FALSE,225,0,27,"ns","ns",0.528287878787879,0.141449073312507
"Murdochiella",0.000647590327704542,0.0014256073406683,"Murdochiella","Murdochiella",1,0,27,0.037037037037037,0,4.44444444444444e-06,2.3094010767585e-05,0,0,42,0,0,0,0,0.391304347826087,1,NA,NA,NA,NA,0.037037037037037,0,TRUE,FALSE,226,0,27,"ns","ns",0.528287878787879,0.141449073312507
"Dolosigranulum",0.0006397440444818,0.00147675940370392,"Dolosigranulum","Dolosigranulum",0,0,27,0,0,0,0,2,1,42,0.0476190476190476,0.0238095238095238,2.85714285714286e-05,0.000161767243640307,0.516624040920716,1,NA,NA,NA,NA,-0.0476190476190476,-0.0238095238095238,FALSE,FALSE,227,0,27,"ns","ns",0.528287878787879,0.141449073312507
"Fastidiosipila",0.000631154243296405,0.00136854419000151,"Fastidiosipila","Fastidiosipila",1,0,27,0.037037037037037,0,1.62962962962963e-05,8.46780394811451e-05,0,0,42,0,0,0,0,0.391304347826087,1,NA,NA,NA,NA,0.037037037037037,0,TRUE,FALSE,228,0,27,"ns","ns",0.528287878787879,0.141449073312507
"Mobiluncus",0.000535557567531024,0.00118467146967767,"Mobiluncus","Mobiluncus",1,0,27,0.037037037037037,0,1.48148148148148e-06,7.69800358919501e-06,0,0,42,0,0,0,0,0.391304347826087,1,NA,NA,NA,NA,0.037037037037037,0,TRUE,FALSE,229,0,27,"ns","ns",0.528287878787879,0.141449073312507
"Variovorax",0.000495485506616555,0.00174168544291062,"Variovorax","Variovorax",0,0,27,0,0,0,0,1,0,42,0.0238095238095238,0,2.85714285714286e-06,1.8516401995451e-05,1,1,NA,NA,NA,NA,-0.0238095238095238,0,FALSE,FALSE,230,0,27,"ns","ns",0.528287878787879,0.141449073312507
"Brucella",0.000465725802847274,0.00162657580390421,"Brucella","Brucella",0,0,27,0,0,0,0,1,0,42,0.0238095238095238,0,1.9047619047619e-06,1.23442679969674e-05,1,1,NA,NA,NA,NA,-0.0238095238095238,0,FALSE,FALSE,231,0,27,"ns","ns",0.528287878787879,0.141449073312507
"Enhydrobacter",0.000457027802083653,0.00152507709497623,"Enhydrobacter","Enhydrobacter",0,0,27,0,0,0,0,2,1,42,0.0476190476190476,0.0238095238095238,6.0952380952381e-05,0.000382570315703672,0.516624040920716,1,NA,NA,NA,NA,-0.0476190476190476,-0.0238095238095238,FALSE,FALSE,232,0,27,"ns","ns",0.528287878787879,0.141449073312507
"S5-A14a",0.000447846475206176,0.0013370752379602,"S5-A14a","S5-A14a",0,0,27,0,0,0,0,1,0,42,0.0238095238095238,0,9.52380952380952e-07,6.17213399848368e-06,1,1,NA,NA,NA,NA,-0.0238095238095238,0,FALSE,FALSE,233,0,27,"ns","ns",0.528287878787879,0.141449073312507
"Delftia",0.000406645783942639,0.000950864118809057,"Delftia","Delftia",0,0,27,0,0,0,0,1,0,42,0.0238095238095238,0,9.52380952380952e-07,6.17213399848368e-06,1,1,NA,NA,NA,NA,-0.0238095238095238,0,FALSE,FALSE,234,0,27,"ns","ns",0.528287878787879,0.141449073312507
"Haematobacter",0.000393646119417659,0.0010578229895423,"Haematobacter","Haematobacter",0,0,27,0,0,0,0,1,0,42,0.0238095238095238,0,9.52380952380952e-07,6.17213399848368e-06,1,1,NA,NA,NA,NA,-0.0238095238095238,0,FALSE,FALSE,235,0,27,"ns","ns",0.528287878787879,0.141449073312507
"Novosphingobium",0.000389634840223548,0.0010166215839816,"Novosphingobium","Novosphingobium",0,0,27,0,0,0,0,1,0,42,0.0238095238095238,0,2.0952380952381e-05,0.000135786947966641,1,1,NA,NA,NA,NA,-0.0238095238095238,0,FALSE,FALSE,236,0,27,"ns","ns",0.528287878787879,0.141449073312507
"Micrococcus",0.000382364246739545,0.00111674836155845,"Micrococcus","Micrococcus",0,0,27,0,0,0,0,2,1,42,0.0476190476190476,0.0238095238095238,5.52380952380952e-05,0.000271573895933282,0.516624040920716,1,NA,NA,NA,NA,-0.0476190476190476,-0.0238095238095238,FALSE,FALSE,237,0,27,"ns","ns",0.528287878787879,0.141449073312507
"Mesorhizobium",0.000371886802326743,0.00101253740060206,"Mesorhizobium","Mesorhizobium",0,0,27,0,0,0,0,1,0,42,0.0238095238095238,0,9.52380952380952e-07,6.17213399848368e-06,1,1,NA,NA,NA,NA,-0.0238095238095238,0,FALSE,FALSE,238,0,27,"ns","ns",0.528287878787879,0.141449073312507
"Sphingobacterium",0.000365791132281507,0.00133756458831502,"Sphingobacterium","Sphingobacterium",0,0,27,0,0,0,0,1,0,42,0.0238095238095238,0,9.52380952380952e-07,6.17213399848368e-06,1,1,NA,NA,NA,NA,-0.0238095238095238,0,FALSE,FALSE,239,0,27,"ns","ns",0.528287878787879,0.141449073312507
"Abiotrophia",0.000354556148444129,0.00175171097168497,"Abiotrophia","Abiotrophia",0,0,27,0,0,0,0,1,0,42,0.0238095238095238,0,1.9047619047619e-06,1.23442679969674e-05,1,1,NA,NA,NA,NA,-0.0238095238095238,0,FALSE,FALSE,240,0,27,"ns","ns",0.528287878787879,0.141449073312507
"Hydrotalea",0.000343195636016096,0.000941915836846023,"Hydrotalea","Hydrotalea",0,0,27,0,0,0,0,1,0,42,0.0238095238095238,0,8.57142857142857e-06,5.55492059863531e-05,1,1,NA,NA,NA,NA,-0.0238095238095238,0,FALSE,FALSE,241,0,27,"ns","ns",0.528287878787879,0.141449073312507
"CHKCI002",0.00033392896701656,0.000754868505854332,"CHKCI002","CHKCI002",1,0,27,0.037037037037037,0,2.96296296296296e-06,1.539600717839e-05,0,0,42,0,0,0,0,0.391304347826087,1,NA,NA,NA,NA,0.037037037037037,0,TRUE,FALSE,242,0,27,"ns","ns",0.528287878787879,0.141449073312507
"Prevotellaceae_Ga6A1_group",0.000311727135080409,0.00160236678776317,"Prevotellaceae_Ga6A1_group","Prevotellaceae_Ga6A1_group",0,0,27,0,0,0,0,1,1,42,0.0238095238095238,0.0238095238095238,0.000257142857142857,0.00166647617959059,1,1,NA,NA,NA,NA,-0.0238095238095238,-0.0238095238095238,FALSE,FALSE,243,0,27,"ns","ns",0.528287878787879,0.141449073312507
"Flavobacterium",0.000306558063269483,0.00114387186089793,"Flavobacterium","Flavobacterium",0,0,27,0,0,0,0,1,0,42,0.0238095238095238,0,9.52380952380952e-07,6.17213399848368e-06,1,1,NA,NA,NA,NA,-0.0238095238095238,0,FALSE,FALSE,244,0,27,"ns","ns",0.528287878787879,0.141449073312507
"Aeromonas",0.000296658746862047,0.00150704068624049,"Aeromonas","Aeromonas",0,0,27,0,0,0,0,1,0,42,0.0238095238095238,0,1.71428571428571e-05,0.000111098411972706,1,1,NA,NA,NA,NA,-0.0238095238095238,0,FALSE,FALSE,245,0,27,"ns","ns",0.528287878787879,0.141449073312507
"Paracoccus",0.000271259239564542,0.000911194493774392,"Paracoccus","Paracoccus",0,0,27,0,0,0,0,1,0,42,0.0238095238095238,0,9.52380952380952e-07,6.17213399848368e-06,1,1,NA,NA,NA,NA,-0.0238095238095238,0,FALSE,FALSE,246,0,27,"ns","ns",0.528287878787879,0.141449073312507
"Brevibacterium",0.000270655657000048,0.000824468452744848,"Brevibacterium","Brevibacterium",0,0,27,0,0,0,0,2,0,42,0.0476190476190476,0,5.71428571428571e-06,2.7332001893863e-05,0.516624040920716,1,NA,NA,NA,NA,-0.0476190476190476,0,FALSE,FALSE,247,0,27,"ns","ns",0.528287878787879,0.141449073312507
"Brachybacterium",0.000216853579753173,0.000555091483146411,"Brachybacterium","Brachybacterium",0,0,27,0,0,0,0,1,0,42,0.0238095238095238,0,9.52380952380952e-07,6.17213399848368e-06,1,1,NA,NA,NA,NA,-0.0238095238095238,0,FALSE,FALSE,248,0,27,"ns","ns",0.528287878787879,0.141449073312507
"Helcobacillus",0.000212940918074989,0.000598898076288334,"Helcobacillus","Helcobacillus",0,0,27,0,0,0,0,1,0,42,0.0238095238095238,0,1.9047619047619e-06,1.23442679969674e-05,1,1,NA,NA,NA,NA,-0.0238095238095238,0,FALSE,FALSE,249,0,27,"ns","ns",0.528287878787879,0.141449073312507
"Luteimonas",0.000195925789720424,0.000586501747447587,"Luteimonas","Luteimonas",0,0,27,0,0,0,0,1,0,42,0.0238095238095238,0,1.9047619047619e-06,1.23442679969674e-05,1,1,NA,NA,NA,NA,-0.0238095238095238,0,FALSE,FALSE,250,0,27,"ns","ns",0.528287878787879,0.141449073312507
"Macrococcus",0.000157660655631292,0.000577918811393057,"Macrococcus","Macrococcus",0,0,27,0,0,0,0,1,0,42,0.0238095238095238,0,1.9047619047619e-06,1.23442679969674e-05,1,1,NA,NA,NA,NA,-0.0238095238095238,0,FALSE,FALSE,251,0,27,"ns","ns",0.528287878787879,0.141449073312507
"Aureimonas",0.000149069256495571,0.000861496114396179,"Aureimonas","Aureimonas",0,0,27,0,0,0,0,1,0,42,0.0238095238095238,0,9.52380952380952e-07,6.17213399848368e-06,1,1,NA,NA,NA,NA,-0.0238095238095238,0,FALSE,FALSE,252,0,27,"ns","ns",0.528287878787879,0.141449073312507
